speaker_id	aliases	voice_type	cn_voice_name	cn_style	cn_pitch	cn_rate	cn_volume
マシュ	マシュ|家老マシュ|マシュ《ナレーター》|マシュ？|歴史研究家マシュ・キリエライト博士|修学旅行マシュ|ナレーションマシュ|マシュの声|マシュ《プロンプト》|水着新選組臨時隊士マシュ|マシュ（妄想）|ナレーション・マシュ|お茶のマシュ博士|マシュ・キリエライト	young_female	zh-CN-XiaoyouMultilingualNeural	cheerful	+6%	0.96	100
ダ・ヴィンチ	ダ・ヴィンチ|ダ・ヴィンチちゃん|ダ・ヴィンチ？|ダ・ヴィンチの声	child	zh-CN-XiaoyouMultilingualNeural	cute	+7%	1.02	100
？？？	？？？	unknown	zh-CN-XiaoxiaoNeural	chat	0%	0.98	100
ゴルドルフ	ゴルドルフ|徳川ゴルドルフ|ゴルドルフ（通信）	mature_male	zh-CN-YunzeNeural	disgruntled	-4%	0.94	100
ホームズ	ホームズ|ホームズ？	mature_male	zh-CN-YunjianNeural	serious	-2%	0.95	100
Dr.ロマン	Dr.ロマン|Dr．ロマン	young_male	zh-CN-YunxiNeural	chat	+2%	1.00	100
カドック	カドック	young_male	zh-CN-YunxiNeural	serious	0%	0.96	100
ジャンヌ・オルタ	ジャンヌ・オルタ|ジャンヌ・オルタ？	mature_female	zh-CN-XiaoruiNeural	angry	-2%	0.94	100
モリアーティ	モリアーティ	young_male	zh-CN-YunxiNeural	chat	+1%	0.99	100
エリザベート	エリザベート|エリザベート？	young_female	zh-CN-XiaoyiNeural	cheerful	+6%	1.03	100
シオン	シオン|シオン？	young_female	zh-CN-XiaohanNeural	calm	+2%	1.00	100
坂田金時	坂田金時|坂田金時？	mature_male	zh-CN-YunjianNeural	cheerful	-2%	0.96	100
武蔵	武蔵|武蔵？	mature_female	zh-CN-XiaomoNeural	cheerful	+1%	1.02	100
アルトリア	アルトリア|アルトリア？	mature_female	zh-CN-XiaoxiaoNeural	serious	0%	0.96	100
フォウ	フォウ|フォウ？	child	zh-CN-XiaoshuangNeural	chat	+10%	1.04	100
カーマ	カーマ	young_female	zh-CN-XiaomoNeural	gentle	+3%	0.95	100
刑部姫	刑部姫	young_female	zh-CN-XiaomengNeural	chat	+5%	1.03	100
モードレッド	モードレッド|モードレッド？|モードレッドの声	androgynous	zh-CN-XiaomoNeural	angry	-1%	0.98	100
オベロン	オベロン|オベロン？	androgynous	zh-CN-YunxiNeural	cheerful	0%	0.98	100
イアソン	イアソン	young_male	zh-CN-YunxiNeural	chat	+1%	1.03	100
ネモ	ネモ|ネモ？	androgynous	zh-CN-YunxiaNeural	calm	+3%	0.99	100
オルガマリー	オルガマリー|オルガマリー？	young_female	zh-CN-XiaohanNeural	angry	+2%	0.98	100
エルメロイⅡ世	エルメロイⅡ世|エルメロイⅡ世？	mature_male	zh-CN-YunjianNeural	serious	-3%	0.94	100
黒髭	黒髭|黒髭？	mature_male	zh-CN-YunfengNeural	cheerful	-2%	0.98	100
コヤンスカヤ	コヤンスカヤ	mature_female	zh-CN-XiaomoNeural	envious	+1%	0.96	100
ロビンフッド	ロビンフッド	young_male	zh-CN-YunxiNeural	chat	0%	1.00	100
紫式部	紫式部	mature_female	zh-CN-XiaohanNeural	gentle	-1%	0.95	100
イシュタル	イシュタル	young_female	zh-CN-XiaoyiNeural	cheerful	+4%	1.02	100
メドゥーサ	メドゥーサ|メドゥーサ？	mature_female	zh-CN-XiaoruiNeural	calm	-1%	0.94	100
葛飾北斎	葛飾北斎	young_female	zh-CN-XiaoyiNeural	cheerful	+5%	1.02	100
ニトクリス	ニトクリス	young_female	zh-CN-XiaohanNeural	embarrassed	+3%	1.00	100
アビゲイル	アビゲイル	child	zh-CN-XiaoshuangNeural	chat	+8%	0.98	100
ネロ	ネロ|ネロ？	young_female	zh-CN-XiaoxiaoNeural	cheerful	+5%	1.03	100
ギルガメッシュ	ギルガメッシュ	mature_male	zh-CN-YunjianNeural	serious	-3%	0.95	100
茨木童子	茨木童子	child	zh-CN-XiaoyouMultilingualNeural	cute	+8%	1.05	100
源頼光	源頼光|源頼光の声	mature_female	zh-CN-XiaoxiaoNeural	affectionate	-1%	0.94	100
ＢＢ	ＢＢ|ＢＢ？	young_female	zh-CN-XiaomengNeural	chat	+5%	1.04	100
マンドリカルド	マンドリカルド|マンドリカルド？	young_male	zh-CN-YunxiNeural	embarrassed	+1%	0.97	100
エミヤ	エミヤ	mature_male	zh-CN-YunjianNeural	serious	-3%	0.95	100
太公望	太公望	mature_male	zh-CN-YunxiNeural	narration-relaxed	-1%	0.98	100
プトレマイオス	プトレマイオス	elder_male	zh-CN-YunzeNeural	calm	-5%	0.92	100
天草四郎	天草四郎	young_male	zh-CN-YunxiaNeural	calm	+3%	0.98	100
カイニス	カイニス	androgynous	zh-CN-XiaomoNeural	angry	-2%	0.97	100
清姫	清姫|清姫？	young_female	zh-CN-XiaoyiNeural	fearful	+4%	0.99	100
清少納言	清少納言|清少納言？	young_female	zh-CN-XiaoyiNeural	cheerful	+7%	1.06	100
ジャンヌ	ジャンヌ|ジャンヌ？	mature_female	zh-CN-XiaoxiaoNeural	gentle	+1%	0.96	100
スカサハ＝スカディ	スカサハ＝スカディ	mature_female	zh-CN-XiaoruiNeural	calm	-2%	0.94	100
ラーマ	ラーマ	young_male	zh-CN-YunxiaNeural	cheerful	+3%	0.99	100
段蔵	段蔵	mature_female	zh-CN-XiaoxiaoNeural	calm	0%	0.94	100
牛若丸	牛若丸|牛若丸？	androgynous	zh-CN-XiaoyiNeural	cheerful	+3%	1.02	100
千子村正	千子村正	mature_female	zh-CN-XiaoruiNeural	calm	-2%	0.94	100
スカサハ	スカサハ	mature_male	zh-CN-YunfengNeural	serious	-2%	0.96	100
オリオン	オリオン	young_male	zh-CN-YunxiaNeural	cheerful	+3%	1.00	100
シャルロット・コルデー	シャルロット・コルデー	mature_female	zh-CN-XiaoruiNeural	calm	-2%	0.94	100
エリセ	エリセ	androgynous	zh-CN-YunxiaNeural	calm	+2%	0.99	100
ペペロンチーノ	ペペロンチーノ	mature_female	zh-CN-XiaohanNeural	calm	0%	0.97	100
メイヴ	メイヴ	mature_female	zh-CN-XiaomoNeural	calm	-1%	0.96	100
アストルフォ	アストルフォ	young_female	zh-CN-XiaomengNeural	chat	+5%	1.03	100
アスクレピオス	アスクレピオス	young_male	zh-CN-YunxiaNeural	cheerful	+3%	1.00	100
クー・フーリン	クー・フーリン	young_female	zh-CN-XiaomengNeural	chat	+5%	1.03	100
パーシヴァル	パーシヴァル	mature_male	zh-CN-YunzeNeural	calm	-4%	0.94	100
マーリン	マーリン	young_female	zh-CN-XiaomengNeural	chat	+5%	1.03	100
虞美人	虞美人	mature_male	zh-CN-YunfengNeural	serious	-2%	0.96	100
アナスタシア	アナスタシア	mature_male	zh-CN-YunfengNeural	serious	-2%	0.96	100
ナポレオン	ナポレオン	young_female	zh-CN-XiaohanNeural	gentle	+2%	0.99	100
呼延灼	呼延灼	young_male	zh-CN-YunxiaNeural	cheerful	+3%	1.00	100
ダンテ	ダンテ	androgynous	zh-CN-XiaomoNeural	calm	-1%	0.97	100
風魔小太郎	風魔小太郎	mature_female	zh-CN-XiaoruiNeural	calm	-2%	0.94	100
キルケー	キルケー	young_male	zh-CN-YunxiaNeural	cheerful	+3%	1.00	100
ガレス	ガレス	mature_male	zh-CN-YunzeNeural	calm	-4%	0.94	100
イリヤ	イリヤ	young_female	zh-CN-XiaomengNeural	chat	+5%	1.03	100
酒呑童子	酒呑童子	mature_male	zh-CN-YunzeNeural	calm	-4%	0.94	100
モレー	モレー	young_female	zh-CN-XiaomengNeural	chat	+5%	1.03	100
沖田総司	沖田総司	young_female	zh-CN-XiaohanNeural	gentle	+2%	0.99	100
三蔵	三蔵	young_male	zh-CN-YunxiaNeural	cheerful	+3%	1.00	100
武則天	武則天	androgynous	zh-CN-XiaomoNeural	calm	-1%	0.97	100
アキレウス	アキレウス	young_male	zh-CN-YunxiNeural	chat	+1%	0.99	100
ライネス	ライネス	young_male	zh-CN-YunxiaNeural	cheerful	+3%	1.00	100
カルナ	カルナ	mature_female	zh-CN-XiaoruiNeural	calm	-2%	0.94	100
トリスタン	トリスタン	androgynous	zh-CN-XiaomoNeural	calm	-1%	0.97	100
キリシュタリア	キリシュタリア	mature_female	zh-CN-XiaoxiaoNeural	gentle	0%	0.96	100
エジソン	エジソン	mature_female	zh-CN-XiaoruiNeural	calm	-2%	0.94	100
パッションリップ	パッションリップ	mature_male	zh-CN-YunfengNeural	serious	-2%	0.96	100
ゴッホ	ゴッホ	young_female	zh-CN-XiaoyiNeural	cheerful	+4%	1.02	100
エレシュキガル	エレシュキガル	androgynous	zh-CN-YunxiNeural	chat	0%	0.98	100
アルジュナ	アルジュナ	androgynous	zh-CN-XiaomoNeural	calm	-1%	0.97	100
巴御前	巴御前	young_female	zh-CN-XiaoxiaoNeural	cheerful	+3%	1.00	100
玉藻の前	玉藻の前	young_male	zh-CN-YunxiaNeural	cheerful	+3%	1.00	100
ムニエル	ムニエル	young_male	zh-CN-YunxiNeural	chat	+1%	0.99	100
バーソロミュー	バーソロミュー	mature_female	zh-CN-XiaohanNeural	calm	0%	0.97	100
シグルド	シグルド	androgynous	zh-CN-XiaomoNeural	calm	-1%	0.97	100
徐福	徐福	mature_female	zh-CN-XiaohanNeural	calm	0%	0.97	100
織田信長	織田信長	mature_female	zh-CN-XiaoxiaoNeural	gentle	0%	0.96	100
サリエリ	サリエリ	mature_female	zh-CN-XiaoruiNeural	calm	-2%	0.94	100
ヴラド三世	ヴラド三世	young_male	zh-CN-YunxiNeural	chat	+1%	0.99	100
ハベトロット	ハベトロット	mature_female	zh-CN-XiaoxiaoNeural	gentle	0%	0.96	100
シェヘラザード	シェヘラザード	androgynous	zh-CN-XiaomoNeural	calm	-1%	0.97	100
マリー	マリー	young_male	zh-CN-YunxiaNeural	cheerful	+3%	1.00	100
宮本伊織	宮本伊織	mature_male	zh-CN-YunjianNeural	serious	-3%	0.95	100
マルタ	マルタ	young_male	zh-CN-YunxiNeural	chat	+1%	0.99	100
エルキドゥ	エルキドゥ	young_female	zh-CN-XiaomengNeural	chat	+5%	1.03	100
高杉晋作	高杉晋作	young_female	zh-CN-XiaoyiNeural	cheerful	+4%	1.02	100
エレナ	エレナ	mature_male	zh-CN-YunfengNeural	serious	-2%	0.96	100
テペウ	テペウ	young_male	zh-CN-YunxiaNeural	cheerful	+3%	1.00	100
クリームヒルト	クリームヒルト	young_female	zh-CN-XiaoyiNeural	cheerful	+4%	1.02	100
伊吹童子	伊吹童子	androgynous	zh-CN-XiaomoNeural	calm	-1%	0.97	100
ヨハンナ	ヨハンナ	mature_male	zh-CN-YunzeNeural	calm	-4%	0.94	100
オデュッセウス	オデュッセウス	young_female	zh-CN-XiaomengNeural	chat	+5%	1.03	100
鈴鹿御前	鈴鹿御前	mature_male	zh-CN-YunjianNeural	serious	-3%	0.95	100
アンデルセン	アンデルセン	young_female	zh-CN-XiaoyiNeural	cheerful	+4%	1.02	100
長尾景虎	長尾景虎	young_male	zh-CN-YunxiaNeural	cheerful	+3%	1.00	100
Ｘ・オルタ	Ｘ・オルタ	mature_female	zh-CN-XiaohanNeural	calm	0%	0.97	100
ガネーシャ	ガネーシャ	mature_female	zh-CN-XiaoruiNeural	calm	-2%	0.94	100
フェルグス	フェルグス	androgynous	zh-CN-XiaomoNeural	calm	-1%	0.97	100
坂本龍馬	坂本龍馬	mature_female	zh-CN-XiaoruiNeural	calm	-2%	0.94	100
Ｓイシュタル	Ｓイシュタル	androgynous	zh-CN-YunxiNeural	chat	0%	0.98	100
サンソン	サンソン	androgynous	zh-CN-XiaomoNeural	calm	-1%	0.97	100
ナイチンゲール	ナイチンゲール	young_male	zh-CN-YunxiaNeural	cheerful	+3%	1.00	100
燕青	燕青	young_female	zh-CN-XiaomengNeural	chat	+5%	1.03	100
岸波白野	岸波白野	young_female	zh-CN-XiaoxiaoNeural	cheerful	+3%	1.00	100
フローラ	フローラ	mature_male	zh-CN-YunzeNeural	calm	-4%	0.94	100
ニキチッチ	ニキチッチ	young_female	zh-CN-XiaoyiNeural	cheerful	+4%	1.02	100
アマゾネスＣＥＯ	アマゾネスＣＥＯ	mature_female	zh-CN-XiaohanNeural	calm	0%	0.97	100
ブリュンヒルデ	ブリュンヒルデ	mature_female	zh-CN-XiaoxiaoNeural	gentle	0%	0.96	100
殺生院キアラ	殺生院キアラ	mature_male	zh-CN-YunfengNeural	serious	-2%	0.96	100
パールヴァティー	パールヴァティー	mature_male	zh-CN-YunjianNeural	serious	-3%	0.95	100
斎藤一	斎藤一	young_male	zh-CN-YunxiNeural	chat	+1%	0.99	100
ナーサリー・ライム	ナーサリー・ライム	young_male	zh-CN-YunxiaNeural	cheerful	+3%	1.00	100
Ｘ	Ｘ	young_female	zh-CN-XiaomengNeural	chat	+5%	1.03	100
メカエリチャン	メカエリチャン	mature_male	zh-CN-YunfengNeural	serious	-2%	0.96	100
ブラダマンテ	ブラダマンテ	young_male	zh-CN-YunxiNeural	chat	+1%	0.99	100
ドゥリーヨダナ	ドゥリーヨダナ	young_female	zh-CN-XiaohanNeural	gentle	+2%	0.99	100
ジークフリート	ジークフリート	young_female	zh-CN-XiaoyiNeural	cheerful	+4%	1.02	100
グレイ	グレイ	young_female	zh-CN-XiaomengNeural	chat	+5%	1.03	100
メルトリリス	メルトリリス	mature_male	zh-CN-YunzeNeural	calm	-4%	0.94	100
クロエ	クロエ	androgynous	zh-CN-XiaomoNeural	calm	-1%	0.97	100
ブーディカ	ブーディカ	young_male	zh-CN-YunxiNeural	chat	+1%	0.99	100
ケイローン	ケイローン	young_female	zh-CN-XiaohanNeural	gentle	+2%	0.99	100
沖田オルタ	沖田オルタ	young_male	zh-CN-YunxiaNeural	cheerful	+3%	1.00	100
オジマンディアス	オジマンディアス	androgynous	zh-CN-XiaomoNeural	calm	-1%	0.97	100
メタトロン・ジャンヌ	メタトロン・ジャンヌ	androgynous	zh-CN-YunxiaNeural	calm	+2%	0.99	100
ビリー	ビリー	young_female	zh-CN-XiaoxiaoNeural	cheerful	+3%	1.00	100
クレオパトラ	クレオパトラ	mature_male	zh-CN-YunjianNeural	serious	-3%	0.95	100
バーゲスト	バーゲスト	mature_male	zh-CN-YunfengNeural	serious	-2%	0.96	100
ビショーネ	ビショーネ	mature_female	zh-CN-XiaoruiNeural	calm	-2%	0.94	100
Ｕ－オルガマリー	Ｕ－オルガマリー	mature_female	zh-CN-XiaoruiNeural	calm	-2%	0.94	100
ベディヴィエール	ベディヴィエール	young_female	zh-CN-XiaomengNeural	chat	+5%	1.03	100
哪吒	哪吒	mature_female	zh-CN-XiaohanNeural	calm	0%	0.97	100
ドレイク	ドレイク	mature_female	zh-CN-XiaoxiaoNeural	gentle	0%	0.96	100
アストライア	アストライア	young_male	zh-CN-YunxiNeural	chat	+1%	0.99	100
シャルルマーニュ	シャルルマーニュ	mature_male	zh-CN-YunzeNeural	calm	-4%	0.94	100
シェイクスピア	シェイクスピア	androgynous	zh-CN-XiaomoNeural	calm	-1%	0.97	100
ジーク	ジーク	young_male	zh-CN-YunxiaNeural	cheerful	+3%	1.00	100
ジャガーマン	ジャガーマン	androgynous	zh-CN-YunxiNeural	chat	0%	0.98	100
アタランテ・オルタ	アタランテ・オルタ	mature_female	zh-CN-XiaoruiNeural	calm	-2%	0.94	100
おみぃさん	おみぃさん	young_male	zh-CN-YunxiaNeural	cheerful	+3%	1.00	100
ガウェイン	ガウェイン	mature_female	zh-CN-XiaoruiNeural	calm	-2%	0.94	100
ヴリトラ	ヴリトラ	young_male	zh-CN-YunxiNeural	chat	+1%	0.99	100
ノッブ	ノッブ	mature_male	zh-CN-YunjianNeural	serious	-3%	0.95	100
タマモキャット	タマモキャット	androgynous	zh-CN-XiaomoNeural	calm	-1%	0.97	100
ヘクトール	ヘクトール	mature_female	zh-CN-XiaohanNeural	calm	0%	0.97	100
荊軻	荊軻	young_male	zh-CN-YunxiaNeural	cheerful	+3%	1.00	100
ジェロニモ	ジェロニモ	androgynous	zh-CN-XiaomoNeural	calm	-1%	0.97	100
シトナイ	シトナイ	mature_female	zh-CN-XiaoxiaoNeural	gentle	0%	0.96	100
カズラドロップ	カズラドロップ	mature_female	zh-CN-XiaoruiNeural	calm	-2%	0.94	100
楊貴妃	楊貴妃	young_male	zh-CN-YunxiNeural	chat	+1%	0.99	100
紅閻魔	紅閻魔	young_female	zh-CN-XiaoyiNeural	cheerful	+4%	1.02	100
アルトリア・キャスター	アルトリア・キャスター	mature_female	zh-CN-XiaoxiaoNeural	gentle	0%	0.96	100
岡田以蔵	岡田以蔵	androgynous	zh-CN-XiaomoNeural	calm	-1%	0.97	100
柳生但馬守	柳生但馬守	young_female	zh-CN-XiaomengNeural	chat	+5%	1.03	100
ＢＢコスモ	ＢＢコスモ	young_female	zh-CN-XiaoyiNeural	cheerful	+4%	1.02	100
アルトリア・オルタ	アルトリア・オルタ	young_female	zh-CN-XiaomengNeural	chat	+5%	1.03	100
ケツァル・コアトル	ケツァル・コアトル	androgynous	zh-CN-YunxiNeural	chat	0%	0.98	100
デオン	デオン	young_female	zh-CN-XiaoyiNeural	cheerful	+4%	1.02	100
カエサル	カエサル	androgynous	zh-CN-XiaomoNeural	calm	-1%	0.97	100
テスカトリポカ	テスカトリポカ	mature_male	zh-CN-YunzeNeural	calm	-4%	0.94	100
鬼一法眼	鬼一法眼	young_female	zh-CN-XiaohanNeural	gentle	+2%	0.99	100
蒼崎青子	蒼崎青子	mature_female	zh-CN-XiaohanNeural	calm	0%	0.97	100
張角	張角	mature_female	zh-CN-XiaoruiNeural	calm	-2%	0.94	100
ボイジャー	ボイジャー	young_male	zh-CN-YunxiaNeural	cheerful	+3%	1.00	100
カレン	カレン	young_female	zh-CN-XiaoyiNeural	cheerful	+4%	1.02	100
セミラミス	セミラミス	young_male	zh-CN-YunxiaNeural	cheerful	+3%	1.00	100
ジャンヌ・オルタ・サンタ・リリィ	ジャンヌ・オルタ・サンタ・リリィ	mature_male	zh-CN-YunfengNeural	serious	-2%	0.96	100
コロンブス	コロンブス	mature_male	zh-CN-YunfengNeural	serious	-2%	0.96	100
マタ・ハリ	マタ・ハリ	young_male	zh-CN-YunxiNeural	chat	+1%	0.99	100
ラクシュミー	ラクシュミー	young_male	zh-CN-YunxiNeural	chat	+1%	0.99	100
サンチョ	サンチョ	mature_female	zh-CN-XiaoxiaoNeural	gentle	0%	0.96	100
スーパーバニヤン	スーパーバニヤン	mature_male	zh-CN-YunzeNeural	calm	-4%	0.94	100
アルテラサンタ	アルテラサンタ	mature_male	zh-CN-YunjianNeural	serious	-3%	0.95	100
カーミラ	カーミラ	young_male	zh-CN-YunxiaNeural	cheerful	+3%	1.00	100
ドラコー	ドラコー	young_female	zh-CN-XiaomengNeural	chat	+5%	1.03	100
リリス	リリス	mature_male	zh-CN-YunjianNeural	serious	-3%	0.95	100
アシュヴァッターマン	アシュヴァッターマン	mature_male	zh-CN-YunzeNeural	calm	-4%	0.94	100
アヴィケブロン	アヴィケブロン	androgynous	zh-CN-XiaomoNeural	calm	-1%	0.97	100
クー・フーリン・オルタ	クー・フーリン・オルタ	young_female	zh-CN-XiaoyiNeural	cheerful	+4%	1.02	100
ミス・クレーン	ミス・クレーン	young_female	zh-CN-XiaomengNeural	chat	+5%	1.03	100
ヤマトタケル	ヤマトタケル	young_male	zh-CN-YunxiaNeural	cheerful	+3%	1.00	100
エミヤ・オルタ	エミヤ・オルタ	mature_female	zh-CN-XiaohanNeural	calm	0%	0.97	100
ベリル	ベリル	young_male	zh-CN-YunxiNeural	chat	+1%	0.99	100
シバの女王	シバの女王	mature_male	zh-CN-YunfengNeural	serious	-2%	0.96	100
アルテミス	アルテミス	mature_male	zh-CN-YunzeNeural	calm	-4%	0.94	100
ランスロット	ランスロット	mature_male	zh-CN-YunfengNeural	serious	-2%	0.96	100
始皇帝	始皇帝	androgynous	zh-CN-XiaomoNeural	calm	-1%	0.97	100
ラムダ	ラムダ	androgynous	zh-CN-XiaomoNeural	calm	-1%	0.97	100
レディ・アヴァロン	レディ・アヴァロン	young_female	zh-CN-XiaoxiaoNeural	cheerful	+3%	1.00	100
パツシィ	パツシィ	androgynous	zh-CN-YunxiaNeural	calm	+2%	0.99	100
ニコラ・テスラ	ニコラ・テスラ	androgynous	zh-CN-YunxiNeural	chat	0%	0.98	100
徴側	徴側	mature_male	zh-CN-YunjianNeural	serious	-3%	0.95	100
織田信勝	織田信勝	young_male	zh-CN-YunxiaNeural	cheerful	+3%	1.00	100
望月千代女	望月千代女	androgynous	zh-CN-XiaomoNeural	calm	-1%	0.97	100
ビーマ	ビーマ	mature_female	zh-CN-XiaoruiNeural	calm	-2%	0.94	100
アーラシュ	アーラシュ	mature_male	zh-CN-YunfengNeural	serious	-2%	0.96	100
新宿のアーチャー	新宿のアーチャー	young_female	zh-CN-XiaoyiNeural	cheerful	+4%	1.02	100
ノクナレア	ノクナレア	young_male	zh-CN-YunxiNeural	chat	+1%	0.99	100
ディルムッド	ディルムッド	mature_male	zh-CN-YunzeNeural	calm	-4%	0.94	100
アーユス	アーユス	young_female	zh-CN-XiaomengNeural	chat	+5%	1.03	100
ゼノビア	ゼノビア	mature_female	zh-CN-XiaohanNeural	calm	0%	0.97	100
ネモ・マリーン	ネモ・マリーン	young_male	zh-CN-YunxiNeural	chat	+1%	0.99	100
茶々	茶々	mature_male	zh-CN-YunjianNeural	serious	-3%	0.95	100
卑弥呼	卑弥呼	young_male	zh-CN-YunxiaNeural	cheerful	+3%	1.00	100
モルガン	モルガン	androgynous	zh-CN-XiaomoNeural	calm	-1%	0.97	100
ベオウルフ	ベオウルフ	mature_female	zh-CN-XiaoruiNeural	calm	-2%	0.94	100
セタンタ	セタンタ	mature_female	zh-CN-XiaoxiaoNeural	gentle	0%	0.96	100
ワンジナ	ワンジナ	androgynous	zh-CN-XiaomoNeural	calm	-1%	0.97	100
テュフォン・エフェメロス	テュフォン・エフェメロス	young_female	zh-CN-XiaomengNeural	chat	+5%	1.03	100
ロウヒ	ロウヒ	androgynous	zh-CN-XiaomoNeural	calm	-1%	0.97	100
巌窟王	巌窟王	androgynous	zh-CN-YunxiaNeural	calm	+2%	0.99	100
オフェリア	オフェリア	young_female	zh-CN-XiaoyiNeural	cheerful	+4%	1.02	100
バーヴァン・シー	バーヴァン・シー	mature_male	zh-CN-YunzeNeural	calm	-4%	0.94	100
メディア	メディア	androgynous	zh-CN-YunxiNeural	chat	0%	0.98	100
ククルカン	ククルカン	mature_male	zh-CN-YunfengNeural	serious	-2%	0.96	100
マカリオス	マカリオス	young_male	zh-CN-YunxiNeural	chat	+1%	0.99	100
ＢＢドバイ	ＢＢドバイ	mature_male	zh-CN-YunjianNeural	serious	-3%	0.95	100
ティアマト	ティアマト	young_male	zh-CN-YunxiaNeural	cheerful	+3%	1.00	100
メディア・リリィ	メディア・リリィ	mature_female	zh-CN-XiaoruiNeural	calm	-2%	0.94	100
ジャック	ジャック	mature_male	zh-CN-YunfengNeural	serious	-2%	0.96	100
パラケルスス	パラケルスス	young_female	zh-CN-XiaohanNeural	gentle	+2%	0.99	100
フランソワ	フランソワ	young_male	zh-CN-YunxiaNeural	cheerful	+3%	1.00	100
ジュネス	ジュネス	androgynous	zh-CN-XiaomoNeural	calm	-1%	0.97	100
春日局	春日局	young_female	zh-CN-XiaoyiNeural	cheerful	+4%	1.02	100
アンドロメダ	アンドロメダ	young_male	zh-CN-YunxiNeural	chat	+1%	0.99	100
蘭陵王	蘭陵王	androgynous	zh-CN-XiaomoNeural	calm	-1%	0.97	100
武田晴信	武田晴信	young_male	zh-CN-YunxiaNeural	cheerful	+3%	1.00	100
土方歳三	土方歳三	androgynous	zh-CN-YunxiNeural	chat	0%	0.98	100
呪腕のハサン	呪腕のハサン	mature_male	zh-CN-YunjianNeural	serious	-3%	0.95	100
エレシュキガル・オルタ	エレシュキガル・オルタ	mature_female	zh-CN-XiaoxiaoNeural	gentle	0%	0.96	100
ヒッポリュテ	ヒッポリュテ	mature_male	zh-CN-YunzeNeural	calm	-4%	0.94	100
壱与	壱与	mature_male	zh-CN-YunzeNeural	calm	-4%	0.94	100
メフィストフェレス	メフィストフェレス	young_female	zh-CN-XiaomengNeural	chat	+5%	1.03	100
アス	アス	young_female	zh-CN-XiaomengNeural	chat	+5%	1.03	100
インドラ	インドラ	young_male	zh-CN-YunxiNeural	chat	+1%	0.99	100
バゼット	バゼット	mature_female	zh-CN-XiaoruiNeural	calm	-2%	0.94	100
ジキル	ジキル	mature_female	zh-CN-XiaoxiaoNeural	gentle	0%	0.96	100
李書文	李書文	mature_male	zh-CN-YunjianNeural	serious	-3%	0.95	100
千利休	千利休	androgynous	zh-CN-XiaomoNeural	calm	-1%	0.97	100
森長可	森長可	young_male	zh-CN-YunxiaNeural	cheerful	+3%	1.00	100
ジェーン	ジェーン	young_male	zh-CN-YunxiNeural	chat	+1%	0.99	100
エウリュアレ	エウリュアレ	mature_male	zh-CN-YunfengNeural	serious	-2%	0.96	100
パリス	パリス	androgynous	zh-CN-XiaomoNeural	calm	-1%	0.97	100
アマデウス	アマデウス	young_male	zh-CN-YunxiaNeural	cheerful	+3%	1.00	100
ソロモン	ソロモン	androgynous	zh-CN-XiaomoNeural	calm	-1%	0.97	100
デメテル	デメテル	young_female	zh-CN-XiaohanNeural	gentle	+2%	0.99	100
黒姫	黒姫	mature_male	zh-CN-YunjianNeural	serious	-3%	0.95	100
コンスタンティノス	コンスタンティノス	young_male	zh-CN-YunxiaNeural	cheerful	+3%	1.00	100
山南敬助	山南敬助	young_female	zh-CN-XiaoyiNeural	cheerful	+4%	1.02	100
ドン・キホーテ	ドン・キホーテ	young_female	zh-CN-XiaohanNeural	gentle	+2%	0.99	100
蘆屋道満	蘆屋道満	mature_female	zh-CN-XiaoruiNeural	calm	-2%	0.94	100
ガラテア	ガラテア	mature_female	zh-CN-XiaoxiaoNeural	gentle	0%	0.96	100
ラスプーチン	ラスプーチン	androgynous	zh-CN-YunxiNeural	chat	0%	0.98	100
九紋竜エリザ	九紋竜エリザ	mature_female	zh-CN-XiaoruiNeural	calm	-2%	0.94	100
子ギル	子ギル	young_female	zh-CN-XiaomengNeural	chat	+5%	1.03	100
由井正雪	由井正雪	mature_female	zh-CN-XiaohanNeural	calm	0%	0.97	100
河上彦斎	河上彦斎	androgynous	zh-CN-XiaomoNeural	calm	-1%	0.97	100
ヒロインＸＸ	ヒロインＸＸ	androgynous	zh-CN-YunxiNeural	chat	0%	0.98	100
バベッジ	バベッジ	young_female	zh-CN-XiaoyiNeural	cheerful	+4%	1.02	100
リンボ	リンボ	mature_male	zh-CN-YunzeNeural	calm	-4%	0.94	100
渡辺綱	渡辺綱	mature_female	zh-CN-XiaoxiaoNeural	gentle	0%	0.96	100
ロクスタ	ロクスタ	young_female	zh-CN-XiaoyiNeural	cheerful	+4%	1.02	100
サンタマルタ	サンタマルタ	androgynous	zh-CN-YunxiaNeural	calm	+2%	0.99	100
ネモ・プロフェッサー	ネモ・プロフェッサー	mature_female	zh-CN-XiaoxiaoNeural	gentle	0%	0.96	100
杉谷善住坊	杉谷善住坊	mature_male	zh-CN-YunfengNeural	serious	-2%	0.96	100
花咲翁	花咲翁	mature_female	zh-CN-XiaoruiNeural	calm	-2%	0.94	100
永倉新八	永倉新八	mature_male	zh-CN-YunzeNeural	calm	-4%	0.94	100
スルーズ	スルーズ	young_male	zh-CN-YunxiNeural	chat	+1%	0.99	100
弁慶	弁慶	androgynous	zh-CN-XiaomoNeural	calm	-1%	0.97	100
出雲阿国	出雲阿国	young_female	zh-CN-XiaomengNeural	chat	+5%	1.03	100
煉獄	煉獄	mature_female	zh-CN-XiaohanNeural	calm	0%	0.97	100
アルジュナ・オルタ	アルジュナ・オルタ	young_female	zh-CN-XiaomengNeural	chat	+5%	1.03	100
ダビデ	ダビデ	androgynous	zh-CN-YunxiaNeural	calm	+2%	0.99	100
神父	神父	mature_female	zh-CN-XiaoxiaoNeural	gentle	0%	0.96	100
蛇竜人	蛇竜人	mature_female	zh-CN-XiaohanNeural	calm	0%	0.97	100
ゲオルギウス	ゲオルギウス	young_female	zh-CN-XiaoyiNeural	cheerful	+4%	1.02	100
フラン	フラン	young_female	zh-CN-XiaoyiNeural	cheerful	+4%	1.02	100
胤舜	胤舜	androgynous	zh-CN-XiaomoNeural	calm	-1%	0.97	100
両儀式	両儀式	young_female	zh-CN-XiaomengNeural	chat	+5%	1.03	100
ペンテシレイア	ペンテシレイア	androgynous	zh-CN-YunxiaNeural	calm	+2%	0.99	100
イスカンダル	イスカンダル	mature_male	zh-CN-YunfengNeural	serious	-2%	0.96	100
ラニ＝ⅩⅡ	ラニ＝ⅩⅡ	young_female	zh-CN-XiaoyiNeural	cheerful	+4%	1.02	100
アナウンス	アナウンス	young_male	zh-CN-YunxiNeural	chat	+1%	0.99	100
ジナコ	ジナコ	androgynous	zh-CN-XiaomoNeural	calm	-1%	0.97	100
アン	アン	mature_female	zh-CN-XiaoruiNeural	calm	-2%	0.94	100
メアリー	メアリー	mature_male	zh-CN-YunjianNeural	serious	-3%	0.95	100
久遠寺有珠	久遠寺有珠	young_male	zh-CN-YunxiaNeural	cheerful	+3%	1.00	100
アタランテ	アタランテ	androgynous	zh-CN-XiaomoNeural	calm	-1%	0.97	100
ツタンカーメン	ツタンカーメン	mature_female	zh-CN-XiaohanNeural	calm	0%	0.97	100
サンタオルタ	サンタオルタ	young_male	zh-CN-YunxiNeural	chat	+1%	0.99	100
静謐のハサン	静謐のハサン	young_male	zh-CN-YunxiNeural	chat	+1%	0.99	100
大統領	大統領	mature_female	zh-CN-XiaoruiNeural	calm	-2%	0.94	100
サロメ	サロメ	young_male	zh-CN-YunxiaNeural	cheerful	+3%	1.00	100
リチャード	リチャード	mature_female	zh-CN-XiaoxiaoNeural	gentle	0%	0.96	100
槻司鳶丸	槻司鳶丸	mature_female	zh-CN-XiaoruiNeural	calm	-2%	0.94	100
藤堂平助	藤堂平助	androgynous	zh-CN-XiaomoNeural	calm	-1%	0.97	100
近藤勇	近藤勇	androgynous	zh-CN-XiaomoNeural	calm	-1%	0.97	100
平景清	平景清	young_female	zh-CN-XiaomengNeural	chat	+5%	1.03	100
アデーレ	アデーレ	mature_female	zh-CN-XiaohanNeural	calm	0%	0.97	100
ライダー	ライダー	young_male	zh-CN-YunxiNeural	chat	+1%	0.99	100
曲亭馬琴	曲亭馬琴	young_male	zh-CN-YunxiaNeural	cheerful	+3%	1.00	100
百貌のハサン	百貌のハサン	young_male	zh-CN-YunxiaNeural	cheerful	+3%	1.00	100
徴弐	徴弐	androgynous	zh-CN-XiaomoNeural	calm	-1%	0.97	100
ルビー	ルビー	young_male	zh-CN-YunxiNeural	chat	+1%	0.99	100
裁判長	裁判長	mature_female	zh-CN-XiaoxiaoNeural	gentle	0%	0.96	100
メカエリチャンⅡ号機	メカエリチャンⅡ号機	androgynous	zh-CN-XiaomoNeural	calm	-1%	0.97	100
殺生院リリィ	殺生院リリィ	androgynous	zh-CN-YunxiNeural	chat	0%	0.98	100
新宿のアサシン	新宿のアサシン	androgynous	zh-CN-YunxiaNeural	calm	+2%	0.99	100
蘭丸Ｘ	蘭丸Ｘ	mature_male	zh-CN-YunfengNeural	serious	-2%	0.96	100
アヴェンジャー	アヴェンジャー	androgynous	zh-CN-YunxiaNeural	calm	+2%	0.99	100
ディオスクロイ・カストロ	ディオスクロイ・カストロ	androgynous	zh-CN-YunxiNeural	chat	0%	0.98	100
原田左之助	原田左之助	mature_female	zh-CN-XiaohanNeural	calm	0%	0.97	100
アシュタレト	アシュタレト	young_male	zh-CN-YunxiNeural	chat	+1%	0.99	100
サンタカルナ	サンタカルナ	young_male	zh-CN-YunxiaNeural	cheerful	+3%	1.00	100
ヘファイストス	ヘファイストス	mature_female	zh-CN-XiaoruiNeural	calm	-2%	0.94	100
アーサー	アーサー	mature_female	zh-CN-XiaoxiaoNeural	gentle	0%	0.96	100
黄飛虎	黄飛虎	young_male	zh-CN-YunxiaNeural	cheerful	+3%	1.00	100
小野小町	小野小町	young_male	zh-CN-YunxiNeural	chat	+1%	0.99	100
伊東甲子太郎	伊東甲子太郎	mature_male	zh-CN-YunzeNeural	calm	-4%	0.94	100
デイビット	デイビット	mature_female	zh-CN-XiaohanNeural	calm	0%	0.97	100
美遊	美遊	androgynous	zh-CN-XiaomoNeural	calm	-1%	0.97	100
アルテラ	アルテラ	mature_male	zh-CN-YunjianNeural	serious	-3%	0.95	100
賢人グリム	賢人グリム	young_female	zh-CN-XiaoyiNeural	cheerful	+4%	1.02	100
言峰綺礼	言峰綺礼	androgynous	zh-CN-XiaomoNeural	calm	-1%	0.97	100
スパルタクス	スパルタクス	young_female	zh-CN-XiaomengNeural	chat	+5%	1.03	100
ゴルゴーン	ゴルゴーン	mature_female	zh-CN-XiaoxiaoNeural	gentle	0%	0.96	100
俵藤太	俵藤太	young_male	zh-CN-YunxiaNeural	cheerful	+3%	1.00	100
キングプロテア	キングプロテア	androgynous	zh-CN-XiaomoNeural	calm	-1%	0.97	100
テノチティトラン	テノチティトラン	androgynous	zh-CN-XiaomoNeural	calm	-1%	0.97	100
テル	テル	young_female	zh-CN-XiaoyiNeural	cheerful	+4%	1.02	100
ジル	ジル	mature_female	zh-CN-XiaoruiNeural	calm	-2%	0.94	100
ムリアン	ムリアン	young_male	zh-CN-YunxiNeural	chat	+1%	0.99	100
秦良玉	秦良玉	androgynous	zh-CN-YunxiaNeural	calm	+2%	0.99	100
なぎこ	なぎこ	mature_female	zh-CN-XiaoxiaoNeural	gentle	0%	0.96	100
オキタ・Ｊ・ソウジ	オキタ・Ｊ・ソウジ	young_female	zh-CN-XiaomengNeural	chat	+5%	1.03	100
ローラン	ローラン	androgynous	zh-CN-YunxiNeural	chat	0%	0.98	100
静希草十郎	静希草十郎	young_male	zh-CN-YunxiNeural	chat	+1%	0.99	100
イヴァン雷帝	イヴァン雷帝	mature_female	zh-CN-XiaohanNeural	calm	0%	0.97	100
エウロペ	エウロペ	young_female	zh-CN-XiaomengNeural	chat	+5%	1.03	100
Ⅱ号機	Ⅱ号機	mature_male	zh-CN-YunfengNeural	serious	-2%	0.96	100
ハサン	ハサン	mature_male	zh-CN-YunjianNeural	serious	-3%	0.95	100
ゼウス	ゼウス	young_male	zh-CN-YunxiaNeural	cheerful	+3%	1.00	100
妖精騎士ランスロット	妖精騎士ランスロット	androgynous	zh-CN-XiaomoNeural	calm	-1%	0.97	100
お栄	お栄	mature_female	zh-CN-XiaoruiNeural	calm	-2%	0.94	100
ＸＸ・オルタ	ＸＸ・オルタ	mature_male	zh-CN-YunzeNeural	calm	-4%	0.94	100
マリー・オルタ	マリー・オルタ	young_male	zh-CN-YunxiNeural	chat	+1%	0.99	100
お竜さん	お竜さん	mature_female	zh-CN-XiaoruiNeural	calm	-2%	0.94	100
うりぼう	うりぼう	androgynous	zh-CN-XiaomoNeural	calm	-1%	0.97	100
ナイチンゲール・サンタ	ナイチンゲール・サンタ	young_male	zh-CN-YunxiaNeural	cheerful	+3%	1.00	100
フィン・マックール	フィン・マックール	young_male	zh-CN-YunxiNeural	chat	+1%	0.99	100
オルトリンデ	オルトリンデ	androgynous	zh-CN-XiaomoNeural	calm	-1%	0.97	100
マナナン	マナナン	androgynous	zh-CN-XiaomoNeural	calm	-1%	0.97	100
トネリコ	トネリコ	young_female	zh-CN-XiaoyiNeural	cheerful	+4%	1.02	100
男	男	young_male	zh-CN-YunxiaNeural	cheerful	+3%	1.00	100
マリー・アントワネット	マリー・アントワネット	androgynous	zh-CN-YunxiNeural	chat	0%	0.98	100
キャスター	キャスター	mature_female	zh-CN-XiaohanNeural	calm	0%	0.97	100
アイリーン	アイリーン	young_female	zh-CN-XiaoyiNeural	cheerful	+4%	1.02	100
二人	二人	young_female	zh-CN-XiaomengNeural	chat	+5%	1.03	100
アレキサンダー	アレキサンダー	young_male	zh-CN-YunxiaNeural	cheerful	+3%	1.00	100
カリギュラ	カリギュラ	mature_female	zh-CN-XiaoxiaoNeural	gentle	0%	0.96	100
巌窟王モンテ・クリスト	巌窟王モンテ・クリスト	young_female	zh-CN-XiaoyiNeural	cheerful	+4%	1.02	100
ネモサンタ	ネモサンタ	young_male	zh-CN-YunxiaNeural	cheerful	+3%	1.00	100
松永弾正	松永弾正	mature_male	zh-CN-YunzeNeural	calm	-4%	0.94	100
レオニダス	レオニダス	mature_male	zh-CN-YunfengNeural	serious	-2%	0.96	100
サクラ	サクラ	mature_male	zh-CN-YunjianNeural	serious	-3%	0.95	100
カリオストロ	カリオストロ	mature_female	zh-CN-XiaohanNeural	calm	0%	0.97	100
丑御前	丑御前	young_female	zh-CN-XiaomengNeural	chat	+5%	1.03	100
ドゥムジ	ドゥムジ	young_male	zh-CN-YunxiNeural	chat	+1%	0.99	100
バニヤン	バニヤン	mature_female	zh-CN-XiaoxiaoNeural	gentle	0%	0.96	100
アステリオス	アステリオス	mature_male	zh-CN-YunfengNeural	serious	-2%	0.96	100
ペペロン伯爵	ペペロン伯爵	mature_female	zh-CN-XiaoruiNeural	calm	-2%	0.94	100
項羽	項羽	mature_male	zh-CN-YunzeNeural	calm	-4%	0.94	100
お路	お路	young_female	zh-CN-XiaomengNeural	chat	+5%	1.03	100
ときこ	ときこ	young_female	zh-CN-XiaoyiNeural	cheerful	+4%	1.02	100
イスカリ	イスカリ	mature_male	zh-CN-YunjianNeural	serious	-3%	0.95	100
謎の代行者C.I.E.L	謎の代行者C.I.E.L	mature_male	zh-CN-YunzeNeural	calm	-4%	0.94	100
ステンノ	ステンノ	androgynous	zh-CN-XiaomoNeural	calm	-1%	0.97	100
フェイカー	フェイカー	mature_female	zh-CN-XiaoxiaoNeural	gentle	0%	0.96	100
赤兎	赤兎	mature_female	zh-CN-XiaoruiNeural	calm	-2%	0.94	100
ゲルダ	ゲルダ	mature_male	zh-CN-YunfengNeural	serious	-2%	0.96	100
オベロン・ヴォーティガーン	オベロン・ヴォーティガーン	androgynous	zh-CN-XiaomoNeural	calm	-1%	0.97	100
クロード	クロード	androgynous	zh-CN-YunxiaNeural	calm	+2%	0.99	100
沖田	沖田	mature_female	zh-CN-XiaohanNeural	calm	0%	0.97	100
紅玉の書	紅玉の書	mature_male	zh-CN-YunjianNeural	serious	-3%	0.95	100
アポロン	アポロン	young_male	zh-CN-YunxiNeural	chat	+1%	0.99	100
ヒルド	ヒルド	androgynous	zh-CN-XiaomoNeural	calm	-1%	0.97	100
ハサラ	ハサラ	young_male	zh-CN-YunxiaNeural	cheerful	+3%	1.00	100
モレーちゃん	モレーちゃん	young_male	zh-CN-YunxiNeural	chat	+1%	0.99	100
桂木千鍵	桂木千鍵	young_male	zh-CN-YunxiaNeural	cheerful	+3%	1.00	100
マリスビリー	マリスビリー	androgynous	zh-CN-XiaomoNeural	calm	-1%	0.97	100
大黒天	大黒天	young_female	zh-CN-XiaomengNeural	chat	+5%	1.03	100
コン	コン	mature_female	zh-CN-XiaohanNeural	calm	0%	0.97	100
アイリスフィール	アイリスフィール	androgynous	zh-CN-XiaomoNeural	calm	-1%	0.97	100
人工知能	人工知能	young_female	zh-CN-XiaoyiNeural	cheerful	+4%	1.02	100
小次郎	小次郎	young_male	zh-CN-YunxiNeural	chat	+1%	0.99	100
ウッドワス	ウッドワス	androgynous	zh-CN-XiaomoNeural	calm	-1%	0.97	100
キングプロテア・オルタ	キングプロテア・オルタ	mature_female	zh-CN-XiaoxiaoNeural	gentle	0%	0.96	100
アニング	アニング	young_male	zh-CN-YunxiNeural	chat	+1%	0.99	100
セレシェイラ	セレシェイラ	young_female	zh-CN-XiaoyiNeural	cheerful	+4%	1.02	100
カマソッソ	カマソッソ	mature_female	zh-CN-XiaoruiNeural	calm	-2%	0.94	100
勝海舟	勝海舟	mature_female	zh-CN-XiaoruiNeural	calm	-2%	0.94	100
妖精騎士ガウェイン	妖精騎士ガウェイン	young_female	zh-CN-XiaomengNeural	chat	+5%	1.03	100
ボガード	ボガード	mature_male	zh-CN-YunzeNeural	calm	-4%	0.94	100
テセウス	テセウス	young_female	zh-CN-XiaomengNeural	chat	+5%	1.03	100
プロフェッサーＭ	プロフェッサーＭ	young_male	zh-CN-YunxiaNeural	cheerful	+3%	1.00	100
隈乃院ヨシスケ	隈乃院ヨシスケ	androgynous	zh-CN-YunxiNeural	chat	0%	0.98	100
デュマ	デュマ	young_male	zh-CN-YunxiaNeural	cheerful	+3%	1.00	100
ドゥルガー	ドゥルガー	young_male	zh-CN-YunxiaNeural	cheerful	+3%	1.00	100
フィン	フィン	young_female	zh-CN-XiaoxiaoNeural	cheerful	+3%	1.00	100
ネロ・ブライド	ネロ・ブライド	young_female	zh-CN-XiaoyiNeural	cheerful	+4%	1.02	100
石田三成	石田三成	mature_female	zh-CN-XiaohanNeural	calm	0%	0.97	100
龍馬	龍馬	mature_female	zh-CN-XiaoruiNeural	calm	-2%	0.94	100
芹沢鴨	芹沢鴨	young_male	zh-CN-YunxiNeural	chat	+1%	0.99	100
藤原香子	藤原香子	young_female	zh-CN-XiaomengNeural	chat	+5%	1.03	100
蛍	蛍	mature_female	zh-CN-XiaohanNeural	calm	0%	0.97	100
エジソン・オルタ	エジソン・オルタ	young_male	zh-CN-YunxiaNeural	cheerful	+3%	1.00	100
シラノ	シラノ	young_female	zh-CN-XiaoxiaoNeural	cheerful	+3%	1.00	100
全員	全員	young_female	zh-CN-XiaoyiNeural	cheerful	+4%	1.02	100
土方	土方	young_male	zh-CN-YunxiNeural	chat	+1%	0.99	100
魔王信長	魔王信長	young_female	zh-CN-XiaoyiNeural	cheerful	+4%	1.02	100
ジョン	ジョン	androgynous	zh-CN-XiaomoNeural	calm	-1%	0.97	100
アナ	アナ	mature_female	zh-CN-XiaohanNeural	calm	0%	0.97	100
シエル	シエル	young_male	zh-CN-YunxiaNeural	cheerful	+3%	1.00	100
イプシロン	イプシロン	young_male	zh-CN-YunxiNeural	chat	+1%	0.99	100
オーロラ	オーロラ	young_male	zh-CN-YunxiaNeural	cheerful	+3%	1.00	100
ディオスクロイ・ポルクス	ディオスクロイ・ポルクス	androgynous	zh-CN-XiaomoNeural	calm	-1%	0.97	100
アショカ王	アショカ王	young_female	zh-CN-XiaomengNeural	chat	+5%	1.03	100
ザッハーク	ザッハーク	mature_male	zh-CN-YunjianNeural	serious	-3%	0.95	100
飛竜	飛竜	mature_female	zh-CN-XiaoruiNeural	calm	-2%	0.94	100
カーター	カーター	mature_female	zh-CN-XiaoxiaoNeural	gentle	0%	0.96	100
キリエ	キリエ	androgynous	zh-CN-XiaomoNeural	calm	-1%	0.97	100
スプリガン	スプリガン	young_female	zh-CN-XiaoyiNeural	cheerful	+4%	1.02	100
駒姫	駒姫	androgynous	zh-CN-XiaomoNeural	calm	-1%	0.97	100
藤乃	藤乃	androgynous	zh-CN-YunxiNeural	chat	0%	0.98	100
セイバー	セイバー	androgynous	zh-CN-XiaomoNeural	calm	-1%	0.97	100
アーキタイプ：アース	アーキタイプ：アース	mature_male	zh-CN-YunfengNeural	serious	-2%	0.96	100
クリストファー君	クリストファー君	young_female	zh-CN-XiaohanNeural	gentle	+2%	0.99	100
水着ノッブ	水着ノッブ	mature_female	zh-CN-XiaoxiaoNeural	gentle	0%	0.96	100
ファントム	ファントム	mature_female	zh-CN-XiaoruiNeural	calm	-2%	0.94	100
ヘファイスティオン	ヘファイスティオン	young_female	zh-CN-XiaomengNeural	chat	+5%	1.03	100
織田吉法師	織田吉法師	mature_male	zh-CN-YunzeNeural	calm	-4%	0.94	100
信長	信長	androgynous	zh-CN-XiaomoNeural	calm	-1%	0.97	100
フレッカス	フレッカス	mature_male	zh-CN-YunjianNeural	serious	-3%	0.95	100
ラヴィニア	ラヴィニア	young_male	zh-CN-YunxiNeural	chat	+1%	0.99	100
節分大将	節分大将	young_male	zh-CN-YunxiaNeural	cheerful	+3%	1.00	100
日比乃ひびき	日比乃ひびき	androgynous	zh-CN-YunxiaNeural	calm	+2%	0.99	100
マキリ	マキリ	mature_male	zh-CN-YunfengNeural	serious	-2%	0.96	100
終わりのエリザベート	終わりのエリザベート	mature_male	zh-CN-YunfengNeural	serious	-2%	0.96	100
トラロック	トラロック	young_male	zh-CN-YunxiNeural	chat	+1%	0.99	100
ヤラアーンドゥ	ヤラアーンドゥ	mature_female	zh-CN-XiaohanNeural	calm	0%	0.97	100
館長	館長	mature_male	zh-CN-YunjianNeural	serious	-3%	0.95	100
太歳星君	太歳星君	mature_male	zh-CN-YunzeNeural	calm	-4%	0.94	100
陳宮	陳宮	mature_female	zh-CN-XiaoruiNeural	calm	-2%	0.94	100
ホプキンス	ホプキンス	androgynous	zh-CN-XiaomoNeural	calm	-1%	0.97	100
おぬい	おぬい	androgynous	zh-CN-XiaomoNeural	calm	-1%	0.97	100
ブリトマート	ブリトマート	androgynous	zh-CN-YunxiaNeural	calm	+2%	0.99	100
バーサーカー・衆合地獄	バーサーカー・衆合地獄	mature_female	zh-CN-XiaoxiaoNeural	gentle	0%	0.96	100
村人	村人	mature_female	zh-CN-XiaohanNeural	calm	0%	0.97	100
海幸彦	海幸彦	young_male	zh-CN-YunxiNeural	chat	+1%	0.99	100
ジュリエット	ジュリエット	mature_male	zh-CN-YunjianNeural	serious	-3%	0.95	100
サバージオス	サバージオス	young_male	zh-CN-YunxiNeural	chat	+1%	0.99	100
妖精騎士トリスタン	妖精騎士トリスタン	young_female	zh-CN-XiaoyiNeural	cheerful	+4%	1.02	100
メリュジーヌ	メリュジーヌ	young_male	zh-CN-YunxiaNeural	cheerful	+3%	1.00	100
恐竜王	恐竜王	androgynous	zh-CN-XiaomoNeural	calm	-1%	0.97	100
ＤＯＭＡＮ	ＤＯＭＡＮ	mature_male	zh-CN-YunzeNeural	calm	-4%	0.94	100
ジル・ド・レェ	ジル・ド・レェ	young_female	zh-CN-XiaomengNeural	chat	+5%	1.03	100
マリス	マリス	androgynous	zh-CN-YunxiaNeural	calm	+2%	0.99	100
アンソニー	アンソニー	mature_female	zh-CN-XiaoruiNeural	calm	-2%	0.94	100
わらし	わらし	young_male	zh-CN-YunxiNeural	chat	+1%	0.99	100
ライノール	ライノール	young_female	zh-CN-XiaomengNeural	chat	+5%	1.03	100
クラス・アサシン	クラス・アサシン	mature_female	zh-CN-XiaoxiaoNeural	gentle	0%	0.96	100
髭黒	髭黒	mature_female	zh-CN-XiaoxiaoNeural	gentle	0%	0.96	100
レフ	レフ	mature_male	zh-CN-YunfengNeural	serious	-2%	0.96	100
ニトクリス・オルタ	ニトクリス・オルタ	mature_female	zh-CN-XiaoruiNeural	calm	-2%	0.94	100
クラス・セイバー	クラス・セイバー	mature_female	zh-CN-XiaohanNeural	calm	0%	0.97	100
乙姫清姫	乙姫清姫	young_female	zh-CN-XiaoyiNeural	cheerful	+4%	1.02	100
アグラヴェイン	アグラヴェイン	mature_male	zh-CN-YunfengNeural	serious	-2%	0.96	100
以蔵	以蔵	mature_male	zh-CN-YunjianNeural	serious	-3%	0.95	100
上杉謙信	上杉謙信	mature_male	zh-CN-YunzeNeural	calm	-4%	0.94	100
足軽ノッブ	足軽ノッブ	young_male	zh-CN-YunxiaNeural	cheerful	+3%	1.00	100
ヴァジュラ	ヴァジュラ	mature_female	zh-CN-XiaoxiaoNeural	gentle	0%	0.96	100
リンド	リンド	mature_male	zh-CN-YunzeNeural	calm	-4%	0.94	100
黒の剣士	黒の剣士	mature_male	zh-CN-YunjianNeural	serious	-3%	0.95	100
クコチヒコ	クコチヒコ	mature_female	zh-CN-XiaoruiNeural	calm	-2%	0.94	100
レッドラ・ビット	レッドラ・ビット	young_female	zh-CN-XiaomengNeural	chat	+5%	1.03	100
声	声	young_female	zh-CN-XiaoyiNeural	cheerful	+4%	1.02	100
キングゥ	キングゥ	androgynous	zh-CN-XiaomoNeural	calm	-1%	0.97	100
ファンタズムーン	ファンタズムーン	androgynous	zh-CN-XiaomoNeural	calm	-1%	0.97	100
黄幡神・蘆屋道満	黄幡神・蘆屋道満	androgynous	zh-CN-YunxiNeural	chat	0%	0.98	100
神たるアルジュナ	神たるアルジュナ	young_male	zh-CN-YunxiNeural	chat	+1%	0.99	100
邪竜	邪竜	young_female	zh-CN-XiaoyiNeural	cheerful	+4%	1.02	100
芥ヒナコ	芥ヒナコ	young_male	zh-CN-YunxiaNeural	cheerful	+3%	1.00	100
ブラヴァツキー	ブラヴァツキー	mature_male	zh-CN-YunfengNeural	serious	-2%	0.96	100
ロマニ・アーキマン	ロマニ・アーキマン	mature_male	zh-CN-YunjianNeural	serious	-3%	0.95	100
エフェメロス	エフェメロス	mature_female	zh-CN-XiaohanNeural	calm	0%	0.97	100
ウルズ	ウルズ	young_female	zh-CN-XiaomengNeural	chat	+5%	1.03	100
イシュキック	イシュキック	young_female	zh-CN-XiaomengNeural	chat	+5%	1.03	100
服部武雄	服部武雄	androgynous	zh-CN-XiaomoNeural	calm	-1%	0.97	100
ロムルス	ロムルス	androgynous	zh-CN-YunxiNeural	chat	0%	0.98	100
暗黒武者ＭＵＮＥＮＯＲＩ	暗黒武者ＭＵＮＥＮＯＲＩ	androgynous	zh-CN-YunxiaNeural	calm	+2%	0.99	100
アーシャ	アーシャ	mature_male	zh-CN-YunzeNeural	calm	-4%	0.94	100
ミカ	ミカ	young_female	zh-CN-XiaoyiNeural	cheerful	+4%	1.02	100
アトランティス防衛兵	アトランティス防衛兵	mature_female	zh-CN-XiaohanNeural	calm	0%	0.97	100
エルロン	エルロン	young_male	zh-CN-YunxiaNeural	cheerful	+3%	1.00	100
ネモ・エンジン	ネモ・エンジン	young_male	zh-CN-YunxiNeural	chat	+1%	0.99	100
少女	少女	young_male	zh-CN-YunxiaNeural	cheerful	+3%	1.00	100
神官ヴクブ	神官ヴクブ	mature_male	zh-CN-YunfengNeural	serious	-2%	0.96	100
アズライール	アズライール	androgynous	zh-CN-XiaomoNeural	calm	-1%	0.97	100
獅子王	獅子王	mature_female	zh-CN-XiaoruiNeural	calm	-2%	0.94	100
クラス・ライダー	クラス・ライダー	young_male	zh-CN-YunxiNeural	chat	+1%	0.99	100
コスモティック・ビューティ夫人	コスモティック・ビューティ夫人	mature_male	zh-CN-YunjianNeural	serious	-3%	0.95	100
キャスター・リンボ	キャスター・リンボ	young_female	zh-CN-XiaoxiaoNeural	cheerful	+3%	1.00	100
フランチェスカ	フランチェスカ	young_female	zh-CN-XiaoyiNeural	cheerful	+4%	1.02	100
偽ゲオルギウス	偽ゲオルギウス	young_male	zh-CN-YunxiNeural	chat	+1%	0.99	100
ノア	ノア	young_female	zh-CN-XiaohanNeural	gentle	+2%	0.99	100
アルトリア・ルーラー	アルトリア・ルーラー	young_male	zh-CN-YunxiaNeural	cheerful	+3%	1.00	100
ロムルス・クィリヌス	ロムルス・クィリヌス	androgynous	zh-CN-XiaomoNeural	calm	-1%	0.97	100
キレーちゃん	キレーちゃん	young_male	zh-CN-YunxiaNeural	cheerful	+3%	1.00	100
メフィスト	メフィスト	mature_female	zh-CN-XiaoruiNeural	calm	-2%	0.94	100
ふーやーちゃん	ふーやーちゃん	androgynous	zh-CN-XiaomoNeural	calm	-1%	0.97	100
吉田総帥	吉田総帥	mature_female	zh-CN-XiaoxiaoNeural	gentle	0%	0.96	100
水妃モルガン	水妃モルガン	young_female	zh-CN-XiaomengNeural	chat	+5%	1.03	100
木乃美芳助	木乃美芳助	young_male	zh-CN-YunxiNeural	chat	+1%	0.99	100
杉谷	杉谷	young_male	zh-CN-YunxiaNeural	cheerful	+3%	1.00	100
アーチャー	アーチャー	young_male	zh-CN-YunxiNeural	chat	+1%	0.99	100
ライダー・黒縄地獄	ライダー・黒縄地獄	young_male	zh-CN-YunxiaNeural	cheerful	+3%	1.00	100
伍	伍	young_female	zh-CN-XiaomengNeural	chat	+5%	1.03	100
武市瑞山	武市瑞山	young_female	zh-CN-XiaoxiaoNeural	cheerful	+3%	1.00	100
ユニヴァース・アポロン	ユニヴァース・アポロン	mature_male	zh-CN-YunfengNeural	serious	-2%	0.96	100
アフロディーテ	アフロディーテ	young_male	zh-CN-YunxiNeural	chat	+1%	0.99	100
ランサー	ランサー	mature_female	zh-CN-XiaoruiNeural	calm	-2%	0.94	100
ミス・ブーツライン	ミス・ブーツライン	mature_male	zh-CN-YunzeNeural	calm	-4%	0.94	100
少年	少年	young_female	zh-CN-XiaoyiNeural	cheerful	+4%	1.02	100
海賊	海賊	young_male	zh-CN-YunxiNeural	chat	+1%	0.99	100
ヤガ叛逆軍	ヤガ叛逆軍	androgynous	zh-CN-XiaomoNeural	calm	-1%	0.97	100
キャプテン	キャプテン	mature_male	zh-CN-YunzeNeural	calm	-4%	0.94	100
天塚先輩	天塚先輩	mature_female	zh-CN-XiaohanNeural	calm	0%	0.97	100
アサシン・パライソ	アサシン・パライソ	mature_male	zh-CN-YunfengNeural	serious	-2%	0.96	100
源為朝	源為朝	mature_female	zh-CN-XiaohanNeural	calm	0%	0.97	100
レオン	レオン	young_female	zh-CN-XiaomengNeural	chat	+5%	1.03	100
名無しの亀	名無しの亀	androgynous	zh-CN-XiaomoNeural	calm	-1%	0.97	100
ＢＢリリィ	ＢＢリリィ	mature_female	zh-CN-XiaoxiaoNeural	gentle	0%	0.96	100
阿曇磯良	阿曇磯良	mature_female	zh-CN-XiaoruiNeural	calm	-2%	0.94	100
ローマ	ローマ	mature_male	zh-CN-YunjianNeural	serious	-3%	0.95	100
ムネーモシュネー	ムネーモシュネー	mature_female	zh-CN-XiaoxiaoNeural	gentle	0%	0.96	100
姫子	姫子	androgynous	zh-CN-XiaomoNeural	calm	-1%	0.97	100
アッド	アッド	androgynous	zh-CN-XiaomoNeural	calm	-1%	0.97	100
松平信綱	松平信綱	androgynous	zh-CN-XiaomoNeural	calm	-1%	0.97	100
黒獅子	黒獅子	young_male	zh-CN-YunxiaNeural	cheerful	+3%	1.00	100
ゲーティア	ゲーティア	young_male	zh-CN-YunxiaNeural	cheerful	+3%	1.00	100
魔術師	魔術師	young_female	zh-CN-XiaoyiNeural	cheerful	+4%	1.02	100
アムール	アムール	young_female	zh-CN-XiaohanNeural	gentle	+2%	0.99	100
エリス	エリス	androgynous	zh-CN-YunxiNeural	chat	0%	0.98	100
アンキ・エレシュキガル	アンキ・エレシュキガル	androgynous	zh-CN-XiaomoNeural	calm	-1%	0.97	100
フラット	フラット	young_female	zh-CN-XiaomengNeural	chat	+5%	1.03	100
イシュタル実況	イシュタル実況	androgynous	zh-CN-XiaomoNeural	calm	-1%	0.97	100
アントニオ	アントニオ	mature_female	zh-CN-XiaoruiNeural	calm	-2%	0.94	100
雑賀孫一	雑賀孫一	mature_male	zh-CN-YunfengNeural	serious	-2%	0.96	100
地右衛門	地右衛門	young_male	zh-CN-YunxiaNeural	cheerful	+3%	1.00	100
ネモ・ナース	ネモ・ナース	androgynous	zh-CN-YunxiNeural	chat	0%	0.98	100
ＡＡＡ	ＡＡＡ	androgynous	zh-CN-XiaomoNeural	calm	-1%	0.97	100
プロメテウス＝ヘファイストス	プロメテウス＝ヘファイストス	mature_female	zh-CN-XiaoxiaoNeural	gentle	0%	0.96	100
兵士	兵士	mature_female	zh-CN-XiaoruiNeural	calm	-2%	0.94	100
教授	教授	mature_male	zh-CN-YunzeNeural	calm	-4%	0.94	100
ケツァルマスク	ケツァルマスク	young_male	zh-CN-YunxiNeural	chat	+1%	0.99	100
祭祀長シドゥリ	祭祀長シドゥリ	young_male	zh-CN-YunxiaNeural	cheerful	+3%	1.00	100
マイケル	マイケル	young_male	zh-CN-YunxiaNeural	cheerful	+3%	1.00	100
ナウクラテー	ナウクラテー	mature_male	zh-CN-YunjianNeural	serious	-3%	0.95	100
シーボルト	シーボルト	androgynous	zh-CN-YunxiNeural	chat	0%	0.98	100
ホーソーン	ホーソーン	mature_male	zh-CN-YunzeNeural	calm	-4%	0.94	100
エリザベート（ブレイブ）	エリザベート（ブレイブ）	mature_female	zh-CN-XiaohanNeural	calm	0%	0.97	100
カリオストロ・ヘッド	カリオストロ・ヘッド	young_male	zh-CN-YunxiNeural	chat	+1%	0.99	100
市民	市民	mature_male	zh-CN-YunfengNeural	serious	-2%	0.96	100
清子	清子	mature_male	zh-CN-YunjianNeural	serious	-3%	0.95	100
アンリマユ	アンリマユ	mature_male	zh-CN-YunzeNeural	calm	-4%	0.94	100
秋葉ねろ	秋葉ねろ	androgynous	zh-CN-XiaomoNeural	calm	-1%	0.97	100
ワクチャン	ワクチャン	young_male	zh-CN-YunxiaNeural	cheerful	+3%	1.00	100
ソニックマッハ・ジェッター	ソニックマッハ・ジェッター	androgynous	zh-CN-XiaomoNeural	calm	-1%	0.97	100
グランマリー	グランマリー	young_female	zh-CN-XiaoyiNeural	cheerful	+4%	1.02	100
藤原道長	藤原道長	androgynous	zh-CN-YunxiNeural	chat	0%	0.98	100
セイバーオルタ	セイバーオルタ	mature_male	zh-CN-YunjianNeural	serious	-3%	0.95	100
スペース・オデュッセウス	スペース・オデュッセウス	mature_female	zh-CN-XiaoxiaoNeural	gentle	0%	0.96	100
神王ラックランド	神王ラックランド	young_female	zh-CN-XiaoyiNeural	cheerful	+4%	1.02	100
オリュンポス市民	オリュンポス市民	androgynous	zh-CN-XiaomoNeural	calm	-1%	0.97	100
高長恭	高長恭	young_male	zh-CN-YunxiaNeural	cheerful	+3%	1.00	100
伯爵	伯爵	mature_male	zh-CN-YunfengNeural	serious	-2%	0.96	100
老人	老人	young_female	zh-CN-XiaomengNeural	chat	+5%	1.03	100
エドモン・ダンテス	エドモン・ダンテス	young_female	zh-CN-XiaomengNeural	chat	+5%	1.03	100
語り部のキャスター	語り部のキャスター	mature_male	zh-CN-YunfengNeural	serious	-2%	0.96	100
ゴージャスＰ	ゴージャスＰ	mature_male	zh-CN-YunzeNeural	calm	-4%	0.94	100
造形王	造形王	androgynous	zh-CN-XiaomoNeural	calm	-1%	0.97	100
ヤガ市民	ヤガ市民	mature_male	zh-CN-YunjianNeural	serious	-3%	0.95	100
護法少女	護法少女	mature_male	zh-CN-YunfengNeural	serious	-2%	0.96	100
リカルド	リカルド	mature_male	zh-CN-YunzeNeural	calm	-4%	0.94	100
謎のレーサーＸ	謎のレーサーＸ	young_male	zh-CN-YunxiNeural	chat	+1%	0.99	100
スペース徐福	スペース徐福	mature_female	zh-CN-XiaoruiNeural	calm	-2%	0.94	100
空中の文字	空中の文字	young_female	zh-CN-XiaoyiNeural	cheerful	+4%	1.02	100
カーリー	カーリー	mature_male	zh-CN-YunjianNeural	serious	-3%	0.95	100
ウルク兵士	ウルク兵士	mature_female	zh-CN-XiaohanNeural	calm	0%	0.97	100
アーチャー・インフェルノ	アーチャー・インフェルノ	young_female	zh-CN-XiaomengNeural	chat	+5%	1.03	100
妖精たち	妖精たち	young_male	zh-CN-YunxiaNeural	cheerful	+3%	1.00	100
カルデアスタッフ	カルデアスタッフ	androgynous	zh-CN-XiaomoNeural	calm	-1%	0.97	100
イルス	イルス	young_female	zh-CN-XiaohanNeural	gentle	+2%	0.99	100
猪八戒	猪八戒	mature_male	zh-CN-YunjianNeural	serious	-3%	0.95	100
山の翁	山の翁	androgynous	zh-CN-YunxiaNeural	calm	+2%	0.99	100
信勝	信勝	mature_male	zh-CN-YunfengNeural	serious	-2%	0.96	100
一同	一同	mature_male	zh-CN-YunzeNeural	calm	-4%	0.94	100
エルン	エルン	mature_male	zh-CN-YunzeNeural	calm	-4%	0.94	100
歳刑神・平景清	歳刑神・平景清	young_male	zh-CN-YunxiNeural	chat	+1%	0.99	100
エレノア	エレノア	mature_male	zh-CN-YunfengNeural	serious	-2%	0.96	100
チビーネ	チビーネ	androgynous	zh-CN-YunxiaNeural	calm	+2%	0.99	100
オデュッセウス・オルタ	オデュッセウス・オルタ	young_male	zh-CN-YunxiNeural	chat	+1%	0.99	100
ジャンヌ・ダルク	ジャンヌ・ダルク	androgynous	zh-CN-XiaomoNeural	calm	-1%	0.97	100
ロブ	ロブ	young_female	zh-CN-XiaoyiNeural	cheerful	+4%	1.02	100
長老	長老	mature_male	zh-CN-YunjianNeural	serious	-3%	0.95	100
叔母	叔母	mature_male	zh-CN-YunfengNeural	serious	-2%	0.96	100
デメテル・エリニュス	デメテル・エリニュス	young_male	zh-CN-YunxiaNeural	cheerful	+3%	1.00	100
トトロット	トトロット	androgynous	zh-CN-XiaomoNeural	calm	-1%	0.97	100
騎士	騎士	young_male	zh-CN-YunxiNeural	chat	+1%	0.99	100
果心居士	果心居士	mature_male	zh-CN-YunzeNeural	calm	-4%	0.94	100
ブラック・ケツァルマスク	ブラック・ケツァルマスク	androgynous	zh-CN-YunxiaNeural	calm	+2%	0.99	100
サン	サン	young_female	zh-CN-XiaoxiaoNeural	cheerful	+3%	1.00	100
ダユー	ダユー	young_female	zh-CN-XiaoyiNeural	cheerful	+4%	1.02	100
解明者	解明者	young_male	zh-CN-YunxiNeural	chat	+1%	0.99	100
千代女	千代女	mature_male	zh-CN-YunjianNeural	serious	-3%	0.95	100
執筆中の作家	執筆中の作家	young_male	zh-CN-YunxiaNeural	cheerful	+3%	1.00	100
灰纏い	灰纏い	young_female	zh-CN-XiaohanNeural	gentle	+2%	0.99	100
ラニ＝Ｒ	ラニ＝Ｒ	young_male	zh-CN-YunxiNeural	chat	+1%	0.99	100
小野篁	小野篁	mature_female	zh-CN-XiaoruiNeural	calm	-2%	0.94	100
テノチティトラン・バニー	テノチティトラン・バニー	mature_male	zh-CN-YunfengNeural	serious	-2%	0.96	100
マガツ弾正	マガツ弾正	mature_male	zh-CN-YunjianNeural	serious	-3%	0.95	100
スマホさん	スマホさん	young_female	zh-CN-XiaomengNeural	chat	+5%	1.03	100
ランサー・プルガトリオ	ランサー・プルガトリオ	young_female	zh-CN-XiaoxiaoNeural	cheerful	+3%	1.00	100
子供	子供	young_male	zh-CN-YunxiaNeural	cheerful	+3%	1.00	100
サンタアイランド仮面	サンタアイランド仮面	androgynous	zh-CN-XiaomoNeural	calm	-1%	0.97	100
韓信	韓信	mature_male	zh-CN-YunzeNeural	calm	-4%	0.94	100
今川義元	今川義元	young_female	zh-CN-XiaomengNeural	chat	+5%	1.03	100
アーノルド	アーノルド	young_female	zh-CN-XiaoyiNeural	cheerful	+4%	1.02	100
蛇女房	蛇女房	mature_male	zh-CN-YunzeNeural	calm	-4%	0.94	100
サファイア	サファイア	young_female	zh-CN-XiaoxiaoNeural	cheerful	+3%	1.00	100
アラン	アラン	young_male	zh-CN-YunxiNeural	chat	+1%	0.99	100
雀	雀	androgynous	zh-CN-XiaomoNeural	calm	-1%	0.97	100
羅刹王・髑髏烏帽子蘆屋道満	羅刹王・髑髏烏帽子蘆屋道満	androgynous	zh-CN-XiaomoNeural	calm	-1%	0.97	100
明智光秀	明智光秀	mature_female	zh-CN-XiaoruiNeural	calm	-2%	0.94	100
耀星のハサン	耀星のハサン	mature_female	zh-CN-XiaoruiNeural	calm	-2%	0.94	100
鬼王朱裸	鬼王朱裸	young_male	zh-CN-YunxiNeural	chat	+1%	0.99	100
判事	判事	young_female	zh-CN-XiaohanNeural	gentle	+2%	0.99	100
北の軍神	北の軍神	mature_male	zh-CN-YunjianNeural	serious	-3%	0.95	100
両儀さん	両儀さん	mature_female	zh-CN-XiaoruiNeural	calm	-2%	0.94	100
謎の富豪	謎の富豪	young_female	zh-CN-XiaoxiaoNeural	cheerful	+3%	1.00	100
店主の妖精	店主の妖精	young_female	zh-CN-XiaoyiNeural	cheerful	+4%	1.02	100
デュボワ夫人	デュボワ夫人	mature_female	zh-CN-XiaohanNeural	calm	0%	0.97	100
皇女	皇女	young_female	zh-CN-XiaomengNeural	chat	+5%	1.03	100
記録者	記録者	young_male	zh-CN-YunxiaNeural	cheerful	+3%	1.00	100
妖術師	妖術師	mature_male	zh-CN-YunfengNeural	serious	-2%	0.96	100
クラス・キャスター	クラス・キャスター	androgynous	zh-CN-XiaomoNeural	calm	-1%	0.97	100
ケツァル・コアトル・サンバ・サンタ	ケツァル・コアトル・サンバ・サンタ	mature_female	zh-CN-XiaohanNeural	calm	0%	0.97	100
アオイ	アオイ	mature_female	zh-CN-XiaoxiaoNeural	gentle	0%	0.96	100
佐々木小次郎	佐々木小次郎	young_female	zh-CN-XiaomengNeural	chat	+5%	1.03	100
コーラル	コーラル	mature_male	zh-CN-YunjianNeural	serious	-3%	0.95	100
スタッフ	スタッフ	mature_male	zh-CN-YunzeNeural	calm	-4%	0.94	100
リリィ	リリィ	mature_female	zh-CN-XiaoruiNeural	calm	-2%	0.94	100
ロクジョウ	ロクジョウ	mature_female	zh-CN-XiaoxiaoNeural	gentle	0%	0.96	100
テオブローマン	テオブローマン	mature_female	zh-CN-XiaohanNeural	calm	0%	0.97	100
ネモ・ベーカリー	ネモ・ベーカリー	young_female	zh-CN-XiaoyiNeural	cheerful	+4%	1.02	100
沙悟浄	沙悟浄	androgynous	zh-CN-YunxiaNeural	calm	+2%	0.99	100
玉兎	玉兎	mature_male	zh-CN-YunfengNeural	serious	-2%	0.96	100
ゴールデン・ヒュージ・ベアー号	ゴールデン・ヒュージ・ベアー号	mature_female	zh-CN-XiaoruiNeural	calm	-2%	0.94	100
ギャラハッド	ギャラハッド	androgynous	zh-CN-YunxiNeural	chat	0%	0.98	100
サラザール	サラザール	mature_female	zh-CN-XiaoruiNeural	calm	-2%	0.94	100
エリザベート（ハロウィン）	エリザベート（ハロウィン）	young_male	zh-CN-YunxiNeural	chat	+1%	0.99	100
Ｈ・Ｃ・Ａ	Ｈ・Ｃ・Ａ	mature_male	zh-CN-YunjianNeural	serious	-3%	0.95	100
ロベール	ロベール	young_male	zh-CN-YunxiaNeural	cheerful	+3%	1.00	100
スペース・エレシュキガル	スペース・エレシュキガル	mature_female	zh-CN-XiaohanNeural	calm	0%	0.97	100
アサシン	アサシン	young_male	zh-CN-YunxiaNeural	cheerful	+3%	1.00	100
アーロン	アーロン	androgynous	zh-CN-XiaomoNeural	calm	-1%	0.97	100
三人	三人	mature_female	zh-CN-XiaoxiaoNeural	gentle	0%	0.96	100
バーサーカー	バーサーカー	mature_female	zh-CN-XiaoxiaoNeural	gentle	0%	0.96	100
キャスターのマスター	キャスターのマスター	mature_male	zh-CN-YunzeNeural	calm	-4%	0.94	100
オシリスの塵	オシリスの塵	androgynous	zh-CN-XiaomoNeural	calm	-1%	0.97	100
タカスギ	タカスギ	androgynous	zh-CN-YunxiNeural	chat	0%	0.98	100
オボロ	オボロ	young_male	zh-CN-YunxiNeural	chat	+1%	0.99	100
白い礼服の少女	白い礼服の少女	mature_male	zh-CN-YunfengNeural	serious	-2%	0.96	100
アクアマリー	アクアマリー	mature_male	zh-CN-YunjianNeural	serious	-3%	0.95	100
ダークえっちゃん	ダークえっちゃん	mature_male	zh-CN-YunzeNeural	calm	-4%	0.94	100
大黒天１号	大黒天１号	young_female	zh-CN-XiaoyiNeural	cheerful	+4%	1.02	100
円卓軍の兵士	円卓軍の兵士	androgynous	zh-CN-XiaomoNeural	calm	-1%	0.97	100
水着獅子王	水着獅子王	young_male	zh-CN-YunxiaNeural	cheerful	+3%	1.00	100
シュシャ	シュシャ	androgynous	zh-CN-XiaomoNeural	calm	-1%	0.97	100
ＣＥＯ	ＣＥＯ	mature_male	zh-CN-YunfengNeural	serious	-2%	0.96	100
カロン	カロン	young_male	zh-CN-YunxiaNeural	cheerful	+3%	1.00	100
メルセデス	メルセデス	androgynous	zh-CN-YunxiNeural	chat	0%	0.98	100
シートン（？）	シートン（？）	mature_male	zh-CN-YunfengNeural	serious	-2%	0.96	100
電話の主	電話の主	androgynous	zh-CN-XiaomoNeural	calm	-1%	0.97	100
ドーヴ	ドーヴ	mature_male	zh-CN-YunjianNeural	serious	-3%	0.95	100
船内ガイド	船内ガイド	androgynous	zh-CN-XiaomoNeural	calm	-1%	0.97	100
おたま	おたま	mature_male	zh-CN-YunzeNeural	calm	-4%	0.94	100
テオ	テオ	androgynous	zh-CN-YunxiaNeural	calm	+2%	0.99	100
えっちゃん	えっちゃん	mature_female	zh-CN-XiaohanNeural	calm	0%	0.97	100
アルクェイド	アルクェイド	young_male	zh-CN-YunxiNeural	chat	+1%	0.99	100
衛士長	衛士長	androgynous	zh-CN-YunxiaNeural	calm	+2%	0.99	100
エウリュステウス	エウリュステウス	young_female	zh-CN-XiaomengNeural	chat	+5%	1.03	100
氷雪の女王	氷雪の女王	young_female	zh-CN-XiaomengNeural	chat	+5%	1.03	100
羊のお兄さん	羊のお兄さん	androgynous	zh-CN-XiaomoNeural	calm	-1%	0.97	100
人斬り新兵衛	人斬り新兵衛	mature_male	zh-CN-YunfengNeural	serious	-2%	0.96	100
レディ	レディ	androgynous	zh-CN-YunxiNeural	chat	0%	0.98	100
マーブル	マーブル	young_male	zh-CN-YunxiaNeural	cheerful	+3%	1.00	100
ガルシア	ガルシア	mature_male	zh-CN-YunzeNeural	calm	-4%	0.94	100
摩玖主大僧正	摩玖主大僧正	mature_female	zh-CN-XiaoruiNeural	calm	-2%	0.94	100
四奸六賊	四奸六賊	mature_female	zh-CN-XiaoruiNeural	calm	-2%	0.94	100
ヘラクレス	ヘラクレス	mature_female	zh-CN-XiaohanNeural	calm	0%	0.97	100
エイリーク	エイリーク	mature_male	zh-CN-YunjianNeural	serious	-3%	0.95	100
ナビゲーター	ナビゲーター	androgynous	zh-CN-YunxiNeural	chat	0%	0.98	100
メイヴ監獄長	メイヴ監獄長	androgynous	zh-CN-XiaomoNeural	calm	-1%	0.97	100
イシドロ	イシドロ	mature_male	zh-CN-YunzeNeural	calm	-4%	0.94	100
お虎	お虎	young_male	zh-CN-YunxiNeural	chat	+1%	0.99	100
クラス・アーチャー	クラス・アーチャー	mature_male	zh-CN-YunjianNeural	serious	-3%	0.95	100
フランケンシュタイン	フランケンシュタイン	androgynous	zh-CN-XiaomoNeural	calm	-1%	0.97	100
村長ヤガ	村長ヤガ	young_female	zh-CN-XiaoyiNeural	cheerful	+4%	1.02	100
幼子	幼子	androgynous	zh-CN-YunxiaNeural	calm	+2%	0.99	100
デビルカレン	デビルカレン	androgynous	zh-CN-XiaomoNeural	calm	-1%	0.97	100
アシュタレト・オリジン	アシュタレト・オリジン	androgynous	zh-CN-YunxiNeural	chat	0%	0.98	100
ダレイオス三世	ダレイオス三世	mature_male	zh-CN-YunfengNeural	serious	-2%	0.96	100
発明王エジソン	発明王エジソン	androgynous	zh-CN-YunxiaNeural	calm	+2%	0.99	100
ＢＢ／ＧＯ	ＢＢ／ＧＯ	young_male	zh-CN-YunxiNeural	chat	+1%	0.99	100
太公望（実況）	太公望（実況）	young_female	zh-CN-XiaomengNeural	chat	+5%	1.03	100
異星の巫女？	異星の巫女？	young_male	zh-CN-YunxiaNeural	cheerful	+3%	1.00	100
ジニー	ジニー	androgynous	zh-CN-XiaomoNeural	calm	-1%	0.97	100
エクター	エクター	young_male	zh-CN-YunxiNeural	chat	+1%	0.99	100
【怠惰】	【怠惰】	androgynous	zh-CN-XiaomoNeural	calm	-1%	0.97	100
イアソンくん	イアソンくん	young_male	zh-CN-YunxiaNeural	cheerful	+3%	1.00	100
Ｍ	Ｍ	mature_male	zh-CN-YunfengNeural	serious	-2%	0.96	100
ヘシアン	ヘシアン	young_female	zh-CN-XiaoyiNeural	cheerful	+4%	1.02	100
クラス・ランサー	クラス・ランサー	mature_male	zh-CN-YunjianNeural	serious	-3%	0.95	100
ハロウィン騎士	ハロウィン騎士	young_female	zh-CN-XiaoyiNeural	cheerful	+4%	1.02	100
ヘシアン・ロボ	ヘシアン・ロボ	mature_male	zh-CN-YunzeNeural	calm	-4%	0.94	100
女性	女性	mature_male	zh-CN-YunjianNeural	serious	-3%	0.95	100
ゴールデンＢＢ	ゴールデンＢＢ	young_female	zh-CN-XiaoxiaoNeural	cheerful	+3%	1.00	100
長刀の剣士	長刀の剣士	young_male	zh-CN-YunxiaNeural	cheerful	+3%	1.00	100
海賊Ｃ	海賊Ｃ	androgynous	zh-CN-YunxiNeural	chat	0%	0.98	100
ニンキガル	ニンキガル	young_male	zh-CN-YunxiNeural	chat	+1%	0.99	100
四不相	四不相	mature_male	zh-CN-YunfengNeural	serious	-2%	0.96	100
女	女	mature_male	zh-CN-YunzeNeural	calm	-4%	0.94	100
ＤＸ	ＤＸ	young_female	zh-CN-XiaomengNeural	chat	+5%	1.03	100
カリオストロ・オルタ	カリオストロ・オルタ	young_female	zh-CN-XiaomengNeural	chat	+5%	1.03	100
トントゥ	トントゥ	mature_male	zh-CN-YunzeNeural	calm	-4%	0.94	100
太刀の男	太刀の男	mature_male	zh-CN-YunfengNeural	serious	-2%	0.96	100
ミゲル	ミゲル	mature_male	zh-CN-YunjianNeural	serious	-3%	0.95	100
アマデウス・オルタ	アマデウス・オルタ	young_female	zh-CN-XiaoxiaoNeural	cheerful	+3%	1.00	100
スターシエル	スターシエル	androgynous	zh-CN-XiaomoNeural	calm	-1%	0.97	100
トリストラム	トリストラム	young_female	zh-CN-XiaohanNeural	gentle	+2%	0.99	100
ニキチッチ（偽）	ニキチッチ（偽）	mature_male	zh-CN-YunzeNeural	calm	-4%	0.94	100
玉座に集まった妖精たち	玉座に集まった妖精たち	mature_female	zh-CN-XiaoruiNeural	calm	-2%	0.94	100
エリザ・パヴォニス	エリザ・パヴォニス	young_male	zh-CN-YunxiaNeural	cheerful	+3%	1.00	100
絶対勝利のジークフリート	絶対勝利のジークフリート	mature_male	zh-CN-YunjianNeural	serious	-3%	0.95	100
サラリーマン	サラリーマン	young_female	zh-CN-XiaoyiNeural	cheerful	+4%	1.02	100
セイバー・リリィ	セイバー・リリィ	androgynous	zh-CN-XiaomoNeural	calm	-1%	0.97	100
車掌	車掌	mature_male	zh-CN-YunfengNeural	serious	-2%	0.96	100
ユウガオ	ユウガオ	androgynous	zh-CN-YunxiaNeural	calm	+2%	0.99	100
摩玖主のキャスター	摩玖主のキャスター	mature_male	zh-CN-YunjianNeural	serious	-3%	0.95	100
レイヴン	レイヴン	young_female	zh-CN-XiaoxiaoNeural	cheerful	+3%	1.00	100
盗賊	盗賊	mature_female	zh-CN-XiaohanNeural	calm	0%	0.97	100
ティーチ	ティーチ	young_male	zh-CN-YunxiNeural	chat	+1%	0.99	100
クーちゃん	クーちゃん	young_male	zh-CN-YunxiaNeural	cheerful	+3%	1.00	100
海道覇皇『ウジザネ』	海道覇皇『ウジザネ』	mature_female	zh-CN-XiaoruiNeural	calm	-2%	0.94	100
ナレーション	ナレーション	young_female	zh-CN-XiaoyiNeural	cheerful	+4%	1.02	100
オプリチニキ	オプリチニキ	androgynous	zh-CN-XiaomoNeural	calm	-1%	0.97	100
ハリエット	ハリエット	androgynous	zh-CN-YunxiNeural	chat	0%	0.98	100
呂布	呂布	young_male	zh-CN-YunxiNeural	chat	+1%	0.99	100
怪人∞面相	怪人∞面相	young_male	zh-CN-YunxiaNeural	cheerful	+3%	1.00	100
鮮血のウィドウヒルト	鮮血のウィドウヒルト	mature_female	zh-CN-XiaoxiaoNeural	gentle	0%	0.96	100
母	母	androgynous	zh-CN-XiaomoNeural	calm	-1%	0.97	100
妹	妹	mature_female	zh-CN-XiaohanNeural	calm	0%	0.97	100
魔性菩薩	魔性菩薩	mature_female	zh-CN-XiaoruiNeural	calm	-2%	0.94	100
ミスターＫ	ミスターＫ	androgynous	zh-CN-XiaomoNeural	calm	-1%	0.97	100
魔王ノッブ	魔王ノッブ	young_male	zh-CN-YunxiaNeural	cheerful	+3%	1.00	100
カレンちゃん	カレンちゃん	young_female	zh-CN-XiaomengNeural	chat	+5%	1.03	100
プラカシュ	プラカシュ	young_male	zh-CN-YunxiNeural	chat	+1%	0.99	100
フーカ先生	フーカ先生	young_female	zh-CN-XiaoyiNeural	cheerful	+4%	1.02	100
猿長者	猿長者	mature_male	zh-CN-YunfengNeural	serious	-2%	0.96	100
《秋葉原》のマスター	《秋葉原》のマスター	young_male	zh-CN-YunxiNeural	chat	+1%	0.99	100
ウィツィロポチトリ	ウィツィロポチトリ	androgynous	zh-CN-XiaomoNeural	calm	-1%	0.97	100
魔人アーチャー	魔人アーチャー	mature_male	zh-CN-YunzeNeural	calm	-4%	0.94	100
デメテル・オリジン	デメテル・オリジン	androgynous	zh-CN-YunxiaNeural	calm	+2%	0.99	100
キニゴス	キニゴス	young_male	zh-CN-YunxiaNeural	cheerful	+3%	1.00	100
ケイネス	ケイネス	mature_male	zh-CN-YunzeNeural	calm	-4%	0.94	100
ケツァル・コアトル副監獄長	ケツァル・コアトル副監獄長	androgynous	zh-CN-XiaomoNeural	calm	-1%	0.97	100
メイドイン彦斎	メイドイン彦斎	young_female	zh-CN-XiaomengNeural	chat	+5%	1.03	100
ペルセイス島住民	ペルセイス島住民	young_female	zh-CN-XiaoyiNeural	cheerful	+4%	1.02	100
概要	概要	young_male	zh-CN-YunxiNeural	chat	+1%	0.99	100
鬼女紅葉	鬼女紅葉	mature_female	zh-CN-XiaoxiaoNeural	gentle	0%	0.96	100
Ｓ・ファンタズムーンＶ	Ｓ・ファンタズムーンＶ	mature_female	zh-CN-XiaoruiNeural	calm	-2%	0.94	100
アマゾネス	アマゾネス	young_female	zh-CN-XiaohanNeural	gentle	+2%	0.99	100
クリス	クリス	androgynous	zh-CN-XiaomoNeural	calm	-1%	0.97	100
謎のお兄さん	謎のお兄さん	mature_male	zh-CN-YunfengNeural	serious	-2%	0.96	100
吉田松陰	吉田松陰	young_female	zh-CN-XiaomengNeural	chat	+5%	1.03	100
機械化兵	機械化兵	mature_male	zh-CN-YunjianNeural	serious	-3%	0.95	100
ウェイバー	ウェイバー	mature_female	zh-CN-XiaoxiaoNeural	gentle	0%	0.96	100
言峰神父	言峰神父	mature_male	zh-CN-YunzeNeural	calm	-4%	0.94	100
謎の少女	謎の少女	young_female	zh-CN-XiaoyiNeural	cheerful	+4%	1.02	100
助六	助六	mature_female	zh-CN-XiaohanNeural	calm	0%	0.97	100
黒い影	黒い影	young_female	zh-CN-XiaomengNeural	chat	+5%	1.03	100
ラフム	ラフム	mature_male	zh-CN-YunfengNeural	serious	-2%	0.96	100
今魔川兵	今魔川兵	mature_male	zh-CN-YunjianNeural	serious	-3%	0.95	100
ログレス	ログレス	mature_female	zh-CN-XiaoruiNeural	calm	-2%	0.94	100
精悍な青年	精悍な青年	androgynous	zh-CN-XiaomoNeural	calm	-1%	0.97	100
ミラー	ミラー	young_male	zh-CN-YunxiaNeural	cheerful	+3%	1.00	100
ブリトマート・オルタ	ブリトマート・オルタ	young_female	zh-CN-XiaohanNeural	gentle	+2%	0.99	100
チャッカリム	チャッカリム	young_female	zh-CN-XiaomengNeural	chat	+5%	1.03	100
モーリス	モーリス	androgynous	zh-CN-YunxiNeural	chat	0%	0.98	100
名も無きアサシン	名も無きアサシン	androgynous	zh-CN-YunxiNeural	chat	0%	0.98	100
スタッフＢ	スタッフＢ	androgynous	zh-CN-XiaomoNeural	calm	-1%	0.97	100
牛魔王	牛魔王	androgynous	zh-CN-YunxiaNeural	calm	+2%	0.99	100
尊子	尊子	mature_female	zh-CN-XiaoruiNeural	calm	-2%	0.94	100
マスカレイド伯爵	マスカレイド伯爵	mature_male	zh-CN-YunfengNeural	serious	-2%	0.96	100
斬ザブロー	斬ザブロー	young_female	zh-CN-XiaoyiNeural	cheerful	+4%	1.02	100
愉快なライダー	愉快なライダー	mature_female	zh-CN-XiaoxiaoNeural	gentle	0%	0.96	100
イシュタリン	イシュタリン	androgynous	zh-CN-YunxiaNeural	calm	+2%	0.99	100
妖精の少女	妖精の少女	androgynous	zh-CN-YunxiNeural	chat	0%	0.98	100
時空を旅する紳士	時空を旅する紳士	mature_male	zh-CN-YunjianNeural	serious	-3%	0.95	100
アジャイ	アジャイ	mature_male	zh-CN-YunzeNeural	calm	-4%	0.94	100
スタルジオ	スタルジオ	mature_female	zh-CN-XiaoruiNeural	calm	-2%	0.94	100
エリザ・アルシア	エリザ・アルシア	mature_female	zh-CN-XiaohanNeural	calm	0%	0.97	100
シータ	シータ	mature_male	zh-CN-YunzeNeural	calm	-4%	0.94	100
孫悟空	孫悟空	mature_male	zh-CN-YunjianNeural	serious	-3%	0.95	100
ジャンヌオルタ	ジャンヌオルタ	mature_male	zh-CN-YunfengNeural	serious	-2%	0.96	100
アダムスカ	アダムスカ	mature_female	zh-CN-XiaoxiaoNeural	gentle	0%	0.96	100
竹取の翁	竹取の翁	mature_female	zh-CN-XiaoruiNeural	calm	-2%	0.94	100
ダゴン	ダゴン	mature_male	zh-CN-YunjianNeural	serious	-3%	0.95	100
マックスウェル	マックスウェル	androgynous	zh-CN-XiaomoNeural	calm	-1%	0.97	100
ハイド	ハイド	young_male	zh-CN-YunxiaNeural	cheerful	+3%	1.00	100
神殿音声	神殿音声	androgynous	zh-CN-XiaomoNeural	calm	-1%	0.97	100
遊び人の金さん	遊び人の金さん	mature_male	zh-CN-YunzeNeural	calm	-4%	0.94	100
エリザベートＪＡＰＡＮ	エリザベートＪＡＰＡＮ	young_male	zh-CN-YunxiNeural	chat	+1%	0.99	100
黒いマリー	黒いマリー	mature_male	zh-CN-YunfengNeural	serious	-2%	0.96	100
ゴッドカレン	ゴッドカレン	androgynous	zh-CN-YunxiaNeural	calm	+2%	0.99	100
タラスク	タラスク	androgynous	zh-CN-XiaomoNeural	calm	-1%	0.97	100
歳殺神・俵藤太	歳殺神・俵藤太	mature_female	zh-CN-XiaohanNeural	calm	0%	0.97	100
ワグ	ワグ	young_female	zh-CN-XiaoyiNeural	cheerful	+4%	1.02	100
ドロシー	ドロシー	young_female	zh-CN-XiaomengNeural	chat	+5%	1.03	100
遮那王	遮那王	young_male	zh-CN-YunxiNeural	chat	+1%	0.99	100
大黒天２号	大黒天２号	young_female	zh-CN-XiaoxiaoNeural	cheerful	+3%	1.00	100
門番	門番	young_female	zh-CN-XiaoyiNeural	cheerful	+4%	1.02	100
アナウンスＡ	アナウンスＡ	androgynous	zh-CN-YunxiNeural	chat	0%	0.98	100
謎のアラフィフ	謎のアラフィフ	mature_female	zh-CN-XiaohanNeural	calm	0%	0.97	100
バーサーク・アサシン	バーサーク・アサシン	mature_female	zh-CN-XiaoruiNeural	calm	-2%	0.94	100
農夫Ａ	農夫Ａ	young_male	zh-CN-YunxiaNeural	cheerful	+3%	1.00	100
ダーニック	ダーニック	young_female	zh-CN-XiaomengNeural	chat	+5%	1.03	100
ミスター・チン	ミスター・チン	young_female	zh-CN-XiaomengNeural	chat	+5%	1.03	100
業炎のワタナベ	業炎のワタナベ	young_female	zh-CN-XiaoyiNeural	cheerful	+4%	1.02	100
鮫	鮫	young_female	zh-CN-XiaoxiaoNeural	cheerful	+3%	1.00	100
デイノニクス11兄弟・七男	デイノニクス11兄弟・七男	young_male	zh-CN-YunxiaNeural	cheerful	+3%	1.00	100
警官	警官	mature_female	zh-CN-XiaoxiaoNeural	gentle	0%	0.96	100
司馬懿	司馬懿	mature_female	zh-CN-XiaohanNeural	calm	0%	0.97	100
宣教師	宣教師	young_male	zh-CN-YunxiNeural	chat	+1%	0.99	100
エルメロイⅡ世（少年）	エルメロイⅡ世（少年）	mature_female	zh-CN-XiaoruiNeural	calm	-2%	0.94	100
うりぼう長	うりぼう長	mature_female	zh-CN-XiaohanNeural	calm	0%	0.97	100
名も無きマスター	名も無きマスター	mature_female	zh-CN-XiaoxiaoNeural	gentle	0%	0.96	100
イシュタル・アシュタレト	イシュタル・アシュタレト	mature_female	zh-CN-XiaoruiNeural	calm	-2%	0.94	100
同人仙人	同人仙人	mature_female	zh-CN-XiaoxiaoNeural	gentle	0%	0.96	100
ミコケル	ミコケル	young_female	zh-CN-XiaoyiNeural	cheerful	+4%	1.02	100
ラニ＝Ｔ	ラニ＝Ｔ	androgynous	zh-CN-XiaomoNeural	calm	-1%	0.97	100
子供たち	子供たち	mature_female	zh-CN-XiaohanNeural	calm	0%	0.97	100
武田信玄	武田信玄	young_male	zh-CN-YunxiNeural	chat	+1%	0.99	100
お猶	お猶	mature_male	zh-CN-YunfengNeural	serious	-2%	0.96	100
田助	田助	androgynous	zh-CN-XiaomoNeural	calm	-1%	0.97	100
キャプテン・スカサハ	キャプテン・スカサハ	mature_male	zh-CN-YunjianNeural	serious	-3%	0.95	100
煉獄オルタ	煉獄オルタ	mature_male	zh-CN-YunzeNeural	calm	-4%	0.94	100
ベン	ベン	androgynous	zh-CN-XiaomoNeural	calm	-1%	0.97	100
お瀧さん	お瀧さん	mature_male	zh-CN-YunjianNeural	serious	-3%	0.95	100
デイノニクス11兄弟	デイノニクス11兄弟	mature_male	zh-CN-YunzeNeural	calm	-4%	0.94	100
豹尾神・鈴鹿御前	豹尾神・鈴鹿御前	young_male	zh-CN-YunxiaNeural	cheerful	+3%	1.00	100
謎の青年	謎の青年	androgynous	zh-CN-XiaomoNeural	calm	-1%	0.97	100
ケイン	ケイン	young_male	zh-CN-YunxiNeural	chat	+1%	0.99	100
謎の不動産業者	謎の不動産業者	mature_male	zh-CN-YunfengNeural	serious	-2%	0.96	100
ヘラクレス島住民	ヘラクレス島住民	mature_female	zh-CN-XiaoruiNeural	calm	-2%	0.94	100
デメテル？	デメテル？	androgynous	zh-CN-YunxiaNeural	calm	+2%	0.99	100
黒髭の鬼	黒髭の鬼	young_male	zh-CN-YunxiNeural	chat	+1%	0.99	100
アサシン？	アサシン？	mature_female	zh-CN-XiaoxiaoNeural	gentle	0%	0.96	100
エリザ・アスクレウス	エリザ・アスクレウス	mature_female	zh-CN-XiaohanNeural	calm	0%	0.97	100
教頭	教頭	mature_female	zh-CN-XiaoruiNeural	calm	-2%	0.94	100
ちびノブ隊長	ちびノブ隊長	young_male	zh-CN-YunxiaNeural	cheerful	+3%	1.00	100
アレクセイ	アレクセイ	androgynous	zh-CN-XiaomoNeural	calm	-1%	0.97	100
E.RA.PHキアラ	SE.RA.PHキアラ	mature_female	zh-CN-XiaohanNeural	calm	0%	0.97	100
黒いイシュタル？	黒いイシュタル？	mature_female	zh-CN-XiaoxiaoNeural	gentle	0%	0.96	100
ドライノッブ	ドライノッブ	androgynous	zh-CN-YunxiaNeural	calm	+2%	0.99	100
古代火星人	古代火星人	mature_male	zh-CN-YunjianNeural	serious	-3%	0.95	100
ルシュド	ルシュド	androgynous	zh-CN-XiaomoNeural	calm	-1%	0.97	100
魔神フェニクス	魔神フェニクス	young_male	zh-CN-YunxiNeural	chat	+1%	0.99	100
妖精の衛士	妖精の衛士	mature_female	zh-CN-XiaoruiNeural	calm	-2%	0.94	100
ＬＳハンター・パープル	ＬＳハンター・パープル	mature_female	zh-CN-XiaoxiaoNeural	gentle	0%	0.96	100
機械音声	機械音声	mature_female	zh-CN-XiaohanNeural	calm	0%	0.97	100
父親	父親	androgynous	zh-CN-YunxiNeural	chat	0%	0.98	100
ヤガ	ヤガ	mature_male	zh-CN-YunfengNeural	serious	-2%	0.96	100
黒い少女	黒い少女	young_male	zh-CN-YunxiaNeural	cheerful	+3%	1.00	100
闇のコヤンスカヤ	闇のコヤンスカヤ	mature_male	zh-CN-YunzeNeural	calm	-4%	0.94	100
語り手	語り手	androgynous	zh-CN-XiaomoNeural	calm	-1%	0.97	100
サリエリ先生	サリエリ先生	androgynous	zh-CN-XiaomoNeural	calm	-1%	0.97	100
鬼	鬼	young_female	zh-CN-XiaomengNeural	chat	+5%	1.03	100
テスタメント	テスタメント	mature_male	zh-CN-YunfengNeural	serious	-2%	0.96	100
カーミラ看守	カーミラ看守	androgynous	zh-CN-YunxiNeural	chat	0%	0.98	100
女神コロンビア	女神コロンビア	androgynous	zh-CN-YunxiaNeural	calm	+2%	0.99	100
ソウスケ	ソウスケ	young_male	zh-CN-YunxiaNeural	cheerful	+3%	1.00	100
カイザー・ノブナガ	カイザー・ノブナガ	androgynous	zh-CN-YunxiNeural	chat	0%	0.98	100
ガウェイン・ザ・マッシュ	ガウェイン・ザ・マッシュ	young_female	zh-CN-XiaomengNeural	chat	+5%	1.03	100
スイートウィッチ	スイートウィッチ	young_female	zh-CN-XiaoyiNeural	cheerful	+4%	1.02	100
天逆神	天逆神	mature_female	zh-CN-XiaoruiNeural	calm	-2%	0.94	100
大焔炎伊吹童子	大焔炎伊吹童子	mature_female	zh-CN-XiaoxiaoNeural	gentle	0%	0.96	100
アステリオス？	アステリオス？	mature_female	zh-CN-XiaoruiNeural	calm	-2%	0.94	100
アニス	アニス	mature_female	zh-CN-XiaohanNeural	calm	0%	0.97	100
紅閻魔・オルタ	紅閻魔・オルタ	young_female	zh-CN-XiaomengNeural	chat	+5%	1.03	100
森蘭丸	森蘭丸	androgynous	zh-CN-XiaomoNeural	calm	-1%	0.97	100
一般兵	一般兵	androgynous	zh-CN-XiaomoNeural	calm	-1%	0.97	100
羅刹女	羅刹女	mature_male	zh-CN-YunzeNeural	calm	-4%	0.94	100
東部の子供たち	東部の子供たち	young_male	zh-CN-YunxiaNeural	cheerful	+3%	1.00	100
甘い女の声	甘い女の声	young_female	zh-CN-XiaoyiNeural	cheerful	+4%	1.02	100
暴君	暴君	mature_female	zh-CN-XiaohanNeural	calm	0%	0.97	100
アドリアナ	アドリアナ	mature_male	zh-CN-YunjianNeural	serious	-3%	0.95	100
子供Ａ	子供Ａ	androgynous	zh-CN-YunxiNeural	chat	0%	0.98	100
歌川豊国	歌川豊国	young_female	zh-CN-XiaomengNeural	chat	+5%	1.03	100
足軽沖田さん	足軽沖田さん	mature_female	zh-CN-XiaoruiNeural	calm	-2%	0.94	100
アビゲイル・サンタ	アビゲイル・サンタ	androgynous	zh-CN-XiaomoNeural	calm	-1%	0.97	100
農夫Ｂ	農夫Ｂ	mature_male	zh-CN-YunjianNeural	serious	-3%	0.95	100
サンタズムーン	サンタズムーン	young_female	zh-CN-XiaoyiNeural	cheerful	+4%	1.02	100
魔・沖田総司	魔・沖田総司	mature_female	zh-CN-XiaoxiaoNeural	gentle	0%	0.96	100
カジノ魔王	カジノ魔王	mature_female	zh-CN-XiaohanNeural	calm	0%	0.97	100
獅子心王	獅子心王	androgynous	zh-CN-YunxiNeural	chat	0%	0.98	100
光のコヤンスカヤ	光のコヤンスカヤ	androgynous	zh-CN-YunxiaNeural	calm	+2%	0.99	100
ルキウス	ルキウス	mature_male	zh-CN-YunfengNeural	serious	-2%	0.96	100
エヴァ	エヴァ	androgynous	zh-CN-XiaomoNeural	calm	-1%	0.97	100
蛇庄屋	蛇庄屋	mature_male	zh-CN-YunzeNeural	calm	-4%	0.94	100
鬼柴田	鬼柴田	androgynous	zh-CN-YunxiNeural	chat	0%	0.98	100
罪人	罪人	androgynous	zh-CN-YunxiaNeural	calm	+2%	0.99	100
サーヴァント	サーヴァント	young_male	zh-CN-YunxiaNeural	cheerful	+3%	1.00	100
キングエリザ	キングエリザ	young_female	zh-CN-XiaomengNeural	chat	+5%	1.03	100
ツチノコ	ツチノコ	mature_male	zh-CN-YunzeNeural	calm	-4%	0.94	100
カルデア技師	カルデア技師	androgynous	zh-CN-XiaomoNeural	calm	-1%	0.97	100
幼いわたし	幼いわたし	mature_female	zh-CN-XiaoruiNeural	calm	-2%	0.94	100
明里	明里	young_female	zh-CN-XiaoyiNeural	cheerful	+4%	1.02	100
白衣の男性	白衣の男性	young_male	zh-CN-YunxiNeural	chat	+1%	0.99	100
お兄さん	お兄さん	young_male	zh-CN-YunxiNeural	chat	+1%	0.99	100
難民の男性	難民の男性	androgynous	zh-CN-XiaomoNeural	calm	-1%	0.97	100
子供Ｂ	子供Ｂ	young_male	zh-CN-YunxiaNeural	cheerful	+3%	1.00	100
沖田さん	沖田さん	young_female	zh-CN-XiaoyiNeural	cheerful	+4%	1.02	100
女の子	女の子	mature_female	zh-CN-XiaoxiaoNeural	gentle	0%	0.96	100
新選組隊士	新選組隊士	young_male	zh-CN-YunxiNeural	chat	+1%	0.99	100
「Ｐ」	「Ｐ」	young_male	zh-CN-YunxiaNeural	cheerful	+3%	1.00	100
クリングゾール	クリングゾール	young_male	zh-CN-YunxiNeural	chat	+1%	0.99	100
士官	士官	androgynous	zh-CN-XiaomoNeural	calm	-1%	0.97	100
ドルセント	ドルセント	young_male	zh-CN-YunxiaNeural	cheerful	+3%	1.00	100
猿面の怪	猿面の怪	mature_female	zh-CN-XiaoruiNeural	calm	-2%	0.94	100
今川氏真	今川氏真	mature_male	zh-CN-YunjianNeural	serious	-3%	0.95	100
桜セイバー	桜セイバー	young_female	zh-CN-XiaomengNeural	chat	+5%	1.03	100
アスカラポス	アスカラポス	young_male	zh-CN-YunxiaNeural	cheerful	+3%	1.00	100
逸れのルーラー	逸れのルーラー	androgynous	zh-CN-XiaomoNeural	calm	-1%	0.97	100
魔神フラウロス	魔神フラウロス	mature_female	zh-CN-XiaoxiaoNeural	gentle	0%	0.96	100
ランサーオルタ	ランサーオルタ	young_male	zh-CN-YunxiNeural	chat	+1%	0.99	100
薄幸の巫女忍者	薄幸の巫女忍者	young_male	zh-CN-YunxiaNeural	cheerful	+3%	1.00	100
スーパー卑弥呼	スーパー卑弥呼	young_female	zh-CN-XiaoyiNeural	cheerful	+4%	1.02	100
ビリー・ザ・フラッシュ	ビリー・ザ・フラッシュ	young_male	zh-CN-YunxiNeural	chat	+1%	0.99	100
とおりすがりの麗人	とおりすがりの麗人	young_male	zh-CN-YunxiNeural	chat	+1%	0.99	100
キングサンタ	キングサンタ	mature_male	zh-CN-YunfengNeural	serious	-2%	0.96	100
粛正騎士	粛正騎士	androgynous	zh-CN-XiaomoNeural	calm	-1%	0.97	100
チビドラゴン	チビドラゴン	mature_female	zh-CN-XiaohanNeural	calm	0%	0.97	100
アーサメ	アーサメ	mature_male	zh-CN-YunfengNeural	serious	-2%	0.96	100
酷吏	酷吏	androgynous	zh-CN-XiaomoNeural	calm	-1%	0.97	100
ミノタウロス	ミノタウロス	young_male	zh-CN-YunxiaNeural	cheerful	+3%	1.00	100
オーロラの声	オーロラの声	mature_female	zh-CN-XiaohanNeural	calm	0%	0.97	100
男性	男性	young_male	zh-CN-YunxiNeural	chat	+1%	0.99	100
セリエナ	セリエナ	mature_female	zh-CN-XiaoxiaoNeural	gentle	0%	0.96	100
ゴッホの絵筆？	ゴッホの絵筆？	young_female	zh-CN-XiaomengNeural	chat	+5%	1.03	100
ブラックサンタ	ブラックサンタ	young_female	zh-CN-XiaoyiNeural	cheerful	+4%	1.02	100
鞭の鬼	鞭の鬼	androgynous	zh-CN-XiaomoNeural	calm	-1%	0.97	100
浅井茶々	浅井茶々	mature_female	zh-CN-XiaoruiNeural	calm	-2%	0.94	100
コスモキャット・キャット	コスモキャット・キャット	young_male	zh-CN-YunxiaNeural	cheerful	+3%	1.00	100
ムラサキ	ムラサキ	young_female	zh-CN-XiaomengNeural	chat	+5%	1.03	100
ふじのん	ふじのん	young_male	zh-CN-YunxiNeural	chat	+1%	0.99	100
女性の声	女性の声	mature_female	zh-CN-XiaoxiaoNeural	gentle	0%	0.96	100
第１６代将軍・徳川クロフネ	第１６代将軍・徳川クロフネ	androgynous	zh-CN-XiaomoNeural	calm	-1%	0.97	100
かしんこちゃん	かしんこちゃん	mature_female	zh-CN-XiaoruiNeural	calm	-2%	0.94	100
紅孩児	紅孩児	mature_male	zh-CN-YunjianNeural	serious	-3%	0.95	100
ティミ	ティミ	mature_female	zh-CN-XiaohanNeural	calm	0%	0.97	100
フードの男	フードの男	young_male	zh-CN-YunxiaNeural	cheerful	+3%	1.00	100
医者	医者	androgynous	zh-CN-XiaomoNeural	calm	-1%	0.97	100
机の上の虫	机の上の虫	androgynous	zh-CN-YunxiNeural	chat	0%	0.98	100
源満仲	源満仲	mature_female	zh-CN-XiaohanNeural	calm	0%	0.97	100
女王騎士	女王騎士	young_male	zh-CN-YunxiaNeural	cheerful	+3%	1.00	100
女武者	女武者	young_female	zh-CN-XiaomengNeural	chat	+5%	1.03	100
talkie	talkie	androgynous	zh-CN-XiaomoNeural	calm	-1%	0.97	100
アヤ＝メル・ケーカ社長	アヤ＝メル・ケーカ社長	young_female	zh-CN-XiaoyiNeural	cheerful	+4%	1.02	100
ジャック（バーサーカー）	ジャック（バーサーカー）	androgynous	zh-CN-YunxiNeural	chat	0%	0.98	100
マスター	マスター	mature_female	zh-CN-XiaoruiNeural	calm	-2%	0.94	100
お国	お国	androgynous	zh-CN-YunxiaNeural	calm	+2%	0.99	100
城勤めの武士	城勤めの武士	mature_male	zh-CN-YunzeNeural	calm	-4%	0.94	100
騎士ポーチュン	騎士ポーチュン	young_female	zh-CN-XiaoyiNeural	cheerful	+4%	1.02	100
悪しきガルラ霊	悪しきガルラ霊	mature_female	zh-CN-XiaoxiaoNeural	gentle	0%	0.96	100
アネト号	アネト号	mature_male	zh-CN-YunzeNeural	calm	-4%	0.94	100
お花	お花	young_female	zh-CN-XiaomengNeural	chat	+5%	1.03	100
ヤガ（子供）	ヤガ（子供）	young_female	zh-CN-XiaoyiNeural	cheerful	+4%	1.02	100
海賊Ａ	海賊Ａ	androgynous	zh-CN-XiaomoNeural	calm	-1%	0.97	100
書記官メルディック	書記官メルディック	young_male	zh-CN-YunxiaNeural	cheerful	+3%	1.00	100
モリアーティ（？）	モリアーティ（？）	mature_female	zh-CN-XiaoxiaoNeural	gentle	0%	0.96	100
テオドリック・オルタ	テオドリック・オルタ	mature_female	zh-CN-XiaoruiNeural	calm	-2%	0.94	100
トマス・ドウティ	トマス・ドウティ	mature_male	zh-CN-YunfengNeural	serious	-2%	0.96	100
ナイチンゲール看守	ナイチンゲール看守	mature_female	zh-CN-XiaohanNeural	calm	0%	0.97	100
柴田勝家	柴田勝家	young_male	zh-CN-YunxiNeural	chat	+1%	0.99	100
毛の生えた蛇竜人	毛の生えた蛇竜人	mature_female	zh-CN-XiaoxiaoNeural	gentle	0%	0.96	100
マイク	マイク	mature_male	zh-CN-YunjianNeural	serious	-3%	0.95	100
ネコアルクＶ	ネコアルクＶ	androgynous	zh-CN-XiaomoNeural	calm	-1%	0.97	100
司会者の妖精	司会者の妖精	young_female	zh-CN-XiaomengNeural	chat	+5%	1.03	100
駒鳥	駒鳥	mature_female	zh-CN-XiaohanNeural	calm	0%	0.97	100
獣人	獣人	androgynous	zh-CN-YunxiaNeural	calm	+2%	0.99	100
兵卒	兵卒	mature_female	zh-CN-XiaoruiNeural	calm	-2%	0.94	100
畑の妖精	畑の妖精	mature_male	zh-CN-YunjianNeural	serious	-3%	0.95	100
ロンディニウムの少年	ロンディニウムの少年	androgynous	zh-CN-YunxiNeural	chat	0%	0.98	100
折田さん	折田さん	mature_male	zh-CN-YunzeNeural	calm	-4%	0.94	100
町民	町民	mature_female	zh-CN-XiaoruiNeural	calm	-2%	0.94	100
ヴィクター	ヴィクター	androgynous	zh-CN-XiaomoNeural	calm	-1%	0.97	100
天の衣	天の衣	mature_male	zh-CN-YunfengNeural	serious	-2%	0.96	100
工場長	工場長	mature_male	zh-CN-YunfengNeural	serious	-2%	0.96	100
盗賊頭	盗賊頭	young_female	zh-CN-XiaoyiNeural	cheerful	+4%	1.02	100
奇兵隊員	奇兵隊員	young_female	zh-CN-XiaomengNeural	chat	+5%	1.03	100
マーリン（解説）	マーリン（解説）	mature_female	zh-CN-XiaohanNeural	calm	0%	0.97	100
がっしりした蛇竜人	がっしりした蛇竜人	young_male	zh-CN-YunxiNeural	chat	+1%	0.99	100
佐々木	佐々木	young_female	zh-CN-XiaoyiNeural	cheerful	+4%	1.02	100
南光坊天海	南光坊天海	young_female	zh-CN-XiaomengNeural	chat	+5%	1.03	100
士郎さん	士郎さん	androgynous	zh-CN-YunxiaNeural	calm	+2%	0.99	100
マリー？	マリー？	mature_male	zh-CN-YunjianNeural	serious	-3%	0.95	100
バーサーク・ランサー	バーサーク・ランサー	young_male	zh-CN-YunxiNeural	chat	+1%	0.99	100
ティテュバ	ティテュバ	mature_female	zh-CN-XiaoxiaoNeural	gentle	0%	0.96	100
謎の黒騎士	謎の黒騎士	mature_female	zh-CN-XiaoruiNeural	calm	-2%	0.94	100
ライオンマン	ライオンマン	androgynous	zh-CN-XiaomoNeural	calm	-1%	0.97	100
雨の魔女トネリコ	雨の魔女トネリコ	androgynous	zh-CN-XiaomoNeural	calm	-1%	0.97	100
魔獣ルクスリア	魔獣ルクスリア	mature_female	zh-CN-XiaoxiaoNeural	gentle	0%	0.96	100
トキオミという名の男	トキオミという名の男	mature_female	zh-CN-XiaohanNeural	calm	0%	0.97	100
ウィリアム	ウィリアム	young_female	zh-CN-XiaomengNeural	chat	+5%	1.03	100
目慈恵怒	目慈恵怒	androgynous	zh-CN-YunxiaNeural	calm	+2%	0.99	100
エロース	エロース	young_female	zh-CN-XiaoyiNeural	cheerful	+4%	1.02	100
女王の家来	女王の家来	young_male	zh-CN-YunxiaNeural	cheerful	+3%	1.00	100
ウルク市民	ウルク市民	mature_male	zh-CN-YunzeNeural	calm	-4%	0.94	100
手下の妖女	手下の妖女	mature_female	zh-CN-XiaoxiaoNeural	gentle	0%	0.96	100
炎の快男児	炎の快男児	young_female	zh-CN-XiaoyiNeural	cheerful	+4%	1.02	100
異星の巫女	異星の巫女	young_female	zh-CN-XiaomengNeural	chat	+5%	1.03	100
通信記録	通信記録	young_female	zh-CN-XiaoyiNeural	cheerful	+4%	1.02	100
源氏郎等	源氏郎等	mature_female	zh-CN-XiaoruiNeural	calm	-2%	0.94	100
ウィンキー	ウィンキー	young_female	zh-CN-XiaomengNeural	chat	+5%	1.03	100
魔猪	魔猪	young_female	zh-CN-XiaoyiNeural	cheerful	+4%	1.02	100
ミズ・ロンドン	ミズ・ロンドン	young_male	zh-CN-YunxiNeural	chat	+1%	0.99	100
ミラー／イリヤ	ミラー／イリヤ	young_male	zh-CN-YunxiaNeural	cheerful	+3%	1.00	100
バベジン	バベジン	young_female	zh-CN-XiaomengNeural	chat	+5%	1.03	100
トキオミ教授	トキオミ教授	young_male	zh-CN-YunxiNeural	chat	+1%	0.99	100
アマノサカガミ	アマノサカガミ	mature_female	zh-CN-XiaohanNeural	calm	0%	0.97	100
テュフォン	テュフォン	young_female	zh-CN-XiaomengNeural	chat	+5%	1.03	100
超千利休	超千利休	young_female	zh-CN-XiaoyiNeural	cheerful	+4%	1.02	100
『神父』の使い魔	『神父』の使い魔	mature_female	zh-CN-XiaoruiNeural	calm	-2%	0.94	100
マスク・ド・バリツ	マスク・ド・バリツ	androgynous	zh-CN-XiaomoNeural	calm	-1%	0.97	100
仔犬	仔犬	mature_female	zh-CN-XiaohanNeural	calm	0%	0.97	100
ラニ＝Ｂ	ラニ＝Ｂ	mature_female	zh-CN-XiaoxiaoNeural	gentle	0%	0.96	100
三河屋のハサン	三河屋のハサン	young_male	zh-CN-YunxiaNeural	cheerful	+3%	1.00	100
女の声	女の声	mature_male	zh-CN-YunfengNeural	serious	-2%	0.96	100
解説	解説	young_male	zh-CN-YunxiNeural	chat	+1%	0.99	100
魔神バアル	魔神バアル	androgynous	zh-CN-XiaomoNeural	calm	-1%	0.97	100
羊飼い	羊飼い	mature_male	zh-CN-YunzeNeural	calm	-4%	0.94	100
ローブの人物	ローブの人物	young_male	zh-CN-YunxiNeural	chat	+1%	0.99	100
黄金の大武者	黄金の大武者	mature_female	zh-CN-XiaoxiaoNeural	gentle	0%	0.96	100
シドニー・ハーバート	シドニー・ハーバート	androgynous	zh-CN-XiaomoNeural	calm	-1%	0.97	100
織田信勝（ノッブIN）	織田信勝（ノッブIN）	young_male	zh-CN-YunxiaNeural	cheerful	+3%	1.00	100
カルデアの者	カルデアの者	young_male	zh-CN-YunxiaNeural	cheerful	+3%	1.00	100
黒い服の男	黒い服の男	young_female	zh-CN-XiaomengNeural	chat	+5%	1.03	100
官軍	官軍	androgynous	zh-CN-XiaomoNeural	calm	-1%	0.97	100
信徒	信徒	mature_male	zh-CN-YunjianNeural	serious	-3%	0.95	100
黄天祥	黄天祥	mature_male	zh-CN-YunjianNeural	serious	-3%	0.95	100
オセロトル	オセロトル	mature_female	zh-CN-XiaoruiNeural	calm	-2%	0.94	100
ハロバロミア	ハロバロミア	mature_female	zh-CN-XiaohanNeural	calm	0%	0.97	100
観測装置	観測装置	mature_female	zh-CN-XiaohanNeural	calm	0%	0.97	100
トリムマウ	トリムマウ	mature_female	zh-CN-XiaoxiaoNeural	gentle	0%	0.96	100
デミ・フェット	デミ・フェット	young_female	zh-CN-XiaoyiNeural	cheerful	+4%	1.02	100
小動物	小動物	young_female	zh-CN-XiaoyiNeural	cheerful	+4%	1.02	100
大いなる石像神	大いなる石像神	androgynous	zh-CN-YunxiNeural	chat	0%	0.98	100
ストリートアイドル・少女Ａ	ストリートアイドル・少女Ａ	mature_female	zh-CN-XiaoruiNeural	calm	-2%	0.94	100
武市半平太	武市半平太	mature_male	zh-CN-YunzeNeural	calm	-4%	0.94	100
暗がりの商人	暗がりの商人	mature_female	zh-CN-XiaoruiNeural	calm	-2%	0.94	100
トントゥたち	トントゥたち	young_male	zh-CN-YunxiaNeural	cheerful	+3%	1.00	100
ホテルスタッフ	ホテルスタッフ	mature_female	zh-CN-XiaohanNeural	calm	0%	0.97	100
シリウス	シリウス	young_male	zh-CN-YunxiNeural	chat	+1%	0.99	100
セイバー・エンピレオ	セイバー・エンピレオ	androgynous	zh-CN-XiaomoNeural	calm	-1%	0.97	100
獨角兕大王	獨角兕大王	mature_female	zh-CN-XiaoxiaoNeural	gentle	0%	0.96	100
太上老君	太上老君	young_male	zh-CN-YunxiNeural	chat	+1%	0.99	100
ドーガ	ドーガ	mature_male	zh-CN-YunfengNeural	serious	-2%	0.96	100
名なしの妖精	名なしの妖精	mature_female	zh-CN-XiaoxiaoNeural	gentle	0%	0.96	100
ソールズベリーの兵士・Ａ	ソールズベリーの兵士・Ａ	androgynous	zh-CN-XiaomoNeural	calm	-1%	0.97	100
失意の庭のアルトリア	失意の庭のアルトリア	androgynous	zh-CN-YunxiaNeural	calm	+2%	0.99	100
配膳ロボット	配膳ロボット	young_male	zh-CN-YunxiaNeural	cheerful	+3%	1.00	100
アン＆メアリー	アン＆メアリー	mature_female	zh-CN-XiaohanNeural	calm	0%	0.97	100
李白	李白	mature_female	zh-CN-XiaoruiNeural	calm	-2%	0.94	100
ゴースト	ゴースト	mature_female	zh-CN-XiaoruiNeural	calm	-2%	0.94	100
ヒロインＸ	ヒロインＸ	mature_female	zh-CN-XiaoxiaoNeural	gentle	0%	0.96	100
女魔術師	女魔術師	androgynous	zh-CN-XiaomoNeural	calm	-1%	0.97	100
女王	女王	mature_female	zh-CN-XiaohanNeural	calm	0%	0.97	100
超ベイビィカレン	超ベイビィカレン	young_male	zh-CN-YunxiNeural	chat	+1%	0.99	100
ウァレンティヌス	ウァレンティヌス	mature_male	zh-CN-YunjianNeural	serious	-3%	0.95	100
黒幕	黒幕	young_male	zh-CN-YunxiNeural	chat	+1%	0.99	100
お姉さん	お姉さん	mature_female	zh-CN-XiaoruiNeural	calm	-2%	0.94	100
観客	観客	mature_female	zh-CN-XiaohanNeural	calm	0%	0.97	100
市民Ａ	市民Ａ	mature_female	zh-CN-XiaoxiaoNeural	gentle	0%	0.96	100
ランサーのマスター	ランサーのマスター	mature_female	zh-CN-XiaoxiaoNeural	gentle	0%	0.96	100
黄天化	黄天化	mature_male	zh-CN-YunfengNeural	serious	-2%	0.96	100
ワニ兵士	ワニ兵士	mature_female	zh-CN-XiaoruiNeural	calm	-2%	0.94	100
妖精の行商団	妖精の行商団	mature_female	zh-CN-XiaohanNeural	calm	0%	0.97	100
ローマ兵	ローマ兵	young_male	zh-CN-YunxiaNeural	cheerful	+3%	1.00	100
黒騎士	黒騎士	young_female	zh-CN-XiaomengNeural	chat	+5%	1.03	100
ひび割れた男	ひび割れた男	mature_female	zh-CN-XiaohanNeural	calm	0%	0.97	100
神霊アストライア	神霊アストライア	androgynous	zh-CN-XiaomoNeural	calm	-1%	0.97	100
ゴッド・ブレス・エジソン	ゴッド・ブレス・エジソン	mature_male	zh-CN-YunzeNeural	calm	-4%	0.94	100
真田エミ村	真田エミ村	young_female	zh-CN-XiaoyiNeural	cheerful	+4%	1.02	100
ゴリウー系女王	ゴリウー系女王	androgynous	zh-CN-XiaomoNeural	calm	-1%	0.97	100
虎名主	虎名主	young_female	zh-CN-XiaomengNeural	chat	+5%	1.03	100
フジツボ	フジツボ	young_male	zh-CN-YunxiNeural	chat	+1%	0.99	100
ミス・クレーン（本質体）	ミス・クレーン（本質体）	young_female	zh-CN-XiaomengNeural	chat	+5%	1.03	100
チョコレートの精霊	チョコレートの精霊	young_female	zh-CN-XiaoyiNeural	cheerful	+4%	1.02	100
テオ＝ツタンカーメン	テオ＝ツタンカーメン	mature_male	zh-CN-YunfengNeural	serious	-2%	0.96	100
プレラーティズ	プレラーティズ	young_male	zh-CN-YunxiaNeural	cheerful	+3%	1.00	100
アスカラポス＝アケローン	アスカラポス＝アケローン	young_female	zh-CN-XiaomengNeural	chat	+5%	1.03	100
真紅の大武者	真紅の大武者	young_female	zh-CN-XiaoyiNeural	cheerful	+4%	1.02	100
クアウトリ	クアウトリ	young_male	zh-CN-YunxiaNeural	cheerful	+3%	1.00	100
開祖の霊	開祖の霊	mature_female	zh-CN-XiaoxiaoNeural	gentle	0%	0.96	100
謎の少年	謎の少年	young_female	zh-CN-XiaomengNeural	chat	+5%	1.03	100
水着沖田さん	水着沖田さん	mature_male	zh-CN-YunjianNeural	serious	-3%	0.95	100
セレブな客Ａ	セレブな客Ａ	young_male	zh-CN-YunxiNeural	chat	+1%	0.99	100
カール大帝	カール大帝	young_male	zh-CN-YunxiaNeural	cheerful	+3%	1.00	100
男の子	男の子	young_male	zh-CN-YunxiNeural	chat	+1%	0.99	100
冷ややかな剣鬼	冷ややかな剣鬼	mature_female	zh-CN-XiaoruiNeural	calm	-2%	0.94	100
牧師	牧師	mature_male	zh-CN-YunzeNeural	calm	-4%	0.94	100
７人目の妖精	７人目の妖精	mature_female	zh-CN-XiaoxiaoNeural	gentle	0%	0.96	100
王の氏族たち	王の氏族たち	young_female	zh-CN-XiaoyiNeural	cheerful	+4%	1.02	100
ハーゲン	ハーゲン	androgynous	zh-CN-XiaomoNeural	calm	-1%	0.97	100
マックスウェルの悪魔	マックスウェルの悪魔	mature_male	zh-CN-YunfengNeural	serious	-2%	0.96	100
紳士と獅子	紳士と獅子	mature_male	zh-CN-YunjianNeural	serious	-3%	0.95	100
クリシュナ	クリシュナ	androgynous	zh-CN-XiaomoNeural	calm	-1%	0.97	100
隊士	隊士	young_female	zh-CN-XiaomengNeural	chat	+5%	1.03	100
Ｚ	Ｚ	androgynous	zh-CN-XiaomoNeural	calm	-1%	0.97	100
武士	武士	young_male	zh-CN-YunxiNeural	chat	+1%	0.99	100
北斎の娘	北斎の娘	young_male	zh-CN-YunxiaNeural	cheerful	+3%	1.00	100
雀（五官）	雀（五官）	androgynous	zh-CN-XiaomoNeural	calm	-1%	0.97	100
真祖の姫	真祖の姫	androgynous	zh-CN-YunxiaNeural	calm	+2%	0.99	100
玉兎輝夜	玉兎輝夜	androgynous	zh-CN-XiaomoNeural	calm	-1%	0.97	100
従業員	従業員	mature_male	zh-CN-YunzeNeural	calm	-4%	0.94	100
クリストファー	クリストファー	androgynous	zh-CN-YunxiNeural	chat	0%	0.98	100
スパルタクスＰ・Ｘ	スパルタクスＰ・Ｘ	young_female	zh-CN-XiaoyiNeural	cheerful	+4%	1.02	100
神秘的な美女	神秘的な美女	mature_male	zh-CN-YunjianNeural	serious	-3%	0.95	100
第七天魔王ノブナカッツ	第七天魔王ノブナカッツ	mature_female	zh-CN-XiaohanNeural	calm	0%	0.97	100
チカちゃん	チカちゃん	mature_female	zh-CN-XiaoruiNeural	calm	-2%	0.94	100
ガブリエラ	ガブリエラ	androgynous	zh-CN-YunxiaNeural	calm	+2%	0.99	100
量産型コロンブス	量産型コロンブス	mature_male	zh-CN-YunfengNeural	serious	-2%	0.96	100
お捨	お捨	mature_male	zh-CN-YunzeNeural	calm	-4%	0.94	100
男の声	男の声	androgynous	zh-CN-XiaomoNeural	calm	-1%	0.97	100
ノリッジの憲兵	ノリッジの憲兵	young_female	zh-CN-XiaoyiNeural	cheerful	+4%	1.02	100
ネモ・マリーンＡ	ネモ・マリーンＡ	young_female	zh-CN-XiaomengNeural	chat	+5%	1.03	100
ご隠居	ご隠居	young_female	zh-CN-XiaoyiNeural	cheerful	+4%	1.02	100
格ロエさん	格ロエさん	mature_female	zh-CN-XiaohanNeural	calm	0%	0.97	100
黒コートの男	黒コートの男	young_female	zh-CN-XiaomengNeural	chat	+5%	1.03	100
ＢＢペレ	ＢＢペレ	androgynous	zh-CN-YunxiNeural	chat	0%	0.98	100
黄天爵	黄天爵	mature_female	zh-CN-XiaoruiNeural	calm	-2%	0.94	100
【朱之介】	【朱之介】	young_male	zh-CN-YunxiNeural	chat	+1%	0.99	100
ラニ＝Ｋ	ラニ＝Ｋ	young_female	zh-CN-XiaomengNeural	chat	+5%	1.03	100
難民の女性	難民の女性	mature_female	zh-CN-XiaoxiaoNeural	gentle	0%	0.96	100
ウル市民	ウル市民	young_male	zh-CN-YunxiaNeural	cheerful	+3%	1.00	100
オリュンポスの双子	オリュンポスの双子	mature_female	zh-CN-XiaohanNeural	calm	0%	0.97	100
村長	村長	young_male	zh-CN-YunxiNeural	chat	+1%	0.99	100
失意のあなた	失意のあなた	mature_male	zh-CN-YunzeNeural	calm	-4%	0.94	100
ゲーリュオーン	ゲーリュオーン	mature_male	zh-CN-YunfengNeural	serious	-2%	0.96	100
スペーストシゾー	スペーストシゾー	mature_male	zh-CN-YunjianNeural	serious	-3%	0.95	100
スターシップ・アフロディーテ	スターシップ・アフロディーテ	mature_male	zh-CN-YunfengNeural	serious	-2%	0.96	100
スターシップ・デメテル	スターシップ・デメテル	mature_female	zh-CN-XiaoruiNeural	calm	-2%	0.94	100
キャスター・リンボ？	キャスター・リンボ？	androgynous	zh-CN-XiaomoNeural	calm	-1%	0.97	100
光秀	光秀	young_male	zh-CN-YunxiaNeural	cheerful	+3%	1.00	100
第六天魔王・明智光秀	第六天魔王・明智光秀	androgynous	zh-CN-XiaomoNeural	calm	-1%	0.97	100
奄美少将	奄美少将	mature_male	zh-CN-YunjianNeural	serious	-3%	0.95	100
ライトアーム課長	ライトアーム課長	mature_female	zh-CN-XiaoxiaoNeural	gentle	0%	0.96	100
高千穂の大蛇	高千穂の大蛇	mature_female	zh-CN-XiaoruiNeural	calm	-2%	0.94	100
店員さん	店員さん	androgynous	zh-CN-YunxiNeural	chat	0%	0.98	100
謎の老婆	謎の老婆	young_male	zh-CN-YunxiaNeural	cheerful	+3%	1.00	100
オリュンポス兵	オリュンポス兵	mature_male	zh-CN-YunzeNeural	calm	-4%	0.94	100
エレノアの父	エレノアの父	young_male	zh-CN-YunxiNeural	chat	+1%	0.99	100
黄天禄	黄天禄	young_male	zh-CN-YunxiaNeural	cheerful	+3%	1.00	100
ＸＸ	ＸＸ	mature_female	zh-CN-XiaohanNeural	calm	0%	0.97	100
ぐっ様人形	ぐっ様人形	androgynous	zh-CN-XiaomoNeural	calm	-1%	0.97	100
ヘスティア島住民	ヘスティア島住民	androgynous	zh-CN-XiaomoNeural	calm	-1%	0.97	100
船員“眼帯”	船員“眼帯”	androgynous	zh-CN-YunxiNeural	chat	0%	0.98	100
ペルセイス島の狩人	ペルセイス島の狩人	mature_male	zh-CN-YunzeNeural	calm	-4%	0.94	100
赤髪の妖精	赤髪の妖精	mature_male	zh-CN-YunfengNeural	serious	-2%	0.96	100
過去のジキル	過去のジキル	young_female	zh-CN-XiaoyiNeural	cheerful	+4%	1.02	100
謎の影Ａ	謎の影Ａ	young_male	zh-CN-YunxiaNeural	cheerful	+3%	1.00	100
キザな蛇竜人	キザな蛇竜人	young_male	zh-CN-YunxiNeural	chat	+1%	0.99	100
チンピラＡ	チンピラＡ	young_male	zh-CN-YunxiaNeural	cheerful	+3%	1.00	100
ネモ・マリーンＢ	ネモ・マリーンＢ	androgynous	zh-CN-XiaomoNeural	calm	-1%	0.97	100
ダーク・ラン	ダーク・ラン	androgynous	zh-CN-XiaomoNeural	calm	-1%	0.97	100
九紋龍史進	九紋龍史進	mature_male	zh-CN-YunjianNeural	serious	-3%	0.95	100
楊貴妃Ａ	楊貴妃Ａ	androgynous	zh-CN-XiaomoNeural	calm	-1%	0.97	100
伊吹姉さん	伊吹姉さん	androgynous	zh-CN-YunxiaNeural	calm	+2%	0.99	100
楊貴妃Ｂ	楊貴妃Ｂ	mature_female	zh-CN-XiaoxiaoNeural	gentle	0%	0.96	100
シェフィールドの衛士	シェフィールドの衛士	androgynous	zh-CN-YunxiNeural	chat	0%	0.98	100
観光客Ａ	観光客Ａ	young_female	zh-CN-XiaomengNeural	chat	+5%	1.03	100
魔神柱	魔神柱	mature_male	zh-CN-YunzeNeural	calm	-4%	0.94	100
バーサーク・セイバー	バーサーク・セイバー	androgynous	zh-CN-YunxiNeural	chat	0%	0.98	100
ジウスドゥラ	ジウスドゥラ	young_female	zh-CN-XiaoyiNeural	cheerful	+4%	1.02	100
魔神ラウム	魔神ラウム	young_male	zh-CN-YunxiaNeural	cheerful	+3%	1.00	100
合成音声	合成音声	young_male	zh-CN-YunxiNeural	chat	+1%	0.99	100
女王軍・騎士	女王軍・騎士	young_female	zh-CN-XiaomengNeural	chat	+5%	1.03	100
メヒコの王	メヒコの王	mature_female	zh-CN-XiaohanNeural	calm	0%	0.97	100
ロビン	ロビン	mature_male	zh-CN-YunjianNeural	serious	-3%	0.95	100
悪メフィスト	悪メフィスト	mature_male	zh-CN-YunfengNeural	serious	-2%	0.96	100
善メフィスト	善メフィスト	mature_male	zh-CN-YunjianNeural	serious	-3%	0.95	100
ローリー	ローリー	androgynous	zh-CN-XiaomoNeural	calm	-1%	0.97	100
本	本	mature_male	zh-CN-YunzeNeural	calm	-4%	0.94	100
ＰＢ	ＰＢ	young_female	zh-CN-XiaoyiNeural	cheerful	+4%	1.02	100
キングサンタ１０８	キングサンタ１０８	young_male	zh-CN-YunxiaNeural	cheerful	+3%	1.00	100
京極	京極	mature_female	zh-CN-XiaoxiaoNeural	gentle	0%	0.96	100
男Ａ	男Ａ	young_male	zh-CN-YunxiNeural	chat	+1%	0.99	100
メイド	メイド	young_female	zh-CN-XiaoyiNeural	cheerful	+4%	1.02	100
サメ兵士	サメ兵士	young_female	zh-CN-XiaomengNeural	chat	+5%	1.03	100
バーサーク・ライダー	バーサーク・ライダー	young_female	zh-CN-XiaomengNeural	chat	+5%	1.03	100
店主	店主	mature_male	zh-CN-YunfengNeural	serious	-2%	0.96	100
老婆	老婆	young_female	zh-CN-XiaoyiNeural	cheerful	+4%	1.02	100
女海賊	女海賊	mature_female	zh-CN-XiaoruiNeural	calm	-2%	0.94	100
カーター《ラウム》	カーター《ラウム》	mature_female	zh-CN-XiaoruiNeural	calm	-2%	0.94	100
若武者	若武者	young_male	zh-CN-YunxiaNeural	cheerful	+3%	1.00	100
牙の氏族の頭	牙の氏族の頭	mature_male	zh-CN-YunzeNeural	calm	-4%	0.94	100
クラス・バーサーカー	クラス・バーサーカー	young_female	zh-CN-XiaoxiaoNeural	cheerful	+3%	1.00	100
穏やかなディノス	穏やかなディノス	mature_male	zh-CN-YunfengNeural	serious	-2%	0.96	100
ナーサリー・ライム（？）	ナーサリー・ライム（？）	androgynous	zh-CN-XiaomoNeural	calm	-1%	0.97	100
手紙	手紙	young_male	zh-CN-YunxiaNeural	cheerful	+3%	1.00	100
毛利メディナリ	毛利メディナリ	mature_female	zh-CN-XiaohanNeural	calm	0%	0.97	100
間桐雁夜	間桐雁夜	mature_female	zh-CN-XiaoxiaoNeural	gentle	0%	0.96	100
偽アルテラ	偽アルテラ	young_male	zh-CN-YunxiNeural	chat	+1%	0.99	100
レディ／クロエ	レディ／クロエ	young_male	zh-CN-YunxiNeural	chat	+1%	0.99	100
忠義の鬼	忠義の鬼	young_male	zh-CN-YunxiaNeural	cheerful	+3%	1.00	100
鬼の従業員	鬼の従業員	young_female	zh-CN-XiaomengNeural	chat	+5%	1.03	100
店員	店員	mature_male	zh-CN-YunjianNeural	serious	-3%	0.95	100
混ざり合った囁き声	混ざり合った囁き声	young_female	zh-CN-XiaoyiNeural	cheerful	+4%	1.02	100
リュウ	リュウ	young_male	zh-CN-YunxiNeural	chat	+1%	0.99	100
交換所の女性	交換所の女性	young_female	zh-CN-XiaohanNeural	gentle	+2%	0.99	100
集落の女性	集落の女性	young_male	zh-CN-YunxiaNeural	cheerful	+3%	1.00	100
九郎判官源義経	九郎判官源義経	androgynous	zh-CN-XiaomoNeural	calm	-1%	0.97	100
家臣	家臣	young_male	zh-CN-YunxiaNeural	cheerful	+3%	1.00	100
魔獣赫・真体	魔獣赫・真体	young_male	zh-CN-YunxiNeural	chat	+1%	0.99	100
花心	花心	mature_female	zh-CN-XiaoruiNeural	calm	-2%	0.94	100
平助の母	平助の母	mature_female	zh-CN-XiaohanNeural	calm	0%	0.97	100
アーテー	アーテー	mature_male	zh-CN-YunjianNeural	serious	-3%	0.95	100
集落の子供	集落の子供	young_female	zh-CN-XiaoyiNeural	cheerful	+4%	1.02	100
技術開発部部長	技術開発部部長	young_female	zh-CN-XiaomengNeural	chat	+5%	1.03	100
友人	友人	androgynous	zh-CN-XiaomoNeural	calm	-1%	0.97	100
青髭	青髭	androgynous	zh-CN-XiaomoNeural	calm	-1%	0.97	100
星王女エウロペ	星王女エウロペ	androgynous	zh-CN-XiaomoNeural	calm	-1%	0.97	100
フラン（？）	フラン（？）	androgynous	zh-CN-XiaomoNeural	calm	-1%	0.97	100
偽茨木童子	偽茨木童子	mature_male	zh-CN-YunfengNeural	serious	-2%	0.96	100
スズカ	スズカ	young_male	zh-CN-YunxiaNeural	cheerful	+3%	1.00	100
ミステリアン・サーヴァント１号	ミステリアン・サーヴァント１号	young_female	zh-CN-XiaoyiNeural	cheerful	+4%	1.02	100
警備員	警備員	young_female	zh-CN-XiaoxiaoNeural	cheerful	+3%	1.00	100
ファン	ファン	androgynous	zh-CN-XiaomoNeural	calm	-1%	0.97	100
優雅な海賊	優雅な海賊	androgynous	zh-CN-YunxiNeural	chat	0%	0.98	100
９６８５番	９６８５番	mature_female	zh-CN-XiaoruiNeural	calm	-2%	0.94	100
田中新兵衛	田中新兵衛	mature_male	zh-CN-YunzeNeural	calm	-4%	0.94	100
アクマ	アクマ	young_male	zh-CN-YunxiNeural	chat	+1%	0.99	100
謎の男	謎の男	mature_male	zh-CN-YunzeNeural	calm	-4%	0.94	100
謎のエリちゃん	謎のエリちゃん	mature_female	zh-CN-XiaoruiNeural	calm	-2%	0.94	100
フランチェスカ？	フランチェスカ？	mature_female	zh-CN-XiaoxiaoNeural	gentle	0%	0.96	100
冥府の王	冥府の王	young_male	zh-CN-YunxiaNeural	cheerful	+3%	1.00	100
雀蜂	雀蜂	young_male	zh-CN-YunxiaNeural	cheerful	+3%	1.00	100
ケリィ	ケリィ	androgynous	zh-CN-XiaomoNeural	calm	-1%	0.97	100
バーサーカーのマスター	バーサーカーのマスター	mature_male	zh-CN-YunjianNeural	serious	-3%	0.95	100
ロボ	ロボ	mature_female	zh-CN-XiaohanNeural	calm	0%	0.97	100
クサントス	クサントス	young_female	zh-CN-XiaomengNeural	chat	+5%	1.03	100
ペルセポネ	ペルセポネ	androgynous	zh-CN-XiaomoNeural	calm	-1%	0.97	100
オリュンポス正規兵	オリュンポス正規兵	young_male	zh-CN-YunxiNeural	chat	+1%	0.99	100
Ｕプレジデントシップ	Ｕプレジデントシップ	mature_male	zh-CN-YunfengNeural	serious	-2%	0.96	100
エレティコス	エレティコス	young_female	zh-CN-XiaoyiNeural	cheerful	+4%	1.02	100
人間の衛士	人間の衛士	young_male	zh-CN-YunxiaNeural	cheerful	+3%	1.00	100
ガウェインの兵士	ガウェインの兵士	young_female	zh-CN-XiaomengNeural	chat	+5%	1.03	100
『太陽の教え』	『太陽の教え』	androgynous	zh-CN-XiaomoNeural	calm	-1%	0.97	100
ラストスロット	ラストスロット	androgynous	zh-CN-YunxiNeural	chat	0%	0.98	100
クリプター	クリプター	young_male	zh-CN-YunxiaNeural	cheerful	+3%	1.00	100
コロンブス？	コロンブス？	androgynous	zh-CN-XiaomoNeural	calm	-1%	0.97	100
ヴィシュヌ	ヴィシュヌ	androgynous	zh-CN-YunxiNeural	chat	0%	0.98	100
ピエロ	ピエロ	mature_male	zh-CN-YunfengNeural	serious	-2%	0.96	100
臓硯	臓硯	mature_female	zh-CN-XiaohanNeural	calm	0%	0.97	100
鬼壱	鬼壱	androgynous	zh-CN-XiaomoNeural	calm	-1%	0.97	100
ワイアット・アープ	ワイアット・アープ	young_male	zh-CN-YunxiaNeural	cheerful	+3%	1.00	100
謎の護法少女	謎の護法少女	mature_male	zh-CN-YunzeNeural	calm	-4%	0.94	100
スペースナゴン	スペースナゴン	young_female	zh-CN-XiaoxiaoNeural	cheerful	+3%	1.00	100
お茶だ以蔵	お茶だ以蔵	mature_male	zh-CN-YunjianNeural	serious	-3%	0.95	100
山の神	山の神	androgynous	zh-CN-YunxiNeural	chat	0%	0.98	100
現地人	現地人	mature_male	zh-CN-YunjianNeural	serious	-3%	0.95	100
細い蛇竜人	細い蛇竜人	young_male	zh-CN-YunxiaNeural	cheerful	+3%	1.00	100
若き騎士	若き騎士	mature_female	zh-CN-XiaoruiNeural	calm	-2%	0.94	100
サメドレッド	サメドレッド	young_female	zh-CN-XiaomengNeural	chat	+5%	1.03	100
許婚アプスー	許婚アプスー	young_female	zh-CN-XiaoyiNeural	cheerful	+4%	1.02	100
セルハン	セルハン	young_female	zh-CN-XiaoyiNeural	cheerful	+4%	1.02	100
妖精騎士トトロット	妖精騎士トトロット	androgynous	zh-CN-XiaomoNeural	calm	-1%	0.97	100
大黒天１号＆２号	大黒天１号＆２号	mature_male	zh-CN-YunfengNeural	serious	-2%	0.96	100
ごろつき	ごろつき	androgynous	zh-CN-YunxiNeural	chat	0%	0.98	100
パーフェクト・エリザベート	パーフェクト・エリザベート	androgynous	zh-CN-YunxiNeural	chat	0%	0.98	100
天牛の欠片	天牛の欠片	young_female	zh-CN-XiaohanNeural	gentle	+2%	0.99	100
アヴェンジャー・淀	アヴェンジャー・淀	mature_female	zh-CN-XiaoxiaoNeural	gentle	0%	0.96	100
ツチノコたち	ツチノコたち	mature_female	zh-CN-XiaoruiNeural	calm	-2%	0.94	100
仮面の妖精たち	仮面の妖精たち	mature_male	zh-CN-YunzeNeural	calm	-4%	0.94	100
イリ助さん	イリ助さん	young_male	zh-CN-YunxiaNeural	cheerful	+3%	1.00	100
ワニ親方	ワニ親方	young_male	zh-CN-YunxiaNeural	cheerful	+3%	1.00	100
月笑騎士団たち	月笑騎士団たち	young_male	zh-CN-YunxiNeural	chat	+1%	0.99	100
アサシンの声	アサシンの声	young_male	zh-CN-YunxiNeural	chat	+1%	0.99	100
真紅の機神	真紅の機神	mature_male	zh-CN-YunzeNeural	calm	-4%	0.94	100
京の女	京の女	mature_female	zh-CN-XiaoxiaoNeural	gentle	0%	0.96	100
ムーン・ドバイ市民	ムーン・ドバイ市民	mature_female	zh-CN-XiaohanNeural	calm	0%	0.97	100
巨人	巨人	mature_female	zh-CN-XiaoruiNeural	calm	-2%	0.94	100
スタッフ（？）	スタッフ（？）	mature_male	zh-CN-YunfengNeural	serious	-2%	0.96	100
ズェピア	ズェピア	young_female	zh-CN-XiaomengNeural	chat	+5%	1.03	100
司会	司会	mature_male	zh-CN-YunjianNeural	serious	-3%	0.95	100
偽信長	偽信長	androgynous	zh-CN-XiaomoNeural	calm	-1%	0.97	100
西郷エジモリ	西郷エジモリ	young_male	zh-CN-YunxiaNeural	cheerful	+3%	1.00	100
桂・テスラ	桂・テスラ	young_male	zh-CN-YunxiNeural	chat	+1%	0.99	100
バルガス	バルガス	mature_female	zh-CN-XiaoruiNeural	calm	-2%	0.94	100
長尾為景	長尾為景	young_male	zh-CN-YunxiaNeural	cheerful	+3%	1.00	100
あふれ出る景清	あふれ出る景清	androgynous	zh-CN-XiaomoNeural	calm	-1%	0.97	100
天逆鉾	天逆鉾	androgynous	zh-CN-XiaomoNeural	calm	-1%	0.97	100
蘆屋道満（アシスタント）	蘆屋道満（アシスタント）	young_female	zh-CN-XiaomengNeural	chat	+5%	1.03	100
テンシ	テンシ	androgynous	zh-CN-XiaomoNeural	calm	-1%	0.97	100
加齢怒様	加齢怒様	young_male	zh-CN-YunxiaNeural	cheerful	+3%	1.00	100
牙の氏族	牙の氏族	mature_male	zh-CN-YunjianNeural	serious	-3%	0.95	100
エレノアの母	エレノアの母	mature_male	zh-CN-YunfengNeural	serious	-2%	0.96	100
謎の声	謎の声	mature_female	zh-CN-XiaohanNeural	calm	0%	0.97	100
ひびき	ひびき	androgynous	zh-CN-XiaomoNeural	calm	-1%	0.97	100
少年の声	少年の声	young_female	zh-CN-XiaoyiNeural	cheerful	+4%	1.02	100
優雅な紳士	優雅な紳士	mature_male	zh-CN-YunzeNeural	calm	-4%	0.94	100
機械化兵団	機械化兵団	androgynous	zh-CN-YunxiNeural	chat	0%	0.98	100
レイシフト適合者	レイシフト適合者	androgynous	zh-CN-YunxiaNeural	calm	+2%	0.99	100
穢れた騎士達	穢れた騎士達	mature_male	zh-CN-YunzeNeural	calm	-4%	0.94	100
クリスティーヌ	クリスティーヌ	androgynous	zh-CN-YunxiNeural	chat	0%	0.98	100
メガロス	メガロス	young_female	zh-CN-XiaomengNeural	chat	+5%	1.03	100
ヤガ市長	ヤガ市長	young_male	zh-CN-YunxiaNeural	cheerful	+3%	1.00	100
御使い	御使い	mature_female	zh-CN-XiaoxiaoNeural	gentle	0%	0.96	100
京の子供	京の子供	young_male	zh-CN-YunxiNeural	chat	+1%	0.99	100
ディノスたち	ディノスたち	androgynous	zh-CN-XiaomoNeural	calm	-1%	0.97	100
謎の剣鬼	謎の剣鬼	mature_female	zh-CN-XiaoxiaoNeural	gentle	0%	0.96	100
先生	先生	mature_female	zh-CN-XiaoruiNeural	calm	-2%	0.94	100
マリー・アントワネット？	マリー・アントワネット？	young_female	zh-CN-XiaoyiNeural	cheerful	+4%	1.02	100
アナスタシア（？）	アナスタシア（？）	young_male	zh-CN-YunxiaNeural	cheerful	+3%	1.00	100
メフィストフェレス（敵）	メフィストフェレス（敵）	mature_female	zh-CN-XiaohanNeural	calm	0%	0.97	100
シゲルソン	シゲルソン	young_female	zh-CN-XiaomengNeural	chat	+5%	1.03	100
スーパーイシュタル	スーパーイシュタル	young_male	zh-CN-YunxiNeural	chat	+1%	0.99	100
謎のお手紙	謎のお手紙	young_female	zh-CN-XiaoyiNeural	cheerful	+4%	1.02	100
本物信長	本物信長	young_male	zh-CN-YunxiNeural	chat	+1%	0.99	100
ドック・キュケオン	ドック・キュケオン	mature_female	zh-CN-XiaoruiNeural	calm	-2%	0.94	100
呪われし少女幽霊	呪われし少女幽霊	young_male	zh-CN-YunxiaNeural	cheerful	+3%	1.00	100
謎の影Ｂ	謎の影Ｂ	young_male	zh-CN-YunxiaNeural	cheerful	+3%	1.00	100
太閤秀吉	太閤秀吉	mature_male	zh-CN-YunfengNeural	serious	-2%	0.96	100
Ｋ・ラスプーチン	Ｋ・ラスプーチン	androgynous	zh-CN-XiaomoNeural	calm	-1%	0.97	100
神官黒髭	神官黒髭	young_male	zh-CN-YunxiNeural	chat	+1%	0.99	100
ペトルス・バルトロメオ	ペトルス・バルトロメオ	androgynous	zh-CN-XiaomoNeural	calm	-1%	0.97	100
荒野の敗残者	荒野の敗残者	young_female	zh-CN-XiaoxiaoNeural	cheerful	+3%	1.00	100
ディーラー	ディーラー	young_male	zh-CN-YunxiNeural	chat	+1%	0.99	100
上級市民たち	上級市民たち	mature_female	zh-CN-XiaohanNeural	calm	0%	0.97	100
アキバガード	アキバガード	mature_male	zh-CN-YunjianNeural	serious	-3%	0.95	100
メディア《マタ・ハリ》	メディア《マタ・ハリ》	mature_male	zh-CN-YunjianNeural	serious	-3%	0.95	100
ジャック（アサシン）	ジャック（アサシン）	mature_female	zh-CN-XiaoxiaoNeural	gentle	0%	0.96	100
魔神アンドロマリウス	魔神アンドロマリウス	young_female	zh-CN-XiaoyiNeural	cheerful	+4%	1.02	100
アマゾネスＢ	アマゾネスＢ	mature_male	zh-CN-YunfengNeural	serious	-2%	0.96	100
アブサラム	アブサラム	young_male	zh-CN-YunxiaNeural	cheerful	+3%	1.00	100
２人	２人	mature_male	zh-CN-YunzeNeural	calm	-4%	0.94	100
美しき肉食獣	美しき肉食獣	mature_female	zh-CN-XiaohanNeural	calm	0%	0.97	100
シェフィールドの兵士	シェフィールドの兵士	mature_female	zh-CN-XiaoruiNeural	calm	-2%	0.94	100
ヴィイ	ヴィイ	androgynous	zh-CN-XiaomoNeural	calm	-1%	0.97	100
電話の声	電話の声	mature_male	zh-CN-YunfengNeural	serious	-2%	0.96	100
機械化した従業員	機械化した従業員	mature_female	zh-CN-XiaohanNeural	calm	0%	0.97	100
白い礼服の少年	白い礼服の少年	mature_male	zh-CN-YunjianNeural	serious	-3%	0.95	100
狼	狼	mature_female	zh-CN-XiaoxiaoNeural	gentle	0%	0.96	100
ミル・ドスカラス	ミル・ドスカラス	young_female	zh-CN-XiaomengNeural	chat	+5%	1.03	100
獣国の皇女	獣国の皇女	mature_female	zh-CN-XiaoruiNeural	calm	-2%	0.94	100
町同心“八丁堀”	町同心“八丁堀”	young_female	zh-CN-XiaoyiNeural	cheerful	+4%	1.02	100
殺人の鬼	殺人の鬼	mature_female	zh-CN-XiaohanNeural	calm	0%	0.97	100
北斎	北斎	young_male	zh-CN-YunxiNeural	chat	+1%	0.99	100
シエル先生	シエル先生	mature_male	zh-CN-YunzeNeural	calm	-4%	0.94	100
メディア店長	メディア店長	young_male	zh-CN-YunxiaNeural	cheerful	+3%	1.00	100
入り口アナウンス	入り口アナウンス	androgynous	zh-CN-XiaomoNeural	calm	-1%	0.97	100
工場アナウンス	工場アナウンス	young_male	zh-CN-YunxiaNeural	cheerful	+3%	1.00	100
リースＸＰ	リースＸＰ	androgynous	zh-CN-XiaomoNeural	calm	-1%	0.97	100
ダーオカ	ダーオカ	androgynous	zh-CN-XiaomoNeural	calm	-1%	0.97	100
モブＩ？	モブＩ？	young_female	zh-CN-XiaomengNeural	chat	+5%	1.03	100
現地の古精霊	現地の古精霊	young_male	zh-CN-YunxiNeural	chat	+1%	0.99	100
講釈師	講釈師	young_female	zh-CN-XiaoyiNeural	cheerful	+4%	1.02	100
匿名希望	匿名希望	androgynous	zh-CN-XiaomoNeural	calm	-1%	0.97	100
異星の神	異星の神	mature_female	zh-CN-XiaoruiNeural	calm	-2%	0.94	100
石像	石像	mature_male	zh-CN-YunjianNeural	serious	-3%	0.95	100
海賊たち	海賊たち	mature_female	zh-CN-XiaoxiaoNeural	gentle	0%	0.96	100
仮面の英霊	仮面の英霊	young_female	zh-CN-XiaomengNeural	chat	+5%	1.03	100
局長	局長	young_female	zh-CN-XiaomengNeural	chat	+5%	1.03	100
観光客Ｂ	観光客Ｂ	mature_male	zh-CN-YunfengNeural	serious	-2%	0.96	100
若き剣士	若き剣士	mature_female	zh-CN-XiaoruiNeural	calm	-2%	0.94	100
スポーツジムのお兄さん	スポーツジムのお兄さん	mature_male	zh-CN-YunzeNeural	calm	-4%	0.94	100
サメ騎士	サメ騎士	androgynous	zh-CN-XiaomoNeural	calm	-1%	0.97	100
聖都軍兵士	聖都軍兵士	young_male	zh-CN-YunxiaNeural	cheerful	+3%	1.00	100
管制室スタッフ	管制室スタッフ	androgynous	zh-CN-YunxiNeural	chat	0%	0.98	100
叔父	叔父	young_female	zh-CN-XiaoyiNeural	cheerful	+4%	1.02	100
人影	人影	mature_female	zh-CN-XiaohanNeural	calm	0%	0.97	100
オンファム	オンファム	mature_female	zh-CN-XiaoxiaoNeural	gentle	0%	0.96	100
土の氏族	土の氏族	androgynous	zh-CN-YunxiNeural	chat	0%	0.98	100
ベックマン	ベックマン	young_female	zh-CN-XiaoyiNeural	cheerful	+4%	1.02	100
罪兵士	罪兵士	mature_male	zh-CN-YunfengNeural	serious	-2%	0.96	100
艦内アナウンス	艦内アナウンス	young_female	zh-CN-XiaomengNeural	chat	+5%	1.03	100
切り離された炎	切り離された炎	young_male	zh-CN-YunxiaNeural	cheerful	+3%	1.00	100
ナーサリー・ライム？	ナーサリー・ライム？	mature_female	zh-CN-XiaoxiaoNeural	gentle	0%	0.96	100
白龍馬	白龍馬	young_male	zh-CN-YunxiNeural	chat	+1%	0.99	100
トゥルッフ・トゥルウィス	トゥルッフ・トゥルウィス	mature_female	zh-CN-XiaoruiNeural	calm	-2%	0.94	100
うりぼうｓ	うりぼうｓ	androgynous	zh-CN-XiaomoNeural	calm	-1%	0.97	100
鬼の従業員たち	鬼の従業員たち	young_female	zh-CN-XiaoyiNeural	cheerful	+4%	1.02	100
ケツァルマスク？	ケツァルマスク？	androgynous	zh-CN-XiaomoNeural	calm	-1%	0.97	100
メカ学長	メカ学長	androgynous	zh-CN-YunxiaNeural	calm	+2%	0.99	100
観客Ａ	観客Ａ	young_male	zh-CN-YunxiaNeural	cheerful	+3%	1.00	100
関白秀吉	関白秀吉	young_male	zh-CN-YunxiNeural	chat	+1%	0.99	100
獣頭の男	獣頭の男	young_male	zh-CN-YunxiaNeural	cheerful	+3%	1.00	100
モルガン（解説）	モルガン（解説）	young_female	zh-CN-XiaohanNeural	gentle	+2%	0.99	100
魔獣フォルネウス	魔獣フォルネウス	young_female	zh-CN-XiaomengNeural	chat	+5%	1.03	100
Ｋ・ラスプーチン（ゲスト解説）	Ｋ・ラスプーチン（ゲスト解説）	mature_female	zh-CN-XiaoruiNeural	calm	-2%	0.94	100
黒霧纏う騎士達の万雷	黒霧纏う騎士達の万雷	young_female	zh-CN-XiaomengNeural	chat	+5%	1.03	100
土田御前	土田御前	mature_male	zh-CN-YunjianNeural	serious	-3%	0.95	100
盗賊団のボス	盗賊団のボス	mature_male	zh-CN-YunzeNeural	calm	-4%	0.94	100
キングプレシオサウルスくん	キングプレシオサウルスくん	mature_female	zh-CN-XiaohanNeural	calm	0%	0.97	100
青岩院	青岩院	mature_female	zh-CN-XiaoxiaoNeural	gentle	0%	0.96	100
ユタ	ユタ	young_female	zh-CN-XiaoyiNeural	cheerful	+4%	1.02	100
ヤガ盗賊	ヤガ盗賊	young_female	zh-CN-XiaomengNeural	chat	+5%	1.03	100
武器商人	武器商人	young_male	zh-CN-YunxiNeural	chat	+1%	0.99	100
難民たち	難民たち	mature_male	zh-CN-YunjianNeural	serious	-3%	0.95	100
スペース丁稚	スペース丁稚	mature_female	zh-CN-XiaoruiNeural	calm	-2%	0.94	100
セレブな客Ｂ	セレブな客Ｂ	young_female	zh-CN-XiaoxiaoNeural	cheerful	+3%	1.00	100
攘夷志士	攘夷志士	mature_male	zh-CN-YunzeNeural	calm	-4%	0.94	100
雑賀孫市	雑賀孫市	mature_male	zh-CN-YunfengNeural	serious	-2%	0.96	100
ネモ・マリーン（観測手・左）	ネモ・マリーン（観測手・左）	young_female	zh-CN-XiaoyiNeural	cheerful	+4%	1.02	100
大人たち	大人たち	young_male	zh-CN-YunxiNeural	chat	+1%	0.99	100
魔神ゼパル	魔神ゼパル	mature_female	zh-CN-XiaohanNeural	calm	0%	0.97	100
アマゾネスＡ	アマゾネスＡ	androgynous	zh-CN-XiaomoNeural	calm	-1%	0.97	100
御使いたち	御使いたち	androgynous	zh-CN-XiaomoNeural	calm	-1%	0.97	100
精悍な男	精悍な男	young_male	zh-CN-YunxiaNeural	cheerful	+3%	1.00	100
ムリアンの声	ムリアンの声	androgynous	zh-CN-XiaomoNeural	calm	-1%	0.97	100
モルガンの後継者	モルガンの後継者	androgynous	zh-CN-YunxiNeural	chat	0%	0.98	100
オールド・ドバイ自警団	オールド・ドバイ自警団	young_male	zh-CN-YunxiaNeural	cheerful	+3%	1.00	100
図書館管理者	図書館管理者	mature_male	zh-CN-YunjianNeural	serious	-3%	0.95	100
地球人類	地球人類	mature_female	zh-CN-XiaoxiaoNeural	gentle	0%	0.96	100
エリザベート（シンデレラ）	エリザベート（シンデレラ）	mature_male	zh-CN-YunzeNeural	calm	-4%	0.94	100
スルト	スルト	androgynous	zh-CN-XiaomoNeural	calm	-1%	0.97	100
時計	時計	androgynous	zh-CN-YunxiNeural	chat	0%	0.98	100
幽霊	幽霊	androgynous	zh-CN-YunxiaNeural	calm	+2%	0.99	100
パラケルスス？	パラケルスス？	androgynous	zh-CN-XiaomoNeural	calm	-1%	0.97	100
清姫（？）	清姫（？）	mature_male	zh-CN-YunfengNeural	serious	-2%	0.96	100
タマモキャット１	タマモキャット１	young_male	zh-CN-YunxiNeural	chat	+1%	0.99	100
毛利メディナガ	毛利メディナガ	mature_female	zh-CN-XiaoruiNeural	calm	-2%	0.94	100
バッファロー・ビル	バッファロー・ビル	young_male	zh-CN-YunxiaNeural	cheerful	+3%	1.00	100
アロハな男	アロハな男	mature_male	zh-CN-YunzeNeural	calm	-4%	0.94	100
小為朝	小為朝	young_male	zh-CN-YunxiaNeural	cheerful	+3%	1.00	100
綾	綾	young_female	zh-CN-XiaoyiNeural	cheerful	+4%	1.02	100
僧兵らしき男	僧兵らしき男	mature_female	zh-CN-XiaohanNeural	calm	0%	0.97	100
モッヒーエース	モッヒーエース	young_female	zh-CN-XiaomengNeural	chat	+5%	1.03	100
闇の新選組隊士	闇の新選組隊士	mature_male	zh-CN-YunfengNeural	serious	-2%	0.96	100
観客Ｂ	観客Ｂ	young_female	zh-CN-XiaomengNeural	chat	+5%	1.03	100
謎の副官	謎の副官	mature_female	zh-CN-XiaohanNeural	calm	0%	0.97	100
キンノブ	キンノブ	mature_male	zh-CN-YunjianNeural	serious	-3%	0.95	100
酒場の主	酒場の主	young_female	zh-CN-XiaoyiNeural	cheerful	+4%	1.02	100
レディ・アヴァロン（レポーター）	レディ・アヴァロン（レポーター）	mature_female	zh-CN-XiaoruiNeural	calm	-2%	0.94	100
謎のウェイトレス	謎のウェイトレス	young_male	zh-CN-YunxiNeural	chat	+1%	0.99	100
近衛騎士	近衛騎士	mature_male	zh-CN-YunfengNeural	serious	-2%	0.96	100
少女たち	少女たち	young_female	zh-CN-XiaoxiaoNeural	cheerful	+3%	1.00	100
シャイニースター	シャイニースター	androgynous	zh-CN-XiaomoNeural	calm	-1%	0.97	100
ウェールズの妖精	ウェールズの妖精	young_female	zh-CN-XiaoxiaoNeural	cheerful	+3%	1.00	100
カワタ	カワタ	mature_male	zh-CN-YunzeNeural	calm	-4%	0.94	100
【景市】	【景市】	mature_female	zh-CN-XiaoruiNeural	calm	-2%	0.94	100
オールド・ドバイ市民	オールド・ドバイ市民	mature_male	zh-CN-YunjianNeural	serious	-3%	0.95	100
名無しの弟	名無しの弟	mature_female	zh-CN-XiaohanNeural	calm	0%	0.97	100
トントゥ？	トントゥ？	young_female	zh-CN-XiaoyiNeural	cheerful	+4%	1.02	100
スタッフＡ	スタッフＡ	mature_male	zh-CN-YunfengNeural	serious	-2%	0.96	100
ウッドワス軍・兵士	ウッドワス軍・兵士	androgynous	zh-CN-XiaomoNeural	calm	-1%	0.97	100
執事モレー	執事モレー	mature_male	zh-CN-YunjianNeural	serious	-3%	0.95	100
エミヤ（EX）	エミヤ（EX）	mature_male	zh-CN-YunzeNeural	calm	-4%	0.94	100
ピエール・コーション	ピエール・コーション	mature_male	zh-CN-YunfengNeural	serious	-2%	0.96	100
海賊Ｂ	海賊Ｂ	androgynous	zh-CN-YunxiaNeural	calm	+2%	0.99	100
セレブ	セレブ	mature_female	zh-CN-XiaohanNeural	calm	0%	0.97	100
丸顔の神父	丸顔の神父	mature_male	zh-CN-YunzeNeural	calm	-4%	0.94	100
金角	金角	mature_male	zh-CN-YunjianNeural	serious	-3%	0.95	100
末の戦乙女	末の戦乙女	androgynous	zh-CN-XiaomoNeural	calm	-1%	0.97	100
農婦Ａ	農婦Ａ	young_male	zh-CN-YunxiNeural	chat	+1%	0.99	100
歳殺神	歳殺神	mature_male	zh-CN-YunjianNeural	serious	-3%	0.95	100
シェフィールドの妖精	シェフィールドの妖精	young_male	zh-CN-YunxiaNeural	cheerful	+3%	1.00	100
歌う妖精たち	歌う妖精たち	young_male	zh-CN-YunxiNeural	chat	+1%	0.99	100
オーロラの衛士たち	オーロラの衛士たち	young_female	zh-CN-XiaomengNeural	chat	+5%	1.03	100
侍女	侍女	mature_female	zh-CN-XiaoxiaoNeural	gentle	0%	0.96	100
揺らめく影	揺らめく影	mature_male	zh-CN-YunzeNeural	calm	-4%	0.94	100
ブーディカ？	ブーディカ？	young_male	zh-CN-YunxiNeural	chat	+1%	0.99	100
ブルジュ・ハリファの声	ブルジュ・ハリファの声	mature_female	zh-CN-XiaoruiNeural	calm	-2%	0.94	100
カルデアス	カルデアス	young_male	zh-CN-YunxiaNeural	cheerful	+3%	1.00	100
肉食獣じみた影	肉食獣じみた影	young_male	zh-CN-YunxiaNeural	cheerful	+3%	1.00	100
山吹御前	山吹御前	mature_female	zh-CN-XiaohanNeural	calm	0%	0.97	100
禿（アビゲイル）	禿（アビゲイル）	androgynous	zh-CN-XiaomoNeural	calm	-1%	0.97	100
ワトソン	ワトソン	mature_male	zh-CN-YunfengNeural	serious	-2%	0.96	100
島津セタンタ	島津セタンタ	young_male	zh-CN-YunxiNeural	chat	+1%	0.99	100
偽タマモキャット	偽タマモキャット	androgynous	zh-CN-XiaomoNeural	calm	-1%	0.97	100
サンタム	サンタム	young_female	zh-CN-XiaoyiNeural	cheerful	+4%	1.02	100
魔神柱アンドラス	魔神柱アンドラス	androgynous	zh-CN-XiaomoNeural	calm	-1%	0.97	100
キュケオーンのキャスター	キュケオーンのキャスター	young_male	zh-CN-YunxiaNeural	cheerful	+3%	1.00	100
コメント	コメント	young_female	zh-CN-XiaomengNeural	chat	+5%	1.03	100
黒い巨人	黒い巨人	young_female	zh-CN-XiaoxiaoNeural	cheerful	+3%	1.00	100
通りすがりのセレブ	通りすがりのセレブ	androgynous	zh-CN-YunxiNeural	chat	0%	0.98	100
カジノ魔王Ⅱ世	カジノ魔王Ⅱ世	mature_male	zh-CN-YunzeNeural	calm	-4%	0.94	100
魔女	魔女	young_male	zh-CN-YunxiaNeural	cheerful	+3%	1.00	100
テオブロマの怪物	テオブロマの怪物	young_female	zh-CN-XiaoyiNeural	cheerful	+4%	1.02	100
ＢＢナビ	ＢＢナビ	young_female	zh-CN-XiaomengNeural	chat	+5%	1.03	100
青年	青年	mature_female	zh-CN-XiaoruiNeural	calm	-2%	0.94	100
元気な蛇竜人	元気な蛇竜人	androgynous	zh-CN-XiaomoNeural	calm	-1%	0.97	100
チンピラ	チンピラ	young_female	zh-CN-XiaomengNeural	chat	+5%	1.03	100
スプリガンの衛士	スプリガンの衛士	young_female	zh-CN-XiaohanNeural	gentle	+2%	0.99	100
村の妖精	村の妖精	mature_male	zh-CN-YunfengNeural	serious	-2%	0.96	100
相棒のキャスター	相棒のキャスター	mature_male	zh-CN-YunjianNeural	serious	-3%	0.95	100
怨霊	怨霊	androgynous	zh-CN-XiaomoNeural	calm	-1%	0.97	100
客	客	mature_female	zh-CN-XiaoruiNeural	calm	-2%	0.94	100
ファン？	ファン？	mature_female	zh-CN-XiaoxiaoNeural	gentle	0%	0.96	100
スペース・サンタさん	スペース・サンタさん	young_female	zh-CN-XiaoyiNeural	cheerful	+4%	1.02	100
男Ｂ	男Ｂ	androgynous	zh-CN-YunxiNeural	chat	0%	0.98	100
モルガンに集まった妖精たち	モルガンに集まった妖精たち	androgynous	zh-CN-YunxiNeural	chat	0%	0.98	100
天使	天使	mature_male	zh-CN-YunzeNeural	calm	-4%	0.94	100
謎の鎧武者	謎の鎧武者	mature_male	zh-CN-YunfengNeural	serious	-2%	0.96	100
健康博士	健康博士	mature_male	zh-CN-YunjianNeural	serious	-3%	0.95	100
観光客Ｃ	観光客Ｃ	androgynous	zh-CN-YunxiaNeural	calm	+2%	0.99	100
京の町人	京の町人	young_female	zh-CN-XiaohanNeural	gentle	+2%	0.99	100
レジスタンスの少年	レジスタンスの少年	mature_male	zh-CN-YunfengNeural	serious	-2%	0.96	100
看守	看守	young_male	zh-CN-YunxiaNeural	cheerful	+3%	1.00	100
ジャンヌ《マシュ》	ジャンヌ《マシュ》	young_male	zh-CN-YunxiNeural	chat	+1%	0.99	100
ヤガの男	ヤガの男	young_male	zh-CN-YunxiaNeural	cheerful	+3%	1.00	100
家人	家人	young_male	zh-CN-YunxiNeural	chat	+1%	0.99	100
垢溜まりの魔女	垢溜まりの魔女	young_female	zh-CN-XiaoxiaoNeural	cheerful	+3%	1.00	100
赫瞳の剣士	赫瞳の剣士	young_female	zh-CN-XiaomengNeural	chat	+5%	1.03	100
Ｅ・フラン	Ｅ・フラン	androgynous	zh-CN-XiaomoNeural	calm	-1%	0.97	100
豊臣ギル吉	豊臣ギル吉	mature_male	zh-CN-YunzeNeural	calm	-4%	0.94	100
偽沖田	偽沖田	mature_female	zh-CN-XiaoruiNeural	calm	-2%	0.94	100
版元“西村屋”	版元“西村屋”	young_female	zh-CN-XiaoyiNeural	cheerful	+4%	1.02	100
用心棒“お萌”	用心棒“お萌”	mature_male	zh-CN-YunjianNeural	serious	-3%	0.95	100
大奥女中Ａ	大奥女中Ａ	androgynous	zh-CN-XiaomoNeural	calm	-1%	0.97	100
自動アナウンス	自動アナウンス	androgynous	zh-CN-XiaomoNeural	calm	-1%	0.97	100
知らない女の子	知らない女の子	mature_female	zh-CN-XiaoruiNeural	calm	-2%	0.94	100
ナレーター	ナレーター	young_female	zh-CN-XiaoyiNeural	cheerful	+4%	1.02	100
戦国維新ナガオカゲトラ	戦国維新ナガオカゲトラ	androgynous	zh-CN-XiaomoNeural	calm	-1%	0.97	100
おじいさん	おじいさん	androgynous	zh-CN-YunxiNeural	chat	0%	0.98	100
悪の高杉社長	悪の高杉社長	mature_female	zh-CN-XiaohanNeural	calm	0%	0.97	100
放送用ゲイザー	放送用ゲイザー	androgynous	zh-CN-YunxiaNeural	calm	+2%	0.99	100
宮部鼎蔵	宮部鼎蔵	mature_female	zh-CN-XiaoxiaoNeural	gentle	0%	0.96	100
派手な男	派手な男	young_male	zh-CN-YunxiaNeural	cheerful	+3%	1.00	100
用心棒	用心棒	mature_male	zh-CN-YunfengNeural	serious	-2%	0.96	100
亡霊	亡霊	mature_female	zh-CN-XiaohanNeural	calm	0%	0.97	100
母親	母親	androgynous	zh-CN-XiaomoNeural	calm	-1%	0.97	100
刑部姫Ａ	刑部姫Ａ	mature_female	zh-CN-XiaoxiaoNeural	gentle	0%	0.96	100
淀の方	淀の方	young_female	zh-CN-XiaomengNeural	chat	+5%	1.03	100
生産部ＡＩ	生産部ＡＩ	mature_female	zh-CN-XiaoruiNeural	calm	-2%	0.94	100
イネ	イネ	mature_male	zh-CN-YunjianNeural	serious	-3%	0.95	100
デイノニクス11兄弟・真ん中	デイノニクス11兄弟・真ん中	androgynous	zh-CN-YunxiNeural	chat	0%	0.98	100
檻の中の市民Ａ	檻の中の市民Ａ	young_female	zh-CN-XiaomengNeural	chat	+5%	1.03	100
連合兵	連合兵	young_male	zh-CN-YunxiNeural	chat	+1%	0.99	100
機械化歩兵	機械化歩兵	young_female	zh-CN-XiaoyiNeural	cheerful	+4%	1.02	100
女海賊Ｂ	女海賊Ｂ	mature_female	zh-CN-XiaoxiaoNeural	gentle	0%	0.96	100
町人の男	町人の男	young_male	zh-CN-YunxiaNeural	cheerful	+3%	1.00	100
左近	左近	androgynous	zh-CN-XiaomoNeural	calm	-1%	0.97	100
船員“白旗”	船員“白旗”	androgynous	zh-CN-YunxiNeural	chat	0%	0.98	100
船員“錨番”	船員“錨番”	androgynous	zh-CN-XiaomoNeural	calm	-1%	0.97	100
ピックマン夫人	ピックマン夫人	young_male	zh-CN-YunxiaNeural	cheerful	+3%	1.00	100
年若い娘	年若い娘	mature_female	zh-CN-XiaoruiNeural	calm	-2%	0.94	100
精悍な声	精悍な声	mature_female	zh-CN-XiaohanNeural	calm	0%	0.97	100
フード姿の妖精	フード姿の妖精	androgynous	zh-CN-YunxiNeural	chat	0%	0.98	100
駆けつけてきた兵士	駆けつけてきた兵士	mature_male	zh-CN-YunzeNeural	calm	-4%	0.94	100
初代妖精騎士	初代妖精騎士	mature_female	zh-CN-XiaoxiaoNeural	gentle	0%	0.96	100
牙の氏族たち	牙の氏族たち	mature_male	zh-CN-YunjianNeural	serious	-3%	0.95	100
デイノニクス11兄弟・六男	デイノニクス11兄弟・六男	young_male	zh-CN-YunxiaNeural	cheerful	+3%	1.00	100
ニトクリス・オルタ（真）	ニトクリス・オルタ（真）	mature_female	zh-CN-XiaohanNeural	calm	0%	0.97	100
魔物	魔物	young_female	zh-CN-XiaoyiNeural	cheerful	+4%	1.02	100
女たちの声	女たちの声	mature_female	zh-CN-XiaoruiNeural	calm	-2%	0.94	100
グレンデル	グレンデル	mature_male	zh-CN-YunfengNeural	serious	-2%	0.96	100
今川よしつね	今川よしつね	young_female	zh-CN-XiaomengNeural	chat	+5%	1.03	100
長宗我部エミチカ	長宗我部エミチカ	mature_male	zh-CN-YunzeNeural	calm	-4%	0.94	100
偽ジャック	偽ジャック	androgynous	zh-CN-XiaomoNeural	calm	-1%	0.97	100
エルドラドのバーサーカー	エルドラドのバーサーカー	young_male	zh-CN-YunxiaNeural	cheerful	+3%	1.00	100
歌川広重	歌川広重	androgynous	zh-CN-XiaomoNeural	calm	-1%	0.97	100
千歳市民のお父さん	千歳市民のお父さん	mature_female	zh-CN-XiaoruiNeural	calm	-2%	0.94	100
シーフードの鬼	シーフードの鬼	young_male	zh-CN-YunxiNeural	chat	+1%	0.99	100
黄金竜	黄金竜	young_female	zh-CN-XiaoyiNeural	cheerful	+4%	1.02	100
司書	司書	mature_female	zh-CN-XiaoxiaoNeural	gentle	0%	0.96	100
モブ足軽	モブ足軽	mature_male	zh-CN-YunjianNeural	serious	-3%	0.95	100
長尾晴景	長尾晴景	mature_male	zh-CN-YunfengNeural	serious	-2%	0.96	100
店長	店長	mature_male	zh-CN-YunzeNeural	calm	-4%	0.94	100
もうひとりのミス・クレーン	もうひとりのミス・クレーン	young_female	zh-CN-XiaomengNeural	chat	+5%	1.03	100
壺（ＤＯＭＡＮ）	壺（ＤＯＭＡＮ）	androgynous	zh-CN-YunxiaNeural	calm	+2%	0.99	100
もう１人のエリザベート	もう１人のエリザベート	young_male	zh-CN-YunxiNeural	chat	+1%	0.99	100
弥生維新・卑弥呼	弥生維新・卑弥呼	androgynous	zh-CN-XiaomoNeural	calm	-1%	0.97	100
ネモ・ガレス	ネモ・ガレス	mature_female	zh-CN-XiaohanNeural	calm	0%	0.97	100
祖獣	祖獣	androgynous	zh-CN-YunxiaNeural	calm	+2%	0.99	100
不死殺しの円環	不死殺しの円環	young_male	zh-CN-YunxiNeural	chat	+1%	0.99	100
永倉巡査	永倉巡査	young_male	zh-CN-YunxiaNeural	cheerful	+3%	1.00	100
まさごちゃん	まさごちゃん	young_female	zh-CN-XiaoyiNeural	cheerful	+4%	1.02	100
オリュンポス山の村人	オリュンポス山の村人	mature_female	zh-CN-XiaoxiaoNeural	gentle	0%	0.96	100
謎の老人	謎の老人	mature_male	zh-CN-YunfengNeural	serious	-2%	0.96	100
レジスタンス男Ｂ	レジスタンス男Ｂ	androgynous	zh-CN-XiaomoNeural	calm	-1%	0.97	100
レジスタンス男Ａ	レジスタンス男Ａ	mature_female	zh-CN-XiaoruiNeural	calm	-2%	0.94	100
怪物	怪物	androgynous	zh-CN-YunxiNeural	chat	0%	0.98	100
展望台アナウンス	展望台アナウンス	young_male	zh-CN-YunxiaNeural	cheerful	+3%	1.00	100
検事	検事	young_male	zh-CN-YunxiNeural	chat	+1%	0.99	100
客Ａ	客Ａ	androgynous	zh-CN-XiaomoNeural	calm	-1%	0.97	100
作業員	作業員	young_male	zh-CN-YunxiNeural	chat	+1%	0.99	100
魔神ガープ	魔神ガープ	androgynous	zh-CN-XiaomoNeural	calm	-1%	0.97	100
船員	船員	androgynous	zh-CN-YunxiaNeural	calm	+2%	0.99	100
デイノニクス11兄弟・右	デイノニクス11兄弟・右	mature_female	zh-CN-XiaohanNeural	calm	0%	0.97	100
檻の中の市民Ｃ	檻の中の市民Ｃ	mature_female	zh-CN-XiaoruiNeural	calm	-2%	0.94	100
黒髪のカウガール	黒髪のカウガール	androgynous	zh-CN-XiaomoNeural	calm	-1%	0.97	100
日比乃ひびき＆桂木千鍵	日比乃ひびき＆桂木千鍵	androgynous	zh-CN-XiaomoNeural	calm	-1%	0.97	100
ヤガ市民Ｃ	ヤガ市民Ｃ	young_female	zh-CN-XiaomengNeural	chat	+5%	1.03	100
従者の女	従者の女	mature_female	zh-CN-XiaohanNeural	calm	0%	0.97	100
アマゾネスＣ	アマゾネスＣ	androgynous	zh-CN-YunxiNeural	chat	0%	0.98	100
マガツ利休ノカミ	マガツ利休ノカミ	mature_male	zh-CN-YunzeNeural	calm	-4%	0.94	100
邪馬台国人	邪馬台国人	mature_female	zh-CN-XiaoxiaoNeural	gentle	0%	0.96	100
御陵衛士	御陵衛士	mature_female	zh-CN-XiaoxiaoNeural	gentle	0%	0.96	100
砦の兵士Ａ	砦の兵士Ａ	young_male	zh-CN-YunxiaNeural	cheerful	+3%	1.00	100
魔神アモン	魔神アモン	young_female	zh-CN-XiaoyiNeural	cheerful	+4%	1.02	100
新宿のライダー	新宿のライダー	mature_male	zh-CN-YunjianNeural	serious	-3%	0.95	100
カブラギ	カブラギ	androgynous	zh-CN-YunxiaNeural	calm	+2%	0.99	100
もじゃ髪の博士	もじゃ髪の博士	young_female	zh-CN-XiaomengNeural	chat	+5%	1.03	100
カルデア職員	カルデア職員	androgynous	zh-CN-YunxiNeural	chat	0%	0.98	100
城勤めの女	城勤めの女	young_male	zh-CN-YunxiaNeural	cheerful	+3%	1.00	100
北欧の少女	北欧の少女	young_male	zh-CN-YunxiNeural	chat	+1%	0.99	100
検非違使たち	検非違使たち	young_female	zh-CN-XiaoyiNeural	cheerful	+4%	1.02	100
豹尾神	豹尾神	young_female	zh-CN-XiaomengNeural	chat	+5%	1.03	100
ある魔術師	ある魔術師	young_female	zh-CN-XiaomengNeural	chat	+5%	1.03	100
風の氏族	風の氏族	mature_male	zh-CN-YunzeNeural	calm	-4%	0.94	100
床屋の主人（人間）	床屋の主人（人間）	mature_female	zh-CN-XiaoruiNeural	calm	-2%	0.94	100
土の氏族の鍛冶師	土の氏族の鍛冶師	mature_female	zh-CN-XiaohanNeural	calm	0%	0.97	100
エディンバラの住人	エディンバラの住人	mature_male	zh-CN-YunfengNeural	serious	-2%	0.96	100
妙漣寺鴉郎	妙漣寺鴉郎	young_female	zh-CN-XiaoyiNeural	cheerful	+4%	1.02	100
横になったハベトロット	横になったハベトロット	androgynous	zh-CN-XiaomoNeural	calm	-1%	0.97	100
太陽の騎士	太陽の騎士	young_male	zh-CN-YunxiaNeural	cheerful	+3%	1.00	100
どう見ても恐竜	どう見ても恐竜	mature_female	zh-CN-XiaoxiaoNeural	gentle	0%	0.96	100
あごをさするディノス	あごをさするディノス	androgynous	zh-CN-XiaomoNeural	calm	-1%	0.97	100
トリスメギストスⅡ	トリスメギストスⅡ	androgynous	zh-CN-XiaomoNeural	calm	-1%	0.97	100
総合統括ＡＩ	総合統括ＡＩ	young_male	zh-CN-YunxiNeural	chat	+1%	0.99	100
家令	家令	androgynous	zh-CN-YunxiNeural	chat	0%	0.98	100
檻の中の市民Ｄ	檻の中の市民Ｄ	young_female	zh-CN-XiaomengNeural	chat	+5%	1.03	100
愉快なアサシン	愉快なアサシン	androgynous	zh-CN-XiaomoNeural	calm	-1%	0.97	100
ロベスピエール・ゴースト	ロベスピエール・ゴースト	young_female	zh-CN-XiaohanNeural	gentle	+2%	0.99	100
お米のひと	お米のひと	androgynous	zh-CN-YunxiaNeural	calm	+2%	0.99	100
シャドウサーヴァント	シャドウサーヴァント	mature_male	zh-CN-YunjianNeural	serious	-3%	0.95	100
陽炎太夫（楊貴妃）	陽炎太夫（楊貴妃）	mature_male	zh-CN-YunjianNeural	serious	-3%	0.95	100
キルケー？	キルケー？	young_female	zh-CN-XiaoyiNeural	cheerful	+4%	1.02	100
司会者	司会者	mature_male	zh-CN-YunzeNeural	calm	-4%	0.94	100
サンソン（？）	サンソン（？）	androgynous	zh-CN-YunxiaNeural	calm	+2%	0.99	100
将軍	将軍	mature_female	zh-CN-XiaoruiNeural	calm	-2%	0.94	100
鬼弐	鬼弐	mature_female	zh-CN-XiaohanNeural	calm	0%	0.97	100
後藤セタンタ	後藤セタンタ	young_female	zh-CN-XiaoxiaoNeural	cheerful	+3%	1.00	100
カルデア通信士	カルデア通信士	young_female	zh-CN-XiaoyiNeural	cheerful	+4%	1.02	100
メイヴ？	メイヴ？	young_male	zh-CN-YunxiNeural	chat	+1%	0.99	100
場内アナウンス	場内アナウンス	mature_male	zh-CN-YunfengNeural	serious	-2%	0.96	100
燎原の鬼	燎原の鬼	mature_male	zh-CN-YunzeNeural	calm	-4%	0.94	100
不届きな魔（仮）	不届きな魔（仮）	mature_female	zh-CN-XiaoruiNeural	calm	-2%	0.94	100
酔っぱらいの浪人	酔っぱらいの浪人	androgynous	zh-CN-XiaomoNeural	calm	-1%	0.97	100
蛇神様	蛇神様	mature_male	zh-CN-YunfengNeural	serious	-2%	0.96	100
前田セタンタ	前田セタンタ	young_female	zh-CN-XiaomengNeural	chat	+5%	1.03	100
女剣士	女剣士	androgynous	zh-CN-YunxiNeural	chat	0%	0.98	100
第六天魔王・卑弥呼	第六天魔王・卑弥呼	androgynous	zh-CN-XiaomoNeural	calm	-1%	0.97	100
勇者・壱与	勇者・壱与	mature_female	zh-CN-XiaoruiNeural	calm	-2%	0.94	100
大蛇	大蛇	mature_female	zh-CN-XiaohanNeural	calm	0%	0.97	100
最も恐ろしきもの	最も恐ろしきもの	young_male	zh-CN-YunxiaNeural	cheerful	+3%	1.00	100
四人	四人	young_male	zh-CN-YunxiNeural	chat	+1%	0.99	100
派手な姿の少女	派手な姿の少女	mature_female	zh-CN-XiaoxiaoNeural	gentle	0%	0.96	100
維新まじん・オルタ妹	維新まじん・オルタ妹	young_male	zh-CN-YunxiaNeural	cheerful	+3%	1.00	100
街頭テレビ	街頭テレビ	mature_female	zh-CN-XiaohanNeural	calm	0%	0.97	100
紙袋のゴッデス	紙袋のゴッデス	mature_female	zh-CN-XiaoruiNeural	calm	-2%	0.94	100
ケルベロス	ケルベロス	mature_female	zh-CN-XiaoxiaoNeural	gentle	0%	0.96	100
参加者たち	参加者たち	mature_male	zh-CN-YunjianNeural	serious	-3%	0.95	100
日比乃ひびき？	日比乃ひびき？	young_female	zh-CN-XiaomengNeural	chat	+5%	1.03	100
黒獅子もどき	黒獅子もどき	androgynous	zh-CN-XiaomoNeural	calm	-1%	0.97	100
ガウェインの兵士・Ａ	ガウェインの兵士・Ａ	mature_female	zh-CN-XiaohanNeural	calm	0%	0.97	100
グロスターの下級妖精たち	グロスターの下級妖精たち	androgynous	zh-CN-YunxiNeural	chat	0%	0.98	100
ちびノブ	ちびノブ	mature_male	zh-CN-YunzeNeural	calm	-4%	0.94	100
オペレーター	オペレーター	mature_male	zh-CN-YunfengNeural	serious	-2%	0.96	100
アキバガードＢ	アキバガードＢ	androgynous	zh-CN-XiaomoNeural	calm	-1%	0.97	100
バニヤン？	バニヤン？	young_male	zh-CN-YunxiaNeural	cheerful	+3%	1.00	100
妖精の兵士	妖精の兵士	androgynous	zh-CN-XiaomoNeural	calm	-1%	0.97	100
白竜	白竜	young_female	zh-CN-XiaoyiNeural	cheerful	+4%	1.02	100
謎の女の子	謎の女の子	mature_female	zh-CN-XiaoruiNeural	calm	-2%	0.94	100
土御門泰広	土御門泰広	androgynous	zh-CN-YunxiaNeural	calm	+2%	0.99	100
夢をみている男	夢をみている男	mature_female	zh-CN-XiaoxiaoNeural	gentle	0%	0.96	100
東洋の客Ｂ	東洋の客Ｂ	young_female	zh-CN-XiaomengNeural	chat	+5%	1.03	100
ネモ・マリーンＣ	ネモ・マリーンＣ	androgynous	zh-CN-YunxiNeural	chat	0%	0.98	100
仮面の男	仮面の男	mature_female	zh-CN-XiaoruiNeural	calm	-2%	0.94	100
オールド・ドバイ市民Ｂ	オールド・ドバイ市民Ｂ	mature_female	zh-CN-XiaohanNeural	calm	0%	0.97	100
軍判事	軍判事	young_female	zh-CN-XiaoyiNeural	cheerful	+4%	1.02	100
銀角	銀角	young_female	zh-CN-XiaomengNeural	chat	+5%	1.03	100
看護師	看護師	young_female	zh-CN-XiaoyiNeural	cheerful	+4%	1.02	100
レジスタンス男Ｃ	レジスタンス男Ｃ	young_male	zh-CN-YunxiaNeural	cheerful	+3%	1.00	100
村人たち	村人たち	androgynous	zh-CN-YunxiNeural	chat	0%	0.98	100
神剣組隊士	神剣組隊士	mature_female	zh-CN-XiaoxiaoNeural	gentle	0%	0.96	100
ドクター	ドクター	young_male	zh-CN-YunxiaNeural	cheerful	+3%	1.00	100
煙酔のハサン	煙酔のハサン	mature_male	zh-CN-YunjianNeural	serious	-3%	0.95	100
砦の兵士	砦の兵士	young_male	zh-CN-YunxiNeural	chat	+1%	0.99	100
砦の兵士Ｂ	砦の兵士Ｂ	young_male	zh-CN-YunxiNeural	chat	+1%	0.99	100
艶やかな少女の声	艶やかな少女の声	mature_female	zh-CN-XiaohanNeural	calm	0%	0.97	100
魔神柱ラウム	魔神柱ラウム	young_female	zh-CN-XiaomengNeural	chat	+5%	1.03	100
農村駐在	農村駐在	young_male	zh-CN-YunxiaNeural	cheerful	+3%	1.00	100
ネモ・マリーンたち	ネモ・マリーンたち	young_male	zh-CN-YunxiaNeural	cheerful	+3%	1.00	100
ミネルヴァ	ミネルヴァ	androgynous	zh-CN-XiaomoNeural	calm	-1%	0.97	100
宮中の僧	宮中の僧	androgynous	zh-CN-XiaomoNeural	calm	-1%	0.97	100
古き神	古き神	androgynous	zh-CN-XiaomoNeural	calm	-1%	0.97	100
嘆きの騎士	嘆きの騎士	young_male	zh-CN-YunxiNeural	chat	+1%	0.99	100
ロブ＆ワグ	ロブ＆ワグ	mature_female	zh-CN-XiaoxiaoNeural	gentle	0%	0.96	100
妖精	妖精	mature_female	zh-CN-XiaoruiNeural	calm	-2%	0.94	100
妖精士官	妖精士官	androgynous	zh-CN-XiaomoNeural	calm	-1%	0.97	100
エイケン・ドラム	エイケン・ドラム	mature_male	zh-CN-YunfengNeural	serious	-2%	0.96	100
竜骸	竜骸	young_female	zh-CN-XiaoyiNeural	cheerful	+4%	1.02	100
湖の騎士	湖の騎士	mature_female	zh-CN-XiaoxiaoNeural	gentle	0%	0.96	100
神官職ディノス	神官職ディノス	mature_female	zh-CN-XiaoruiNeural	calm	-2%	0.94	100
巌窟王の声	巌窟王の声	androgynous	zh-CN-YunxiaNeural	calm	+2%	0.99	100
オールド・ドバイ自警団Ａ	オールド・ドバイ自警団Ａ	young_male	zh-CN-YunxiNeural	chat	+1%	0.99	100
イライザ	イライザ	young_male	zh-CN-YunxiaNeural	cheerful	+3%	1.00	100
地獄の番人	地獄の番人	young_male	zh-CN-YunxiNeural	chat	+1%	0.99	100
カヤン	カヤン	mature_male	zh-CN-YunjianNeural	serious	-3%	0.95	100
白い医師たち	白い医師たち	mature_male	zh-CN-YunzeNeural	calm	-4%	0.94	100
過去	過去	mature_female	zh-CN-XiaohanNeural	calm	0%	0.97	100
現在	現在	young_male	zh-CN-YunxiNeural	chat	+1%	0.99	100
未来	未来	mature_male	zh-CN-YunjianNeural	serious	-3%	0.95	100
みんな	みんな	young_male	zh-CN-YunxiaNeural	cheerful	+3%	1.00	100
孔明な武術家	孔明な武術家	mature_male	zh-CN-YunzeNeural	calm	-4%	0.94	100
人さらい	人さらい	young_female	zh-CN-XiaomengNeural	chat	+5%	1.03	100
ドッペルゲンガー	ドッペルゲンガー	young_male	zh-CN-YunxiaNeural	cheerful	+3%	1.00	100
モブ女たち	モブ女たち	young_male	zh-CN-YunxiNeural	chat	+1%	0.99	100
鋼鉄始皇帝	鋼鉄始皇帝	mature_male	zh-CN-YunfengNeural	serious	-2%	0.96	100
悪いノッブ	悪いノッブ	young_male	zh-CN-YunxiaNeural	cheerful	+3%	1.00	100
魔神アンドラス	魔神アンドラス	mature_female	zh-CN-XiaohanNeural	calm	0%	0.97	100
ちびノブ？	ちびノブ？	young_male	zh-CN-YunxiNeural	chat	+1%	0.99	100
謎の長宗我部ヒロインⅩ	謎の長宗我部ヒロインⅩ	androgynous	zh-CN-XiaomoNeural	calm	-1%	0.97	100
ケモミミの女王	ケモミミの女王	young_female	zh-CN-XiaoyiNeural	cheerful	+4%	1.02	100
ゲーム中のアーチャー	ゲーム中のアーチャー	young_male	zh-CN-YunxiaNeural	cheerful	+3%	1.00	100
片桐メドゥ元	片桐メドゥ元	young_female	zh-CN-XiaomengNeural	chat	+5%	1.03	100
最後のマネージャー	最後のマネージャー	young_male	zh-CN-YunxiNeural	chat	+1%	0.99	100
シノ	シノ	mature_female	zh-CN-XiaoruiNeural	calm	-2%	0.94	100
オキタソージ	オキタソージ	young_male	zh-CN-YunxiNeural	chat	+1%	0.99	100
虎千代	虎千代	androgynous	zh-CN-XiaomoNeural	calm	-1%	0.97	100
百地ハサン太夫	百地ハサン太夫	androgynous	zh-CN-XiaomoNeural	calm	-1%	0.97	100
ローマ大名ネロ	ローマ大名ネロ	young_male	zh-CN-YunxiaNeural	cheerful	+3%	1.00	100
埴輪	埴輪	mature_female	zh-CN-XiaoxiaoNeural	gentle	0%	0.96	100
光り輝く埴輪	光り輝く埴輪	mature_female	zh-CN-XiaohanNeural	calm	0%	0.97	100
謎の船長	謎の船長	mature_male	zh-CN-YunfengNeural	serious	-2%	0.96	100
維新新選組・オキタ	維新新選組・オキタ	young_male	zh-CN-YunxiaNeural	cheerful	+3%	1.00	100
ジャンヌ・ダルク？	ジャンヌ・ダルク？	mature_male	zh-CN-YunjianNeural	serious	-3%	0.95	100
誹謗中傷の源	誹謗中傷の源	young_male	zh-CN-YunxiNeural	chat	+1%	0.99	100
領民	領民	mature_male	zh-CN-YunzeNeural	calm	-4%	0.94	100
斎藤警部	斎藤警部	androgynous	zh-CN-XiaomoNeural	calm	-1%	0.97	100
黒獅子？	黒獅子？	mature_male	zh-CN-YunjianNeural	serious	-3%	0.95	100
オデュッセウス？	オデュッセウス？	young_male	zh-CN-YunxiNeural	chat	+1%	0.99	100
客Ｂ	客Ｂ	mature_female	zh-CN-XiaoxiaoNeural	gentle	0%	0.96	100
３人	３人	androgynous	zh-CN-XiaomoNeural	calm	-1%	0.97	100
ウルク兵士Ａ	ウルク兵士Ａ	young_male	zh-CN-YunxiaNeural	cheerful	+3%	1.00	100
檻の中の市民Ｂ	檻の中の市民Ｂ	young_female	zh-CN-XiaoyiNeural	cheerful	+4%	1.02	100
デスソードファイア	デスソードファイア	mature_female	zh-CN-XiaoruiNeural	calm	-2%	0.94	100
『術師』の使い魔	『術師』の使い魔	androgynous	zh-CN-XiaomoNeural	calm	-1%	0.97	100
デイノニクス11兄弟・左	デイノニクス11兄弟・左	young_female	zh-CN-XiaoyiNeural	cheerful	+4%	1.02	100
仮面の巌窟王	仮面の巌窟王	androgynous	zh-CN-XiaomoNeural	calm	-1%	0.97	100
魔獣ドラコー	魔獣ドラコー	young_female	zh-CN-XiaomengNeural	chat	+5%	1.03	100
名羊ツェルコ	名羊ツェルコ	androgynous	zh-CN-XiaomoNeural	calm	-1%	0.97	100
集落の人々	集落の人々	young_male	zh-CN-YunxiaNeural	cheerful	+3%	1.00	100
ソールズベリーの騎士	ソールズベリーの騎士	young_female	zh-CN-XiaoyiNeural	cheerful	+4%	1.02	100
燕青（？）	燕青（？）	mature_female	zh-CN-XiaoruiNeural	calm	-2%	0.94	100
ブーディカ（EX）	ブーディカ（EX）	young_female	zh-CN-XiaomengNeural	chat	+5%	1.03	100
陽気な声	陽気な声	young_female	zh-CN-XiaoyiNeural	cheerful	+4%	1.02	100
紐を弄くる老人	紐を弄くる老人	young_female	zh-CN-XiaohanNeural	gentle	+2%	0.99	100
生真面目な紳士	生真面目な紳士	young_male	zh-CN-YunxiNeural	chat	+1%	0.99	100
レジスタンス	レジスタンス	young_male	zh-CN-YunxiaNeural	cheerful	+3%	1.00	100
レジスタンス男達	レジスタンス男達	mature_female	zh-CN-XiaoxiaoNeural	gentle	0%	0.96	100
ダユー？	ダユー？	androgynous	zh-CN-XiaomoNeural	calm	-1%	0.97	100
町人の女	町人の女	young_male	zh-CN-YunxiNeural	chat	+1%	0.99	100
木曾義仲	木曾義仲	mature_male	zh-CN-YunzeNeural	calm	-4%	0.94	100
但馬の侍衆	但馬の侍衆	mature_female	zh-CN-XiaoxiaoNeural	gentle	0%	0.96	100
水夫長	水夫長	mature_male	zh-CN-YunfengNeural	serious	-2%	0.96	100
マルガレータ	マルガレータ	mature_male	zh-CN-YunjianNeural	serious	-3%	0.95	100
大人	大人	mature_female	zh-CN-XiaohanNeural	calm	0%	0.97	100
ディオスクロイ	ディオスクロイ	mature_male	zh-CN-YunzeNeural	calm	-4%	0.94	100
通りすがりの妖精	通りすがりの妖精	mature_male	zh-CN-YunfengNeural	serious	-2%	0.96	100
官司たち	官司たち	young_female	zh-CN-XiaomengNeural	chat	+5%	1.03	100
通り一番の靴屋	通り一番の靴屋	young_female	zh-CN-XiaoyiNeural	cheerful	+4%	1.02	100
ロンディニウムの少女	ロンディニウムの少女	young_female	zh-CN-XiaomengNeural	chat	+5%	1.03	100
買い物中の妖精	買い物中の妖精	young_male	zh-CN-YunxiNeural	chat	+1%	0.99	100
女王の騎士	女王の騎士	mature_female	zh-CN-XiaoruiNeural	calm	-2%	0.94	100
妖精騎士メリュジーヌ	妖精騎士メリュジーヌ	mature_male	zh-CN-YunjianNeural	serious	-3%	0.95	100
デイノニクス11兄弟・一男	デイノニクス11兄弟・一男	young_female	zh-CN-XiaoxiaoNeural	cheerful	+3%	1.00	100
首をかしげるディノス	首をかしげるディノス	young_male	zh-CN-YunxiaNeural	cheerful	+3%	1.00	100
地上のオセロトルたち	地上のオセロトルたち	young_female	zh-CN-XiaohanNeural	gentle	+2%	0.99	100
カルデア職員Ｂ	カルデア職員Ｂ	young_female	zh-CN-XiaoyiNeural	cheerful	+4%	1.02	100
エデ	エデ	young_male	zh-CN-YunxiaNeural	cheerful	+3%	1.00	100
オールド・ドバイ自警団Ｂ	オールド・ドバイ自警団Ｂ	mature_female	zh-CN-XiaoruiNeural	calm	-2%	0.94	100
白野ふたり	白野ふたり	young_male	zh-CN-YunxiNeural	chat	+1%	0.99	100
イリヤ＆クロエ	イリヤ＆クロエ	mature_female	zh-CN-XiaoruiNeural	calm	-2%	0.94	100
パライソ	パライソ	androgynous	zh-CN-XiaomoNeural	calm	-1%	0.97	100
竜種	竜種	androgynous	zh-CN-XiaomoNeural	calm	-1%	0.97	100
ガネコ？	ガネコ？	young_male	zh-CN-YunxiaNeural	cheerful	+3%	1.00	100
高名な武術家	高名な武術家	androgynous	zh-CN-XiaomoNeural	calm	-1%	0.97	100
コンスタンティノープル	コンスタンティノープル	young_male	zh-CN-YunxiNeural	chat	+1%	0.99	100
黒アイリ	黒アイリ	young_female	zh-CN-XiaomengNeural	chat	+5%	1.03	100
アイランド仮面	アイランド仮面	young_female	zh-CN-XiaoxiaoNeural	cheerful	+3%	1.00	100
偽酒呑童子	偽酒呑童子	young_male	zh-CN-YunxiNeural	chat	+1%	0.99	100
偽アストルフォ	偽アストルフォ	young_male	zh-CN-YunxiaNeural	cheerful	+3%	1.00	100
オリオン？	オリオン？	mature_female	zh-CN-XiaohanNeural	calm	0%	0.97	100
ゲシュティンアンナ	ゲシュティンアンナ	androgynous	zh-CN-XiaomoNeural	calm	-1%	0.97	100
第六天魔王・織田信長	第六天魔王・織田信長	young_male	zh-CN-YunxiaNeural	cheerful	+3%	1.00	100
沖田オルタ？	沖田オルタ？	young_female	zh-CN-XiaoyiNeural	cheerful	+4%	1.02	100
はぐれサーヴァント	はぐれサーヴァント	mature_female	zh-CN-XiaoruiNeural	calm	-2%	0.94	100
加藤メディ明	加藤メディ明	young_male	zh-CN-YunxiNeural	chat	+1%	0.99	100
謎の七本槍・糟屋ヒロインＸ	謎の七本槍・糟屋ヒロインＸ	androgynous	zh-CN-XiaomoNeural	calm	-1%	0.97	100
漁村の老人	漁村の老人	mature_male	zh-CN-YunzeNeural	calm	-4%	0.94	100
コブンゴ	コブンゴ	mature_female	zh-CN-XiaohanNeural	calm	0%	0.97	100
ギャング	ギャング	androgynous	zh-CN-XiaomoNeural	calm	-1%	0.97	100
暗殺者	暗殺者	androgynous	zh-CN-XiaomoNeural	calm	-1%	0.97	100
ちびノブ達	ちびノブ達	androgynous	zh-CN-YunxiaNeural	calm	+2%	0.99	100
僧兵？	僧兵？	androgynous	zh-CN-YunxiNeural	chat	0%	0.98	100
摩玖主の村人	摩玖主の村人	young_female	zh-CN-XiaomengNeural	chat	+5%	1.03	100
摩玖主僧兵	摩玖主僧兵	mature_male	zh-CN-YunfengNeural	serious	-2%	0.96	100
謎のアルターエゴＰ	謎のアルターエゴＰ	young_male	zh-CN-YunxiNeural	chat	+1%	0.99	100
ハンドレッドフェイス秘書子	ハンドレッドフェイス秘書子	androgynous	zh-CN-XiaomoNeural	calm	-1%	0.97	100
女性市民	女性市民	androgynous	zh-CN-XiaomoNeural	calm	-1%	0.97	100
巴の声	巴の声	young_male	zh-CN-YunxiaNeural	cheerful	+3%	1.00	100
謎のイゾーＯ	謎のイゾーＯ	young_male	zh-CN-YunxiNeural	chat	+1%	0.99	100
維新まじん・オルタ姉	維新まじん・オルタ姉	young_male	zh-CN-YunxiaNeural	cheerful	+3%	1.00	100
ギガプレシオサウルスくんΩ	ギガプレシオサウルスくんΩ	mature_male	zh-CN-YunfengNeural	serious	-2%	0.96	100
新三姉妹	新三姉妹	young_male	zh-CN-YunxiaNeural	cheerful	+3%	1.00	100
モリアーティ（ヤング）	モリアーティ（ヤング）	mature_female	zh-CN-XiaoxiaoNeural	gentle	0%	0.96	100
久坂玄瑞	久坂玄瑞	young_male	zh-CN-YunxiNeural	chat	+1%	0.99	100
通りすがりの名も無き英霊	通りすがりの名も無き英霊	mature_male	zh-CN-YunzeNeural	calm	-4%	0.94	100
サバフェス仙人	サバフェス仙人	mature_female	zh-CN-XiaoruiNeural	calm	-2%	0.94	100
委員長	委員長	mature_female	zh-CN-XiaoxiaoNeural	gentle	0%	0.96	100
商人	商人	mature_male	zh-CN-YunjianNeural	serious	-3%	0.95	100
今魔川代官	今魔川代官	mature_male	zh-CN-YunfengNeural	serious	-2%	0.96	100
サメ兵士Ａ	サメ兵士Ａ	mature_female	zh-CN-XiaohanNeural	calm	0%	0.97	100
常連客の猟師	常連客の猟師	mature_female	zh-CN-XiaohanNeural	calm	0%	0.97	100
マガツ茶々ノカミ	マガツ茶々ノカミ	androgynous	zh-CN-XiaomoNeural	calm	-1%	0.97	100
宣伝マン	宣伝マン	young_male	zh-CN-YunxiNeural	chat	+1%	0.99	100
綺麗なオカダ	綺麗なオカダ	mature_female	zh-CN-XiaoxiaoNeural	gentle	0%	0.96	100
浅井家足軽	浅井家足軽	mature_male	zh-CN-YunjianNeural	serious	-3%	0.95	100
暗黒の仔山羊	暗黒の仔山羊	androgynous	zh-CN-XiaomoNeural	calm	-1%	0.97	100
プレシオサウルスくん	プレシオサウルスくん	mature_male	zh-CN-YunzeNeural	calm	-4%	0.94	100
怪異	怪異	androgynous	zh-CN-YunxiaNeural	calm	+2%	0.99	100
セバスチャン	セバスチャン	androgynous	zh-CN-XiaomoNeural	calm	-1%	0.97	100
新ケツァルマスク	新ケツァルマスク	young_male	zh-CN-YunxiaNeural	cheerful	+3%	1.00	100
集落の人	集落の人	young_female	zh-CN-XiaoyiNeural	cheerful	+4%	1.02	100
コスモギルガメス	コスモギルガメス	mature_male	zh-CN-YunzeNeural	calm	-4%	0.94	100
スタッフＣ	スタッフＣ	young_female	zh-CN-XiaomengNeural	chat	+5%	1.03	100
修学旅行生	修学旅行生	young_male	zh-CN-YunxiNeural	chat	+1%	0.99	100
上級妖精たち	上級妖精たち	androgynous	zh-CN-XiaomoNeural	calm	-1%	0.97	100
トマリン	トマリン	young_male	zh-CN-YunxiNeural	chat	+1%	0.99	100
物売りの声	物売りの声	young_male	zh-CN-YunxiaNeural	cheerful	+3%	1.00	100
死霊騎士	死霊騎士	androgynous	zh-CN-XiaomoNeural	calm	-1%	0.97	100
山の民	山の民	young_female	zh-CN-XiaoyiNeural	cheerful	+4%	1.02	100
研究員Ａ	研究員Ａ	young_female	zh-CN-XiaomengNeural	chat	+5%	1.03	100
女海賊Ａ	女海賊Ａ	androgynous	zh-CN-YunxiNeural	chat	0%	0.98	100
城下の人々	城下の人々	young_male	zh-CN-YunxiaNeural	cheerful	+3%	1.00	100
女王の兵士	女王の兵士	young_male	zh-CN-YunxiaNeural	cheerful	+3%	1.00	100
警備兵	警備兵	mature_female	zh-CN-XiaoruiNeural	calm	-2%	0.94	100
ソールズベリーの兵士・Ｂ	ソールズベリーの兵士・Ｂ	young_male	zh-CN-YunxiNeural	chat	+1%	0.99	100
庭の衛士	庭の衛士	androgynous	zh-CN-XiaomoNeural	calm	-1%	0.97	100
交換屋の妖精	交換屋の妖精	young_male	zh-CN-YunxiNeural	chat	+1%	0.99	100
カフェ・赤髭の給仕	カフェ・赤髭の給仕	mature_female	zh-CN-XiaohanNeural	calm	0%	0.97	100
店の主人	店の主人	androgynous	zh-CN-XiaomoNeural	calm	-1%	0.97	100
戴冠式に向かう妖精たち	戴冠式に向かう妖精たち	mature_female	zh-CN-XiaoruiNeural	calm	-2%	0.94	100
グロスターの妖精	グロスターの妖精	mature_male	zh-CN-YunfengNeural	serious	-2%	0.96	100
ネモ・マリーン（計測係）	ネモ・マリーン（計測係）	young_male	zh-CN-YunxiaNeural	cheerful	+3%	1.00	100
ベッドの上の少年	ベッドの上の少年	young_female	zh-CN-XiaoyiNeural	cheerful	+4%	1.02	100
オセロトルたち	オセロトルたち	mature_male	zh-CN-YunjianNeural	serious	-3%	0.95	100
デイノニクス11兄弟・二男	デイノニクス11兄弟・二男	androgynous	zh-CN-XiaomoNeural	calm	-1%	0.97	100
多感なるディノス	多感なるディノス	mature_female	zh-CN-XiaoxiaoNeural	gentle	0%	0.96	100
元帝王パーシマ	元帝王パーシマ	mature_male	zh-CN-YunjianNeural	serious	-3%	0.95	100
ステラマリー	ステラマリー	young_male	zh-CN-YunxiNeural	chat	+1%	0.99	100
縄で縛られた茨木童子	縄で縛られた茨木童子	mature_male	zh-CN-YunzeNeural	calm	-4%	0.94	100
ケルト兵	ケルト兵	young_male	zh-CN-YunxiaNeural	cheerful	+3%	1.00	100
ジナーシャ？	ジナーシャ？	young_male	zh-CN-YunxiNeural	chat	+1%	0.99	100
フワワ？	フワワ？	young_female	zh-CN-XiaomengNeural	chat	+5%	1.03	100
キャプテン・キッド	キャプテン・キッド	mature_female	zh-CN-XiaoruiNeural	calm	-2%	0.94	100
ちびハサン	ちびハサン	young_female	zh-CN-XiaoyiNeural	cheerful	+4%	1.02	100
武蔵坊雪斎	武蔵坊雪斎	androgynous	zh-CN-XiaomoNeural	calm	-1%	0.97	100
黒田メフィスト	黒田メフィスト	young_male	zh-CN-YunxiaNeural	cheerful	+3%	1.00	100
エジソン君	エジソン君	androgynous	zh-CN-XiaomoNeural	calm	-1%	0.97	100
モヒカン	モヒカン	young_female	zh-CN-XiaomengNeural	chat	+5%	1.03	100
ネルガル	ネルガル	mature_female	zh-CN-XiaohanNeural	calm	0%	0.97	100
節分女将	節分女将	young_female	zh-CN-XiaoyiNeural	cheerful	+4%	1.02	100
岡っ引き“貌”	岡っ引き“貌”	mature_male	zh-CN-YunfengNeural	serious	-2%	0.96	100
メイヴ親衛隊	メイヴ親衛隊	androgynous	zh-CN-YunxiNeural	chat	0%	0.98	100
魔猿	魔猿	young_male	zh-CN-YunxiaNeural	cheerful	+3%	1.00	100
瘤のある老人	瘤のある老人	young_female	zh-CN-XiaoxiaoNeural	cheerful	+3%	1.00	100
パールヴァティー？	パールヴァティー？	young_female	zh-CN-XiaomengNeural	chat	+5%	1.03	100
大奥女中Ｂ	大奥女中Ｂ	mature_male	zh-CN-YunzeNeural	calm	-4%	0.94	100
兵士？	兵士？	young_female	zh-CN-XiaoyiNeural	cheerful	+4%	1.02	100
ビッグノッブ	ビッグノッブ	mature_male	zh-CN-YunjianNeural	serious	-3%	0.95	100
足軽	足軽	mature_male	zh-CN-YunfengNeural	serious	-2%	0.96	100
伊達ジャンヌ・オルタ	伊達ジャンヌ・オルタ	mature_male	zh-CN-YunfengNeural	serious	-2%	0.96	100
蠣崎シトナイ	蠣崎シトナイ	mature_female	zh-CN-XiaoxiaoNeural	gentle	0%	0.96	100
集落の老人	集落の老人	androgynous	zh-CN-XiaomoNeural	calm	-1%	0.97	100
ファンＡ	ファンＡ	androgynous	zh-CN-YunxiaNeural	calm	+2%	0.99	100
アルテラ・ザ・サン（タ）	アルテラ・ザ・サン（タ）	androgynous	zh-CN-YunxiNeural	chat	0%	0.98	100
維新新選組・フジタ	維新新選組・フジタ	mature_male	zh-CN-YunzeNeural	calm	-4%	0.94	100
謎の維新ライダーＭ	謎の維新ライダーＭ	mature_male	zh-CN-YunjianNeural	serious	-3%	0.95	100
おいしい巨大卵	おいしい巨大卵	mature_female	zh-CN-XiaoruiNeural	calm	-2%	0.94	100
町の住民	町の住民	androgynous	zh-CN-XiaomoNeural	calm	-1%	0.97	100
謎の平安女子Ａ	謎の平安女子Ａ	young_female	zh-CN-XiaohanNeural	gentle	+2%	0.99	100
モリアーティ（アラフィフ）	モリアーティ（アラフィフ）	young_female	zh-CN-XiaomengNeural	chat	+5%	1.03	100
屋台の親父	屋台の親父	young_male	zh-CN-YunxiNeural	chat	+1%	0.99	100
巫女＆神官	巫女＆神官	mature_male	zh-CN-YunfengNeural	serious	-2%	0.96	100
ネモサンタ（中継）	ネモサンタ（中継）	mature_female	zh-CN-XiaohanNeural	calm	0%	0.97	100
東洋の客Ａ	東洋の客Ａ	young_female	zh-CN-XiaomengNeural	chat	+5%	1.03	100
アナウンスの声	アナウンスの声	mature_female	zh-CN-XiaoxiaoNeural	gentle	0%	0.96	100
怪しい男	怪しい男	mature_male	zh-CN-YunzeNeural	calm	-4%	0.94	100
魔獣	魔獣	young_male	zh-CN-YunxiaNeural	cheerful	+3%	1.00	100
サーヴァントたち	サーヴァントたち	young_male	zh-CN-YunxiNeural	chat	+1%	0.99	100
帝王パーシマ	帝王パーシマ	young_female	zh-CN-XiaoyiNeural	cheerful	+4%	1.02	100
偽の壱与	偽の壱与	mature_female	zh-CN-XiaoruiNeural	calm	-2%	0.94	100
神官	神官	young_male	zh-CN-YunxiaNeural	cheerful	+3%	1.00	100
黒犬	黒犬	androgynous	zh-CN-XiaomoNeural	calm	-1%	0.97	100
【㭍六】	【㭍六】	androgynous	zh-CN-XiaomoNeural	calm	-1%	0.97	100
アルクェイド（？）	アルクェイド（？）	androgynous	zh-CN-YunxiaNeural	calm	+2%	0.99	100
常連客Ａ	常連客Ａ	young_male	zh-CN-YunxiNeural	chat	+1%	0.99	100
ボンバーノッブ	ボンバーノッブ	androgynous	zh-CN-XiaomoNeural	calm	-1%	0.97	100
太陽のパリス	太陽のパリス	young_female	zh-CN-XiaohanNeural	gentle	+2%	0.99	100
ジャック・ザ・リッパー	ジャック・ザ・リッパー	mature_male	zh-CN-YunjianNeural	serious	-3%	0.95	100
アキバガードＡ	アキバガードＡ	mature_female	zh-CN-XiaoxiaoNeural	gentle	0%	0.96	100
コンたち	コンたち	young_male	zh-CN-YunxiNeural	chat	+1%	0.99	100
モノローグ（ＣＶ：呼延灼）	モノローグ（ＣＶ：呼延灼）	mature_male	zh-CN-YunfengNeural	serious	-2%	0.96	100
常連客Ｂ	常連客Ｂ	mature_female	zh-CN-XiaoruiNeural	calm	-2%	0.94	100
ヤガ市民Ａ	ヤガ市民Ａ	mature_male	zh-CN-YunzeNeural	calm	-4%	0.94	100
スセリツカ	スセリツカ	mature_female	zh-CN-XiaohanNeural	calm	0%	0.97	100
観光客	観光客	androgynous	zh-CN-XiaomoNeural	calm	-1%	0.97	100
異常変異体	異常変異体	androgynous	zh-CN-YunxiaNeural	calm	+2%	0.99	100
町人	町人	mature_female	zh-CN-XiaoxiaoNeural	gentle	0%	0.96	100
上杉家臣	上杉家臣	androgynous	zh-CN-YunxiaNeural	calm	+2%	0.99	100
水着新選組一番隊隊長	水着新選組一番隊隊長	young_male	zh-CN-YunxiNeural	chat	+1%	0.99	100
ラニ＝Ｄ	ラニ＝Ｄ	mature_female	zh-CN-XiaoruiNeural	calm	-2%	0.94	100
コッコ	コッコ	androgynous	zh-CN-XiaomoNeural	calm	-1%	0.97	100
小人	小人	mature_female	zh-CN-XiaoxiaoNeural	gentle	0%	0.96	100
ジャガーの戦士たち	ジャガーの戦士たち	young_female	zh-CN-XiaoyiNeural	cheerful	+4%	1.02	100
アナウンスＢ	アナウンスＢ	mature_female	zh-CN-XiaohanNeural	calm	0%	0.97	100
トータ	トータ	androgynous	zh-CN-XiaomoNeural	calm	-1%	0.97	100
連合軍兵士	連合軍兵士	young_female	zh-CN-XiaomengNeural	chat	+5%	1.03	100
第一の門	第一の門	young_male	zh-CN-YunxiNeural	chat	+1%	0.99	100
魔神ナベリウス	魔神ナベリウス	mature_female	zh-CN-XiaoruiNeural	calm	-2%	0.94	100
魔神サブナック	魔神サブナック	mature_female	zh-CN-XiaoruiNeural	calm	-2%	0.94	100
部下Ａ	部下Ａ	mature_female	zh-CN-XiaohanNeural	calm	0%	0.97	100
里の老婆	里の老婆	young_male	zh-CN-YunxiaNeural	cheerful	+3%	1.00	100
雅な芸妓	雅な芸妓	young_female	zh-CN-XiaoyiNeural	cheerful	+4%	1.02	100
淑やかな姫君	淑やかな姫君	young_male	zh-CN-YunxiNeural	chat	+1%	0.99	100
町の人々	町の人々	mature_female	zh-CN-XiaoxiaoNeural	gentle	0%	0.96	100
兵士たち	兵士たち	mature_female	zh-CN-XiaoruiNeural	calm	-2%	0.94	100
軍法務士官	軍法務士官	mature_male	zh-CN-YunjianNeural	serious	-3%	0.95	100
レベッカ	レベッカ	androgynous	zh-CN-YunxiaNeural	calm	+2%	0.99	100
査問官	査問官	androgynous	zh-CN-XiaomoNeural	calm	-1%	0.97	100
牛車の中の貴人	牛車の中の貴人	young_male	zh-CN-YunxiaNeural	cheerful	+3%	1.00	100
京の男	京の男	young_male	zh-CN-YunxiNeural	chat	+1%	0.99	100
動物のような妖精	動物のような妖精	young_male	zh-CN-YunxiNeural	chat	+1%	0.99	100
顔のいい妖精	顔のいい妖精	androgynous	zh-CN-XiaomoNeural	calm	-1%	0.97	100
モース	モース	young_male	zh-CN-YunxiaNeural	cheerful	+3%	1.00	100
鳥の姿をした妖精	鳥の姿をした妖精	young_male	zh-CN-YunxiNeural	chat	+1%	0.99	100
棚の下に隠れている靴屋の妖精	棚の下に隠れている靴屋の妖精	young_female	zh-CN-XiaomengNeural	chat	+5%	1.03	100
書記官イットリー	書記官イットリー	young_male	zh-CN-YunxiaNeural	cheerful	+3%	1.00	100
北の妖精	北の妖精	mature_female	zh-CN-XiaoxiaoNeural	gentle	0%	0.96	100
ノクナレア軍・士官	ノクナレア軍・士官	young_female	zh-CN-XiaomengNeural	chat	+5%	1.03	100
見張りの妖精Ａ	見張りの妖精Ａ	androgynous	zh-CN-XiaomoNeural	calm	-1%	0.97	100
王の氏族になった妖精	王の氏族になった妖精	mature_female	zh-CN-XiaohanNeural	calm	0%	0.97	100
逃げる妖精	逃げる妖精	androgynous	zh-CN-XiaomoNeural	calm	-1%	0.97	100
ディノス	ディノス	young_male	zh-CN-YunxiaNeural	cheerful	+3%	1.00	100
闘士ワクチャン	闘士ワクチャン	mature_female	zh-CN-XiaoruiNeural	calm	-2%	0.94	100
キングプロテア？	キングプロテア？	mature_male	zh-CN-YunjianNeural	serious	-3%	0.95	100
警防タイプ筆頭ＡＩ	警防タイプ筆頭ＡＩ	young_female	zh-CN-XiaoyiNeural	cheerful	+4%	1.02	100
[image berserker_language_8]	[image berserker_language_8]	mature_female	zh-CN-XiaohanNeural	calm	0%	0.97	100
叔母の声	叔母の声	young_female	zh-CN-XiaoyiNeural	cheerful	+4%	1.02	100
オールド・ドバイ市民Ａ	オールド・ドバイ市民Ａ	young_female	zh-CN-XiaomengNeural	chat	+5%	1.03	100
案内ロボット	案内ロボット	young_female	zh-CN-XiaomengNeural	chat	+5%	1.03	100
バスの運転手	バスの運転手	androgynous	zh-CN-XiaomoNeural	calm	-1%	0.97	100
マーカス	マーカス	mature_male	zh-CN-YunfengNeural	serious	-2%	0.96	100
メジェドｓ	メジェドｓ	androgynous	zh-CN-YunxiNeural	chat	0%	0.98	100
クー・フーリン？	クー・フーリン？	young_female	zh-CN-XiaoyiNeural	cheerful	+4%	1.02	100
高名な武術家の弟子	高名な武術家の弟子	mature_male	zh-CN-YunzeNeural	calm	-4%	0.94	100
セネカ	セネカ	androgynous	zh-CN-YunxiNeural	chat	0%	0.98	100
若者	若者	young_female	zh-CN-XiaoxiaoNeural	cheerful	+3%	1.00	100
教師	教師	androgynous	zh-CN-XiaomoNeural	calm	-1%	0.97	100
アステリオス（？）	アステリオス（？）	mature_female	zh-CN-XiaohanNeural	calm	0%	0.97	100
巴御前？	巴御前？	mature_female	zh-CN-XiaoxiaoNeural	gentle	0%	0.96	100
松平アーラシュ	松平アーラシュ	young_male	zh-CN-YunxiaNeural	cheerful	+3%	1.00	100
上杉アルトリア	上杉アルトリア	young_male	zh-CN-YunxiaNeural	cheerful	+3%	1.00	100
教会の少女	教会の少女	mature_male	zh-CN-YunfengNeural	serious	-2%	0.96	100
デビー・クロケット	デビー・クロケット	androgynous	zh-CN-XiaomoNeural	calm	-1%	0.97	100
レオニマス一世	レオニマス一世	mature_female	zh-CN-XiaoruiNeural	calm	-2%	0.94	100
ネルガルの悪意	ネルガルの悪意	young_female	zh-CN-XiaomengNeural	chat	+5%	1.03	100
福島エミノリ	福島エミノリ	young_female	zh-CN-XiaoyiNeural	cheerful	+4%	1.02	100
平野えっちゃん	平野えっちゃん	young_female	zh-CN-XiaomengNeural	chat	+5%	1.03	100
サーファー	サーファー	mature_female	zh-CN-XiaoxiaoNeural	gentle	0%	0.96	100
浜辺のクールガイ	浜辺のクールガイ	androgynous	zh-CN-YunxiNeural	chat	0%	0.98	100
ミステリアン・サーヴァント２号	ミステリアン・サーヴァント２号	mature_male	zh-CN-YunzeNeural	calm	-4%	0.94	100
達人	達人	young_female	zh-CN-XiaoyiNeural	cheerful	+4%	1.02	100
少女メドゥーサ	少女メドゥーサ	mature_female	zh-CN-XiaoruiNeural	calm	-2%	0.94	100
山南先生	山南先生	androgynous	zh-CN-YunxiNeural	chat	0%	0.98	100
大魔王オキタ・オルタ	大魔王オキタ・オルタ	mature_male	zh-CN-YunjianNeural	serious	-3%	0.95	100
ＳＰ１	ＳＰ１	mature_male	zh-CN-YunzeNeural	calm	-4%	0.94	100
スペースモッヒー	スペースモッヒー	mature_female	zh-CN-XiaohanNeural	calm	0%	0.97	100
ミスター・チンの声	ミスター・チンの声	androgynous	zh-CN-XiaomoNeural	calm	-1%	0.97	100
クー・フーリン＆子ギル＆マシュ	クー・フーリン＆子ギル＆マシュ	mature_female	zh-CN-XiaoruiNeural	calm	-2%	0.94	100
マネージャー人形	マネージャー人形	mature_female	zh-CN-XiaohanNeural	calm	0%	0.97	100
ファンＢ	ファンＢ	young_female	zh-CN-XiaomengNeural	chat	+5%	1.03	100
音怨リーダー・ソロウ	音怨リーダー・ソロウ	androgynous	zh-CN-YunxiaNeural	calm	+2%	0.99	100
水着カッツ	水着カッツ	young_female	zh-CN-XiaoyiNeural	cheerful	+4%	1.02	100
レアお菓子ゴーレム	レアお菓子ゴーレム	mature_male	zh-CN-YunfengNeural	serious	-2%	0.96	100
三姉妹	三姉妹	mature_female	zh-CN-XiaoxiaoNeural	gentle	0%	0.96	100
五人	五人	androgynous	zh-CN-XiaomoNeural	calm	-1%	0.97	100
伝令お茶ノッブ	伝令お茶ノッブ	young_female	zh-CN-XiaomengNeural	chat	+5%	1.03	100
釈妙英	釈妙英	androgynous	zh-CN-YunxiaNeural	calm	+2%	0.99	100
歌舞伎弁士・阿国	歌舞伎弁士・阿国	young_female	zh-CN-XiaoyiNeural	cheerful	+4%	1.02	100
ドレイク？	ドレイク？	mature_male	zh-CN-YunjianNeural	serious	-3%	0.95	100
魔神柱？	魔神柱？	mature_female	zh-CN-XiaohanNeural	calm	0%	0.97	100
魔獣フラウロス	魔獣フラウロス	mature_male	zh-CN-YunfengNeural	serious	-2%	0.96	100
クー・フーリン・オルタ？	クー・フーリン・オルタ？	young_female	zh-CN-XiaoxiaoNeural	cheerful	+3%	1.00	100
暴徒たち	暴徒たち	mature_male	zh-CN-YunzeNeural	calm	-4%	0.94	100
沖田巡査長	沖田巡査長	mature_male	zh-CN-YunjianNeural	serious	-3%	0.95	100
爆発した女	爆発した女	young_female	zh-CN-XiaomengNeural	chat	+5%	1.03	100
カブキマスター阿国	カブキマスター阿国	androgynous	zh-CN-YunxiNeural	chat	0%	0.98	100
古代火星人Ａ	古代火星人Ａ	young_male	zh-CN-YunxiNeural	chat	+1%	0.99	100
ベル・ラフム	ベル・ラフム	mature_male	zh-CN-YunzeNeural	calm	-4%	0.94	100
ドゥン・スタリオン	ドゥン・スタリオン	mature_male	zh-CN-YunjianNeural	serious	-3%	0.95	100
銀河警察	銀河警察	mature_female	zh-CN-XiaoruiNeural	calm	-2%	0.94	100
悪夢のウィリアム	悪夢のウィリアム	androgynous	zh-CN-XiaomoNeural	calm	-1%	0.97	100
ニンジャ	ニンジャ	young_female	zh-CN-XiaoyiNeural	cheerful	+4%	1.02	100
犬士たち	犬士たち	mature_male	zh-CN-YunfengNeural	serious	-2%	0.96	100
バビロン兵	バビロン兵	mature_male	zh-CN-YunfengNeural	serious	-2%	0.96	100
擬機神デメテル・オリジン	擬機神デメテル・オリジン	mature_female	zh-CN-XiaoruiNeural	calm	-2%	0.94	100
下級妖精たち	下級妖精たち	mature_female	zh-CN-XiaohanNeural	calm	0%	0.97	100
上級市民	上級市民	mature_female	zh-CN-XiaoxiaoNeural	gentle	0%	0.96	100
オートマタ	オートマタ	young_female	zh-CN-XiaoyiNeural	cheerful	+4%	1.02	100
お菓子の国の住人	お菓子の国の住人	mature_female	zh-CN-XiaoruiNeural	calm	-2%	0.94	100
市民Ｂ	市民Ｂ	mature_male	zh-CN-YunjianNeural	serious	-3%	0.95	100
悪夢のスパルタクスＰ・Ｘ	悪夢のスパルタクスＰ・Ｘ	young_male	zh-CN-YunxiaNeural	cheerful	+3%	1.00	100
謎の女	謎の女	young_male	zh-CN-YunxiNeural	chat	+1%	0.99	100
謎の人斬り	謎の人斬り	androgynous	zh-CN-XiaomoNeural	calm	-1%	0.97	100
ハサンの声	ハサンの声	mature_male	zh-CN-YunzeNeural	calm	-4%	0.94	100
織田信長？	織田信長？	young_female	zh-CN-XiaomengNeural	chat	+5%	1.03	100
織田家臣	織田家臣	mature_female	zh-CN-XiaoxiaoNeural	gentle	0%	0.96	100
ジャック？	ジャック？	young_male	zh-CN-YunxiaNeural	cheerful	+3%	1.00	100
アキバガード兼ねろボーイズ	アキバガード兼ねろボーイズ	mature_female	zh-CN-XiaohanNeural	calm	0%	0.97	100
難民の子供	難民の子供	mature_female	zh-CN-XiaoxiaoNeural	gentle	0%	0.96	100
聖都軍兵士Ｂ	聖都軍兵士Ｂ	mature_male	zh-CN-YunzeNeural	calm	-4%	0.94	100
連合軍兵士たち	連合軍兵士たち	young_female	zh-CN-XiaoyiNeural	cheerful	+4%	1.02	100
シュメル人	シュメル人	young_male	zh-CN-YunxiNeural	chat	+1%	0.99	100
第四の門	第四の門	young_female	zh-CN-XiaomengNeural	chat	+5%	1.03	100
第五の門	第五の門	mature_female	zh-CN-XiaoruiNeural	calm	-2%	0.94	100
ウルク門番	ウルク門番	young_female	zh-CN-XiaohanNeural	gentle	+2%	0.99	100
魔神オセ	魔神オセ	mature_female	zh-CN-XiaoxiaoNeural	gentle	0%	0.96	100
魔神フォルネウス	魔神フォルネウス	androgynous	zh-CN-XiaomoNeural	calm	-1%	0.97	100
ボンベ	ボンベ	young_female	zh-CN-XiaoyiNeural	cheerful	+4%	1.02	100
魔神グシオン	魔神グシオン	androgynous	zh-CN-YunxiaNeural	calm	+2%	0.99	100
魔神クロケル	魔神クロケル	mature_female	zh-CN-XiaoruiNeural	calm	-2%	0.94	100
チンピラＢ	チンピラＢ	young_male	zh-CN-YunxiaNeural	cheerful	+3%	1.00	100
レジスタンス男	レジスタンス男	mature_female	zh-CN-XiaohanNeural	calm	0%	0.97	100
一枚摺売り	一枚摺売り	young_female	zh-CN-XiaomengNeural	chat	+5%	1.03	100
ルドルフ	ルドルフ	young_female	zh-CN-XiaomengNeural	chat	+5%	1.03	100
瀕死のカーター《ラウム》	瀕死のカーター《ラウム》	young_male	zh-CN-YunxiNeural	chat	+1%	0.99	100
牧師《食屍鬼》	牧師《食屍鬼》	young_female	zh-CN-XiaoyiNeural	cheerful	+4%	1.02	100
批評家	批評家	mature_male	zh-CN-YunfengNeural	serious	-2%	0.96	100
劇場高級会員	劇場高級会員	young_female	zh-CN-XiaoxiaoNeural	cheerful	+3%	1.00	100
農婦Ｂ	農婦Ｂ	mature_female	zh-CN-XiaoruiNeural	calm	-2%	0.94	100
ニコラ・テスラ？	ニコラ・テスラ？	mature_female	zh-CN-XiaohanNeural	calm	0%	0.97	100
中国の馬	中国の馬	androgynous	zh-CN-XiaomoNeural	calm	-1%	0.97	100
轍の嬰児	轍の嬰児	young_male	zh-CN-YunxiNeural	chat	+1%	0.99	100
土の妖精	土の妖精	mature_female	zh-CN-XiaohanNeural	calm	0%	0.97	100
牙の妖精	牙の妖精	mature_female	zh-CN-XiaoruiNeural	calm	-2%	0.94	100
人間の兵士	人間の兵士	mature_female	zh-CN-XiaoxiaoNeural	gentle	0%	0.96	100
円卓軍の伝令兵	円卓軍の伝令兵	young_female	zh-CN-XiaomengNeural	chat	+5%	1.03	100
外で集まっている妖精たち	外で集まっている妖精たち	mature_male	zh-CN-YunjianNeural	serious	-3%	0.95	100
恰幅のいい人間	恰幅のいい人間	androgynous	zh-CN-XiaomoNeural	calm	-1%	0.97	100
ウッドワス軍・伝令兵	ウッドワス軍・伝令兵	mature_male	zh-CN-YunzeNeural	calm	-4%	0.94	100
魔術師マーリン	魔術師マーリン	mature_male	zh-CN-YunjianNeural	serious	-3%	0.95	100
ジェニー	ジェニー	androgynous	zh-CN-YunxiaNeural	calm	+2%	0.99	100
反乱軍の兵士	反乱軍の兵士	young_male	zh-CN-YunxiaNeural	cheerful	+3%	1.00	100
兵士の声Ａ	兵士の声Ａ	young_female	zh-CN-XiaoyiNeural	cheerful	+4%	1.02	100
騎士の声	騎士の声	mature_female	zh-CN-XiaoruiNeural	calm	-2%	0.94	100
マシュ＆ハベトロット	マシュ＆ハベトロット	young_male	zh-CN-YunxiNeural	chat	+1%	0.99	100
デイノニクス11兄弟・三男	デイノニクス11兄弟・三男	young_female	zh-CN-XiaoyiNeural	cheerful	+4%	1.02	100
うなずくディノス	うなずくディノス	young_male	zh-CN-YunxiNeural	chat	+1%	0.99	100
うなずいていたディノス	うなずいていたディノス	androgynous	zh-CN-XiaomoNeural	calm	-1%	0.97	100
カルデア職員Ｃ	カルデア職員Ｃ	young_female	zh-CN-XiaomengNeural	chat	+5%	1.03	100
不思議そうなディノス	不思議そうなディノス	androgynous	zh-CN-XiaomoNeural	calm	-1%	0.97	100
フーカ先生？	フーカ先生？	androgynous	zh-CN-YunxiaNeural	calm	+2%	0.99	100
騎士団員マッドネス	騎士団員マッドネス	young_male	zh-CN-YunxiNeural	chat	+1%	0.99	100
檻の中の市民たち	檻の中の市民たち	young_female	zh-CN-XiaohanNeural	gentle	+2%	0.99	100
ムーン・ドバイ市民Ｂ	ムーン・ドバイ市民Ｂ	mature_female	zh-CN-XiaoxiaoNeural	gentle	0%	0.96	100
あるムーン・ドバイ市民	あるムーン・ドバイ市民	young_male	zh-CN-YunxiaNeural	cheerful	+3%	1.00	100
かすれた声	かすれた声	androgynous	zh-CN-XiaomoNeural	calm	-1%	0.97	100
ネモたち	ネモたち	mature_female	zh-CN-XiaoruiNeural	calm	-2%	0.94	100
極悪非道の盗賊	極悪非道の盗賊	androgynous	zh-CN-XiaomoNeural	calm	-1%	0.97	100
名状しがたき異形	名状しがたき異形	androgynous	zh-CN-YunxiaNeural	calm	+2%	0.99	100
ランスロット？	ランスロット？	mature_female	zh-CN-XiaohanNeural	calm	0%	0.97	100
ファウスト	ファウスト	mature_female	zh-CN-XiaoxiaoNeural	gentle	0%	0.96	100
ロード・エルメロイⅡ世	ロード・エルメロイⅡ世	young_male	zh-CN-YunxiNeural	chat	+1%	0.99	100
真人始皇帝	真人始皇帝	androgynous	zh-CN-YunxiNeural	chat	0%	0.98	100
アマデウス仮面	アマデウス仮面	androgynous	zh-CN-YunxiaNeural	calm	+2%	0.99	100
竹中アンデルセン	竹中アンデルセン	mature_female	zh-CN-XiaohanNeural	calm	0%	0.97	100
良いノッブ	良いノッブ	mature_male	zh-CN-YunfengNeural	serious	-2%	0.96	100
死霊	死霊	mature_female	zh-CN-XiaoxiaoNeural	gentle	0%	0.96	100
羊	羊	mature_female	zh-CN-XiaoruiNeural	calm	-2%	0.94	100
布団	布団	androgynous	zh-CN-XiaomoNeural	calm	-1%	0.97	100
不夜城のキャスター	不夜城のキャスター	mature_male	zh-CN-YunfengNeural	serious	-2%	0.96	100
チョコラミス	チョコラミス	mature_female	zh-CN-XiaoxiaoNeural	gentle	0%	0.96	100
カルデア職員（男性）	カルデア職員（男性）	young_female	zh-CN-XiaoyiNeural	cheerful	+4%	1.02	100
加藤書文	加藤書文	mature_male	zh-CN-YunjianNeural	serious	-3%	0.95	100
名も無きカメラマンのみなさん	名も無きカメラマンのみなさん	young_female	zh-CN-XiaomengNeural	chat	+5%	1.03	100
サバフェス海賊	サバフェス海賊	androgynous	zh-CN-YunxiaNeural	calm	+2%	0.99	100
少女騎士	少女騎士	androgynous	zh-CN-YunxiNeural	chat	0%	0.98	100
エジソン兵	エジソン兵	young_male	zh-CN-YunxiaNeural	cheerful	+3%	1.00	100
千歳市民の男の子	千歳市民の男の子	young_female	zh-CN-XiaoyiNeural	cheerful	+4%	1.02	100
ハンバーグの鬼	ハンバーグの鬼	androgynous	zh-CN-XiaomoNeural	calm	-1%	0.97	100
町民Ａ	町民Ａ	young_male	zh-CN-YunxiNeural	chat	+1%	0.99	100
謎の宣教師Ａ	謎の宣教師Ａ	young_male	zh-CN-YunxiNeural	chat	+1%	0.99	100
虎面の怪	虎面の怪	mature_female	zh-CN-XiaoruiNeural	calm	-2%	0.94	100
天魔武蔵	天魔武蔵	androgynous	zh-CN-XiaomoNeural	calm	-1%	0.97	100
Ｘ・オルタ・オーバーロード	Ｘ・オルタ・オーバーロード	mature_female	zh-CN-XiaohanNeural	calm	0%	0.97	100
謎のディーラーΛ	謎のディーラーΛ	young_female	zh-CN-XiaomengNeural	chat	+5%	1.03	100
シンベエ	シンベエ	young_female	zh-CN-XiaoyiNeural	cheerful	+4%	1.02	100
あちらのお客さま	あちらのお客さま	young_female	zh-CN-XiaomengNeural	chat	+5%	1.03	100
大奥女中Ｃ	大奥女中Ｃ	young_male	zh-CN-YunxiaNeural	cheerful	+3%	1.00	100
ダイゾー	ダイゾー	young_female	zh-CN-XiaomengNeural	chat	+5%	1.03	100
摩玖主大本尊	摩玖主大本尊	androgynous	zh-CN-XiaomoNeural	calm	-1%	0.97	100
前田クー・フーリン・オルタ	前田クー・フーリン・オルタ	androgynous	zh-CN-YunxiNeural	chat	0%	0.98	100
真田エミ幸	真田エミ幸	young_female	zh-CN-XiaoyiNeural	cheerful	+4%	1.02	100
源義経	源義経	mature_female	zh-CN-XiaoruiNeural	calm	-2%	0.94	100
音声ガイド	音声ガイド	androgynous	zh-CN-XiaomoNeural	calm	-1%	0.97	100
手下達	手下達	mature_female	zh-CN-XiaohanNeural	calm	0%	0.97	100
市民Ｃ	市民Ｃ	androgynous	zh-CN-YunxiaNeural	calm	+2%	0.99	100
非モテ警察達	非モテ警察達	androgynous	zh-CN-XiaomoNeural	calm	-1%	0.97	100
メジェド？	メジェド？	young_male	zh-CN-YunxiNeural	chat	+1%	0.99	100
埴輪ノッブ	埴輪ノッブ	young_female	zh-CN-XiaomengNeural	chat	+5%	1.03	100
狗神	狗神	androgynous	zh-CN-YunxiaNeural	calm	+2%	0.99	100
虞美人ｓ	虞美人ｓ	mature_male	zh-CN-YunzeNeural	calm	-4%	0.94	100
ネモ・マリーン（偽）	ネモ・マリーン（偽）	mature_male	zh-CN-YunfengNeural	serious	-2%	0.96	100
幸寿前	幸寿前	mature_male	zh-CN-YunjianNeural	serious	-3%	0.95	100
？？？（二人目）	？？？（二人目）	mature_female	zh-CN-XiaoxiaoNeural	gentle	0%	0.96	100
中岡慎太郎	中岡慎太郎	androgynous	zh-CN-YunxiNeural	chat	0%	0.98	100
住民Ａ	住民Ａ	mature_male	zh-CN-YunzeNeural	calm	-4%	0.94	100
キングプレシオサウルスくん？	キングプレシオサウルスくん？	young_male	zh-CN-YunxiaNeural	cheerful	+3%	1.00	100
《自由を求める者》	《自由を求める者》	mature_male	zh-CN-YunfengNeural	serious	-2%	0.96	100
ネモ・アスクレピオス	ネモ・アスクレピオス	mature_male	zh-CN-YunzeNeural	calm	-4%	0.94	100
ネモ・レディ・アヴァロン	ネモ・レディ・アヴァロン	mature_female	zh-CN-XiaohanNeural	calm	0%	0.97	100
ボイジャー（イアソン）	ボイジャー（イアソン）	androgynous	zh-CN-XiaomoNeural	calm	-1%	0.97	100
検使	検使	mature_female	zh-CN-XiaoruiNeural	calm	-2%	0.94	100
花の魔術師	花の魔術師	androgynous	zh-CN-YunxiaNeural	calm	+2%	0.99	100
魔獣ナベリウス	魔獣ナベリウス	young_female	zh-CN-XiaoyiNeural	cheerful	+4%	1.02	100
祭神の巫女	祭神の巫女	young_female	zh-CN-XiaoxiaoNeural	cheerful	+3%	1.00	100
ニワトコ	ニワトコ	mature_female	zh-CN-XiaoruiNeural	calm	-2%	0.94	100
宮本伊織？	宮本伊織？	androgynous	zh-CN-XiaomoNeural	calm	-1%	0.97	100
ヨシスケ	ヨシスケ	mature_female	zh-CN-XiaohanNeural	calm	0%	0.97	100
トレーナーのお兄さん	トレーナーのお兄さん	mature_male	zh-CN-YunjianNeural	serious	-3%	0.95	100
蛇竜人たちの声	蛇竜人たちの声	mature_female	zh-CN-XiaoxiaoNeural	gentle	0%	0.96	100
サメ兵士Ｂ	サメ兵士Ｂ	young_male	zh-CN-YunxiNeural	chat	+1%	0.99	100
駐在さん	駐在さん	young_female	zh-CN-XiaoyiNeural	cheerful	+4%	1.02	100
顧客達の声	顧客達の声	young_female	zh-CN-XiaomengNeural	chat	+5%	1.03	100
信徒？	信徒？	mature_female	zh-CN-XiaoxiaoNeural	gentle	0%	0.96	100
フリーダムと呼ばれた男	フリーダムと呼ばれた男	mature_male	zh-CN-YunjianNeural	serious	-3%	0.95	100
大江山の客人	大江山の客人	young_female	zh-CN-XiaoyiNeural	cheerful	+4%	1.02	100
外からの声	外からの声	androgynous	zh-CN-YunxiNeural	chat	0%	0.98	100
織田信勝？	織田信勝？	young_female	zh-CN-XiaomengNeural	chat	+5%	1.03	100
魔導僧兵	魔導僧兵	young_male	zh-CN-YunxiaNeural	cheerful	+3%	1.00	100
謎の暴走剣士	謎の暴走剣士	young_male	zh-CN-YunxiNeural	chat	+1%	0.99	100
ウィレム	ウィレム	young_female	zh-CN-XiaohanNeural	gentle	+2%	0.99	100
マケドニア兵たち	マケドニア兵たち	young_female	zh-CN-XiaomengNeural	chat	+5%	1.03	100
黒獅子に非ず	黒獅子に非ず	young_female	zh-CN-XiaoyiNeural	cheerful	+4%	1.02	100
終末概念	終末概念	young_male	zh-CN-YunxiaNeural	cheerful	+3%	1.00	100
華美羅夫人	華美羅夫人	androgynous	zh-CN-XiaomoNeural	calm	-1%	0.97	100
普通のお菓子ゴーレム	普通のお菓子ゴーレム	androgynous	zh-CN-XiaomoNeural	calm	-1%	0.97	100
謎の平安女子Ｂ	謎の平安女子Ｂ	mature_female	zh-CN-XiaoruiNeural	calm	-2%	0.94	100
寡黙な業者	寡黙な業者	young_female	zh-CN-XiaomengNeural	chat	+5%	1.03	100
ウルク兵士Ｂ	ウルク兵士Ｂ	mature_male	zh-CN-YunzeNeural	calm	-4%	0.94	100
レジスタンス男Ｄ	レジスタンス男Ｄ	mature_male	zh-CN-YunfengNeural	serious	-2%	0.96	100
ネモ・マリーン（観測手・右）	ネモ・マリーン（観測手・右）	mature_female	zh-CN-XiaohanNeural	calm	0%	0.97	100
アレクサンドリア大図書館	アレクサンドリア大図書館	young_male	zh-CN-YunxiaNeural	cheerful	+3%	1.00	100
【杜四郎】	【杜四郎】	young_male	zh-CN-YunxiNeural	chat	+1%	0.99	100
アイリスフィール（EX）	アイリスフィール（EX）	mature_female	zh-CN-XiaoxiaoNeural	gentle	0%	0.96	100
ロンディニウムの住人	ロンディニウムの住人	androgynous	zh-CN-XiaomoNeural	calm	-1%	0.97	100
露店オセロトル	露店オセロトル	mature_female	zh-CN-XiaoruiNeural	calm	-2%	0.94	100
通りすがりのディノスたち	通りすがりのディノスたち	young_female	zh-CN-XiaoyiNeural	cheerful	+4%	1.02	100
暴れ豚	暴れ豚	young_female	zh-CN-XiaomengNeural	chat	+5%	1.03	100
ラニ＝Ｇ	ラニ＝Ｇ	mature_female	zh-CN-XiaoxiaoNeural	gentle	0%	0.96	100
骸骨兵	骸骨兵	young_female	zh-CN-XiaohanNeural	gentle	+2%	0.99	100
第二の門	第二の門	mature_female	zh-CN-XiaoruiNeural	calm	-2%	0.94	100
セレブＢ	セレブＢ	young_male	zh-CN-YunxiaNeural	cheerful	+3%	1.00	100
レジスタンス少年	レジスタンス少年	androgynous	zh-CN-XiaomoNeural	calm	-1%	0.97	100
女海賊Ｃ	女海賊Ｃ	young_male	zh-CN-YunxiNeural	chat	+1%	0.99	100
肉食獣じみた男	肉食獣じみた男	young_male	zh-CN-YunxiaNeural	cheerful	+3%	1.00	100
足軽達	足軽達	young_male	zh-CN-YunxiNeural	chat	+1%	0.99	100
老ピックマン	老ピックマン	young_female	zh-CN-XiaoyiNeural	cheerful	+4%	1.02	100
ジャイルズ	ジャイルズ	mature_male	zh-CN-YunzeNeural	calm	-4%	0.94	100
カルデアスタッフＡ	カルデアスタッフＡ	young_male	zh-CN-YunxiaNeural	cheerful	+3%	1.00	100
警備兵・通信	警備兵・通信	mature_male	zh-CN-YunjianNeural	serious	-3%	0.95	100
巨いなる番人	巨いなる番人	mature_male	zh-CN-YunfengNeural	serious	-2%	0.96	100
広場からの声	広場からの声	mature_male	zh-CN-YunfengNeural	serious	-2%	0.96	100
牙の妖精Ｂ	牙の妖精Ｂ	mature_male	zh-CN-YunjianNeural	serious	-3%	0.95	100
白い狼	白い狼	mature_female	zh-CN-XiaoruiNeural	calm	-2%	0.94	100
囚われた人間	囚われた人間	mature_female	zh-CN-XiaoxiaoNeural	gentle	0%	0.96	100
６人の妖精	６人の妖精	mature_male	zh-CN-YunzeNeural	calm	-4%	0.94	100
シェフィールドの妖精たち	シェフィールドの妖精たち	androgynous	zh-CN-XiaomoNeural	calm	-1%	0.97	100
ドラケイ	ドラケイ	young_male	zh-CN-YunxiNeural	chat	+1%	0.99	100
モルガン軍兵士	モルガン軍兵士	mature_male	zh-CN-YunfengNeural	serious	-2%	0.96	100
もうひとりの競り手	もうひとりの競り手	androgynous	zh-CN-XiaomoNeural	calm	-1%	0.97	100
ウェールズの妖精たち	ウェールズの妖精たち	mature_female	zh-CN-XiaohanNeural	calm	0%	0.97	100
ノリッジの使い	ノリッジの使い	mature_female	zh-CN-XiaoruiNeural	calm	-2%	0.94	100
裏路地の妖精	裏路地の妖精	young_male	zh-CN-YunxiNeural	chat	+1%	0.99	100
教官	教官	mature_male	zh-CN-YunjianNeural	serious	-3%	0.95	100
妖精たちの歌声	妖精たちの歌声	mature_female	zh-CN-XiaohanNeural	calm	0%	0.97	100
走ってくるレッドラ・ビット	走ってくるレッドラ・ビット	androgynous	zh-CN-YunxiaNeural	calm	+2%	0.99	100
その背中に乗ったガレス	その背中に乗ったガレス	androgynous	zh-CN-XiaomoNeural	calm	-1%	0.97	100
騎士見習いの少女	騎士見習いの少女	androgynous	zh-CN-YunxiaNeural	calm	+2%	0.99	100
円卓軍の妖精兵士	円卓軍の妖精兵士	young_male	zh-CN-YunxiNeural	chat	+1%	0.99	100
風の氏族の兵士	風の氏族の兵士	young_female	zh-CN-XiaoyiNeural	cheerful	+4%	1.02	100
村の妖精たち	村の妖精たち	mature_male	zh-CN-YunzeNeural	calm	-4%	0.94	100
イスカリと呼ばれた青年	イスカリと呼ばれた青年	young_male	zh-CN-YunxiNeural	chat	+1%	0.99	100
グレートデスクロー	グレートデスクロー	young_female	zh-CN-XiaomengNeural	chat	+5%	1.03	100
青のテスカトリポカ	青のテスカトリポカ	mature_male	zh-CN-YunzeNeural	calm	-4%	0.94	100
集まってきたディノス	集まってきたディノス	young_female	zh-CN-XiaomengNeural	chat	+5%	1.03	100
黒い影の声	黒い影の声	androgynous	zh-CN-XiaomoNeural	calm	-1%	0.97	100
吹奏楽部女子	吹奏楽部女子	androgynous	zh-CN-YunxiaNeural	calm	+2%	0.99	100
サリエリ？	サリエリ？	androgynous	zh-CN-XiaomoNeural	calm	-1%	0.97	100
ご機嫌なムーン・ドバイ市民	ご機嫌なムーン・ドバイ市民	young_female	zh-CN-XiaoxiaoNeural	cheerful	+3%	1.00	100
檻の中の市民	檻の中の市民	young_male	zh-CN-YunxiaNeural	cheerful	+3%	1.00	100
プレジデント臨時秘書	プレジデント臨時秘書	young_female	zh-CN-XiaoyiNeural	cheerful	+4%	1.02	100
アイン	アイン	mature_female	zh-CN-XiaoxiaoNeural	gentle	0%	0.96	100
ツヴァイ	ツヴァイ	mature_female	zh-CN-XiaohanNeural	calm	0%	0.97	100
うなだれたムーン・ドバイ市民たち	うなだれたムーン・ドバイ市民たち	mature_male	zh-CN-YunfengNeural	serious	-2%	0.96	100
カドック（？）	カドック（？）	young_female	zh-CN-XiaoyiNeural	cheerful	+4%	1.02	100
彼女	彼女	mature_female	zh-CN-XiaoruiNeural	calm	-2%	0.94	100
考えるディノス	考えるディノス	young_male	zh-CN-YunxiNeural	chat	+1%	0.99	100
無銘	無銘	androgynous	zh-CN-XiaomoNeural	calm	-1%	0.97	100
影からの声	影からの声	young_male	zh-CN-YunxiNeural	chat	+1%	0.99	100
スカサハ＝スカディＡ	スカサハ＝スカディＡ	mature_female	zh-CN-XiaoruiNeural	calm	-2%	0.94	100
ウェルキンゲトリクス・ゴースト	ウェルキンゲトリクス・ゴースト	mature_female	zh-CN-XiaohanNeural	calm	0%	0.97	100
人形の姫君	人形の姫君	mature_female	zh-CN-XiaoxiaoNeural	gentle	0%	0.96	100
宇宙に漂うエウロペ？	宇宙に漂うエウロペ？	young_male	zh-CN-YunxiaNeural	cheerful	+3%	1.00	100
魔神柱ハーゲンティ	魔神柱ハーゲンティ	young_male	zh-CN-YunxiNeural	chat	+1%	0.99	100
王様	王様	young_female	zh-CN-XiaomengNeural	chat	+5%	1.03	100
呪腕のハサン（？）	呪腕のハサン（？）	androgynous	zh-CN-XiaomoNeural	calm	-1%	0.97	100
武術家	武術家	mature_female	zh-CN-XiaoruiNeural	calm	-2%	0.94	100
モブ女Ａ	モブ女Ａ	young_female	zh-CN-XiaoyiNeural	cheerful	+4%	1.02	100
真田メドゥーサ	真田メドゥーサ	young_female	zh-CN-XiaomengNeural	chat	+5%	1.03	100
メディアリリィ	メディアリリィ	young_female	zh-CN-XiaoyiNeural	cheerful	+4%	1.02	100
京人	京人	mature_female	zh-CN-XiaohanNeural	calm	0%	0.97	100
[image NPC_font001a][image NPC_font001b]	[image NPC_font001a][image NPC_font001b]	young_male	zh-CN-YunxiaNeural	cheerful	+3%	1.00	100
メカノッブ	メカノッブ	mature_male	zh-CN-YunjianNeural	serious	-3%	0.95	100
ノブ選組	ノブ選組	mature_male	zh-CN-YunzeNeural	calm	-4%	0.94	100
明石えっちゃん	明石えっちゃん	young_male	zh-CN-YunxiNeural	chat	+1%	0.99	100
名前を喪った男	名前を喪った男	young_female	zh-CN-XiaomengNeural	chat	+5%	1.03	100
不夜城のアサシン	不夜城のアサシン	mature_male	zh-CN-YunfengNeural	serious	-2%	0.96	100
ガルラ霊	ガルラ霊	mature_male	zh-CN-YunjianNeural	serious	-3%	0.95	100
“公方様”	“公方様”	young_female	zh-CN-XiaoxiaoNeural	cheerful	+3%	1.00	100
町人・甲	町人・甲	mature_female	zh-CN-XiaoxiaoNeural	gentle	0%	0.96	100
超絶かわいい案内人	超絶かわいい案内人	young_female	zh-CN-XiaohanNeural	gentle	+2%	0.99	100
審査員	審査員	androgynous	zh-CN-XiaomoNeural	calm	-1%	0.97	100
千歳市民のお母さん	千歳市民のお母さん	mature_male	zh-CN-YunfengNeural	serious	-2%	0.96	100
雀たち	雀たち	young_male	zh-CN-YunxiaNeural	cheerful	+3%	1.00	100
玉藻の前＆巴御前＆清姫	玉藻の前＆巴御前＆清姫	mature_female	zh-CN-XiaoruiNeural	calm	-2%	0.94	100
お爺さん	お爺さん	young_female	zh-CN-XiaoyiNeural	cheerful	+4%	1.02	100
蛇面の怪	蛇面の怪	mature_male	zh-CN-YunjianNeural	serious	-3%	0.95	100
神託の声	神託の声	androgynous	zh-CN-XiaomoNeural	calm	-1%	0.97	100
ありがたい石像	ありがたい石像	mature_female	zh-CN-XiaoxiaoNeural	gentle	0%	0.96	100
エリザベート（ランサー）	エリザベート（ランサー）	mature_male	zh-CN-YunzeNeural	calm	-4%	0.94	100
ギャングＣ	ギャングＣ	mature_male	zh-CN-YunjianNeural	serious	-3%	0.95	100
甲斐の兵	甲斐の兵	young_female	zh-CN-XiaomengNeural	chat	+5%	1.03	100
足軽ノッブ？	足軽ノッブ？	young_male	zh-CN-YunxiNeural	chat	+1%	0.99	100
館内アナウンス	館内アナウンス	mature_female	zh-CN-XiaoruiNeural	calm	-2%	0.94	100
匿名の戦士	匿名の戦士	mature_male	zh-CN-YunfengNeural	serious	-2%	0.96	100
スペースモッヒーＢ	スペースモッヒーＢ	young_male	zh-CN-YunxiaNeural	cheerful	+3%	1.00	100
アマゾネスたち	アマゾネスたち	mature_male	zh-CN-YunzeNeural	calm	-4%	0.94	100
元気な女の子	元気な女の子	mature_female	zh-CN-XiaohanNeural	calm	0%	0.97	100
ノッブＰ	ノッブＰ	young_female	zh-CN-XiaomengNeural	chat	+5%	1.03	100
暗黒邪馬台国人	暗黒邪馬台国人	mature_female	zh-CN-XiaoruiNeural	calm	-2%	0.94	100
ゾンビ	ゾンビ	young_female	zh-CN-XiaoyiNeural	cheerful	+4%	1.02	100
エリちゃんｓ	エリちゃんｓ	androgynous	zh-CN-XiaomoNeural	calm	-1%	0.97	100
警備員Ａ	警備員Ａ	mature_female	zh-CN-XiaoxiaoNeural	gentle	0%	0.96	100
警備員Ｂ	警備員Ｂ	androgynous	zh-CN-YunxiaNeural	calm	+2%	0.99	100
人形メイド	人形メイド	mature_female	zh-CN-XiaohanNeural	calm	0%	0.97	100
小タラスク	小タラスク	androgynous	zh-CN-XiaomoNeural	calm	-1%	0.97	100
リーダー型コロンブス	リーダー型コロンブス	androgynous	zh-CN-YunxiNeural	chat	0%	0.98	100
アストライア＆メドゥーサ	アストライア＆メドゥーサ	androgynous	zh-CN-YunxiNeural	chat	0%	0.98	100
住民Ｃ	住民Ｃ	mature_male	zh-CN-YunfengNeural	serious	-2%	0.96	100
アニング？	アニング？	young_female	zh-CN-XiaomengNeural	chat	+5%	1.03	100
歌姫	歌姫	young_male	zh-CN-YunxiaNeural	cheerful	+3%	1.00	100
モブＡ？	モブＡ？	androgynous	zh-CN-XiaomoNeural	calm	-1%	0.97	100
マーリン（幻覚）	マーリン（幻覚）	young_female	zh-CN-XiaoyiNeural	cheerful	+4%	1.02	100
ワルキューレ？？？	ワルキューレ？？？	young_male	zh-CN-YunxiNeural	chat	+1%	0.99	100
お茶ノッブ	お茶ノッブ	young_male	zh-CN-YunxiaNeural	cheerful	+3%	1.00	100
長州藩士	長州藩士	young_male	zh-CN-YunxiaNeural	cheerful	+3%	1.00	100
アルテラ？	アルテラ？	mature_male	zh-CN-YunzeNeural	calm	-4%	0.94	100
影の騎士	影の騎士	mature_female	zh-CN-XiaohanNeural	calm	0%	0.97	100
獣神の神官	獣神の神官	androgynous	zh-CN-XiaomoNeural	calm	-1%	0.97	100
Ｄ・Ｂ・クロエ	Ｄ・Ｂ・クロエ	young_female	zh-CN-XiaomengNeural	chat	+5%	1.03	100
ミス・クレーン＆ハベトロット	ミス・クレーン＆ハベトロット	young_female	zh-CN-XiaoxiaoNeural	cheerful	+3%	1.00	100
異人の少女	異人の少女	mature_female	zh-CN-XiaoruiNeural	calm	-2%	0.94	100
夢をみた男	夢をみた男	young_female	zh-CN-XiaoyiNeural	cheerful	+4%	1.02	100
蛇竜人たち	蛇竜人たち	androgynous	zh-CN-XiaomoNeural	calm	-1%	0.97	100
蛇竜人の声	蛇竜人の声	androgynous	zh-CN-YunxiNeural	chat	0%	0.98	100
小野小町？	小野小町？	young_female	zh-CN-XiaohanNeural	gentle	+2%	0.99	100
東洋の客	東洋の客	young_female	zh-CN-XiaoxiaoNeural	cheerful	+3%	1.00	100
支配人	支配人	mature_female	zh-CN-XiaoruiNeural	calm	-2%	0.94	100
外からの声Ｂ	外からの声Ｂ	mature_male	zh-CN-YunjianNeural	serious	-3%	0.95	100
イマジナリー紫式部	イマジナリー紫式部	young_male	zh-CN-YunxiNeural	chat	+1%	0.99	100
一般辻斬りマン	一般辻斬りマン	young_male	zh-CN-YunxiaNeural	cheerful	+3%	1.00	100
古代火星人Ｂ	古代火星人Ｂ	mature_female	zh-CN-XiaoxiaoNeural	gentle	0%	0.96	100
ドレッドノート	ドレッドノート	mature_male	zh-CN-YunjianNeural	serious	-3%	0.95	100
アンティオキアの騎士	アンティオキアの騎士	androgynous	zh-CN-XiaomoNeural	calm	-1%	0.97	100
通りすがりの兵士	通りすがりの兵士	mature_male	zh-CN-YunfengNeural	serious	-2%	0.96	100
穢れた殺戮者達	穢れた殺戮者達	young_female	zh-CN-XiaoyiNeural	cheerful	+4%	1.02	100
ヤガ市民Ｂ	ヤガ市民Ｂ	mature_male	zh-CN-YunzeNeural	calm	-4%	0.94	100
紫水晶の女	紫水晶の女	androgynous	zh-CN-YunxiNeural	chat	0%	0.98	100
ネモ・マリーン（観測手）	ネモ・マリーン（観測手）	androgynous	zh-CN-YunxiaNeural	calm	+2%	0.99	100
水着のサーヴァント	水着のサーヴァント	young_male	zh-CN-YunxiNeural	chat	+1%	0.99	100
男の声１	男の声１	mature_female	zh-CN-XiaoruiNeural	calm	-2%	0.94	100
金髪のカウガール	金髪のカウガール	androgynous	zh-CN-XiaomoNeural	calm	-1%	0.97	100
名門のお嬢様	名門のお嬢様	young_female	zh-CN-XiaomengNeural	chat	+5%	1.03	100
《新宿》の住人	《新宿》の住人	androgynous	zh-CN-XiaomoNeural	calm	-1%	0.97	100
悪夢のクリストファー	悪夢のクリストファー	young_male	zh-CN-YunxiaNeural	cheerful	+3%	1.00	100
住民Ｂ	住民Ｂ	mature_female	zh-CN-XiaohanNeural	calm	0%	0.97	100
ドラコー？	ドラコー？	young_female	zh-CN-XiaoyiNeural	cheerful	+4%	1.02	100
佐々木仮面	佐々木仮面	mature_female	zh-CN-XiaoxiaoNeural	gentle	0%	0.96	100
イアソン（翻訳）	イアソン（翻訳）	young_male	zh-CN-YunxiaNeural	cheerful	+3%	1.00	100
ドゥリーヨダナ（翻訳）	ドゥリーヨダナ（翻訳）	young_female	zh-CN-XiaomengNeural	chat	+5%	1.03	100
モリアーティ（翻訳）	モリアーティ（翻訳）	young_female	zh-CN-XiaomengNeural	chat	+5%	1.03	100
黒桐（？）	黒桐（？）	mature_female	zh-CN-XiaohanNeural	calm	0%	0.97	100
マガツヒトノカミ	マガツヒトノカミ	mature_male	zh-CN-YunjianNeural	serious	-3%	0.95	100
騎士達	騎士達	mature_male	zh-CN-YunzeNeural	calm	-4%	0.94	100
馬	馬	young_male	zh-CN-YunxiNeural	chat	+1%	0.99	100
アルテミスＢ	アルテミスＢ	young_female	zh-CN-XiaoyiNeural	cheerful	+4%	1.02	100
刑部姫Ｂ	刑部姫Ｂ	mature_female	zh-CN-XiaoruiNeural	calm	-2%	0.94	100
曲亭馬琴？	曲亭馬琴？	mature_male	zh-CN-YunfengNeural	serious	-2%	0.96	100
お路？	お路？	androgynous	zh-CN-XiaomoNeural	calm	-1%	0.97	100
基地内放送	基地内放送	androgynous	zh-CN-YunxiNeural	chat	0%	0.98	100
オグ	オグ	androgynous	zh-CN-YunxiaNeural	calm	+2%	0.99	100
群衆	群衆	young_male	zh-CN-YunxiNeural	chat	+1%	0.99	100
ケーキ・ガーディアン	ケーキ・ガーディアン	mature_male	zh-CN-YunfengNeural	serious	-2%	0.96	100
部下	部下	young_female	zh-CN-XiaohanNeural	gentle	+2%	0.99	100
謎の赤ん坊	謎の赤ん坊	mature_male	zh-CN-YunjianNeural	serious	-3%	0.95	100
偽ダ・ヴィンチだった何か	偽ダ・ヴィンチだった何か	mature_female	zh-CN-XiaoxiaoNeural	gentle	0%	0.96	100
自由を選んだＡＩたち	自由を選んだＡＩたち	androgynous	zh-CN-XiaomoNeural	calm	-1%	0.97	100
「Ｂ」	「Ｂ」	young_male	zh-CN-YunxiaNeural	cheerful	+3%	1.00	100
斥候	斥候	young_male	zh-CN-YunxiaNeural	cheerful	+3%	1.00	100
牧場主Ｂの証言	牧場主Ｂの証言	mature_male	zh-CN-YunzeNeural	calm	-4%	0.94	100
牧場主Ｃの証言	牧場主Ｃの証言	mature_female	zh-CN-XiaoruiNeural	calm	-2%	0.94	100
牧場主Ｄの証言	牧場主Ｄの証言	young_female	zh-CN-XiaomengNeural	chat	+5%	1.03	100
ウルク兵士たち	ウルク兵士たち	young_male	zh-CN-YunxiNeural	chat	+1%	0.99	100
第三の門	第三の門	mature_female	zh-CN-XiaoruiNeural	calm	-2%	0.94	100
魔神バルバトス	魔神バルバトス	mature_female	zh-CN-XiaohanNeural	calm	0%	0.97	100
魔神ハルファス	魔神ハルファス	young_male	zh-CN-YunxiNeural	chat	+1%	0.99	100
弓使いの女	弓使いの女	mature_male	zh-CN-YunzeNeural	calm	-4%	0.94	100
武蔵＆佐々木小次郎	武蔵＆佐々木小次郎	mature_male	zh-CN-YunjianNeural	serious	-3%	0.95	100
女王の侍女	女王の侍女	young_female	zh-CN-XiaoyiNeural	cheerful	+4%	1.02	100
獣	獣	mature_male	zh-CN-YunfengNeural	serious	-2%	0.96	100
怪物・男	怪物・男	mature_female	zh-CN-XiaoxiaoNeural	gentle	0%	0.96	100
怪物・老人	怪物・老人	mature_female	zh-CN-XiaohanNeural	calm	0%	0.97	100
オズボーン	オズボーン	mature_male	zh-CN-YunjianNeural	serious	-3%	0.95	100
カルデアスタッフＢ	カルデアスタッフＢ	mature_female	zh-CN-XiaoxiaoNeural	gentle	0%	0.96	100
ヤガ叛逆軍（男）	ヤガ叛逆軍（男）	young_female	zh-CN-XiaomengNeural	chat	+5%	1.03	100
ヤガ叛逆軍（女）	ヤガ叛逆軍（女）	young_female	zh-CN-XiaoyiNeural	cheerful	+4%	1.02	100
父	父	young_female	zh-CN-XiaomengNeural	chat	+5%	1.03	100
ヴィハーン	ヴィハーン	young_male	zh-CN-YunxiaNeural	cheerful	+3%	1.00	100
壁の向こうからの声	壁の向こうからの声	young_male	zh-CN-YunxiaNeural	cheerful	+3%	1.00	100
ドクター？	ドクター？	young_male	zh-CN-YunxiNeural	chat	+1%	0.99	100
陰陽師たち	陰陽師たち	androgynous	zh-CN-XiaomoNeural	calm	-1%	0.97	100
安倍晴明	安倍晴明	androgynous	zh-CN-XiaomoNeural	calm	-1%	0.97	100
衛兵	衛兵	mature_male	zh-CN-YunzeNeural	calm	-4%	0.94	100
甲冑を着た妖精	甲冑を着た妖精	young_female	zh-CN-XiaoyiNeural	cheerful	+4%	1.02	100
酒場に集まった妖精	酒場に集まった妖精	androgynous	zh-CN-XiaomoNeural	calm	-1%	0.97	100
天幕の奥からの声	天幕の奥からの声	young_female	zh-CN-XiaoxiaoNeural	cheerful	+3%	1.00	100
出店の妖精	出店の妖精	young_male	zh-CN-YunxiNeural	chat	+1%	0.99	100
妖精の士官・オーラリア	妖精の士官・オーラリア	young_female	zh-CN-XiaomengNeural	chat	+5%	1.03	100
妖精の官司	妖精の官司	androgynous	zh-CN-XiaomoNeural	calm	-1%	0.97	100
通りの妖精	通りの妖精	young_female	zh-CN-XiaoyiNeural	cheerful	+4%	1.02	100
ロンディニウム・見張り兵士	ロンディニウム・見張り兵士	young_female	zh-CN-XiaohanNeural	gentle	+2%	0.99	100
大通りの商人	大通りの商人	androgynous	zh-CN-YunxiaNeural	calm	+2%	0.99	100
エディンバラの衛士	エディンバラの衛士	young_female	zh-CN-XiaomengNeural	chat	+5%	1.03	100
観客たち	観客たち	mature_female	zh-CN-XiaoruiNeural	calm	-2%	0.94	100
予言の歌	予言の歌	young_female	zh-CN-XiaoyiNeural	cheerful	+4%	1.02	100
兵士の声	兵士の声	young_female	zh-CN-XiaoxiaoNeural	cheerful	+3%	1.00	100
風に乗って響く声	風に乗って響く声	androgynous	zh-CN-XiaomoNeural	calm	-1%	0.97	100
手足をもがれた少女	手足をもがれた少女	young_female	zh-CN-XiaohanNeural	gentle	+2%	0.99	100
スプリガンの衛士Ｂ	スプリガンの衛士Ｂ	mature_male	zh-CN-YunfengNeural	serious	-2%	0.96	100
たおやかなディノス	たおやかなディノス	mature_female	zh-CN-XiaoruiNeural	calm	-2%	0.94	100
観客席のディノスたち	観客席のディノスたち	young_female	zh-CN-XiaohanNeural	gentle	+2%	0.99	100
言峰監督	言峰監督	young_female	zh-CN-XiaoyiNeural	cheerful	+4%	1.02	100
微笑むディノス	微笑むディノス	androgynous	zh-CN-XiaomoNeural	calm	-1%	0.97	100
逆臣たち	逆臣たち	androgynous	zh-CN-YunxiNeural	chat	0%	0.98	100
星詠みのディノス	星詠みのディノス	mature_male	zh-CN-YunjianNeural	serious	-3%	0.95	100
マリーの声	マリーの声	mature_female	zh-CN-XiaoruiNeural	calm	-2%	0.94	100
謎のアストロノーツ	謎のアストロノーツ	mature_female	zh-CN-XiaoruiNeural	calm	-2%	0.94	100
色の違う機械化兵	色の違う機械化兵	mature_male	zh-CN-YunfengNeural	serious	-2%	0.96	100
監視機械	監視機械	mature_female	zh-CN-XiaoxiaoNeural	gentle	0%	0.96	100
月笑騎士団・過激派Ａ	月笑騎士団・過激派Ａ	mature_male	zh-CN-YunzeNeural	calm	-4%	0.94	100
月笑騎士団・過激派Ｂ	月笑騎士団・過激派Ｂ	young_male	zh-CN-YunxiaNeural	cheerful	+3%	1.00	100
月笑騎士団Ｃ	月笑騎士団Ｃ	androgynous	zh-CN-YunxiNeural	chat	0%	0.98	100
じゃあくビースト	じゃあくビースト	androgynous	zh-CN-YunxiaNeural	calm	+2%	0.99	100
月笑騎士団・特殊工作隊	月笑騎士団・特殊工作隊	young_male	zh-CN-YunxiaNeural	cheerful	+3%	1.00	100
手を止めない老人	手を止めない老人	mature_female	zh-CN-XiaoxiaoNeural	gentle	0%	0.96	100
ドライ	ドライ	androgynous	zh-CN-XiaomoNeural	calm	-1%	0.97	100
ムーン・ドバイ市民Ｃ	ムーン・ドバイ市民Ｃ	androgynous	zh-CN-XiaomoNeural	calm	-1%	0.97	100
空洞に響く声	空洞に響く声	young_female	zh-CN-XiaomengNeural	chat	+5%	1.03	100
[#遺分體:エレメンツ]	[#遺分體:エレメンツ]	young_female	zh-CN-XiaohanNeural	gentle	+2%	0.99	100
オクタヴィア	オクタヴィア	mature_male	zh-CN-YunzeNeural	calm	-4%	0.94	100
チン	チン	mature_male	zh-CN-YunfengNeural	serious	-2%	0.96	100
女神	女神	young_female	zh-CN-XiaoyiNeural	cheerful	+4%	1.02	100
温厚なディノス	温厚なディノス	androgynous	zh-CN-YunxiNeural	chat	0%	0.98	100
ネモ・マリーンＤ	ネモ・マリーンＤ	young_female	zh-CN-XiaomengNeural	chat	+5%	1.03	100
アーサー王	アーサー王	mature_female	zh-CN-XiaoruiNeural	calm	-2%	0.94	100
妖しき声	妖しき声	mature_male	zh-CN-YunjianNeural	serious	-3%	0.95	100
武器屋の親父	武器屋の親父	young_male	zh-CN-YunxiaNeural	cheerful	+3%	1.00	100
ガウェイン？	ガウェイン？	mature_female	zh-CN-XiaohanNeural	calm	0%	0.97	100
元老院議員	元老院議員	mature_female	zh-CN-XiaoxiaoNeural	gentle	0%	0.96	100
おねえさん	おねえさん	mature_male	zh-CN-YunfengNeural	serious	-2%	0.96	100
ローマ市民	ローマ市民	mature_female	zh-CN-XiaoruiNeural	calm	-2%	0.94	100
ブッルス	ブッルス	young_female	zh-CN-XiaomengNeural	chat	+5%	1.03	100
元気な声	元気な声	androgynous	zh-CN-XiaomoNeural	calm	-1%	0.97	100
獅子と紳士	獅子と紳士	young_female	zh-CN-XiaoyiNeural	cheerful	+4%	1.02	100
基底のザイード	基底のザイード	mature_female	zh-CN-XiaohanNeural	calm	0%	0.97	100
ナーサリー・ライムの声	ナーサリー・ライムの声	androgynous	zh-CN-YunxiNeural	chat	0%	0.98	100
証言者Ａ	証言者Ａ	young_female	zh-CN-XiaoxiaoNeural	cheerful	+3%	1.00	100
証言者Ｃ	証言者Ｃ	young_female	zh-CN-XiaomengNeural	chat	+5%	1.03	100
証言者Ｅ	証言者Ｅ	young_female	zh-CN-XiaoyiNeural	cheerful	+4%	1.02	100
どこからか響いてくる声	どこからか響いてくる声	mature_male	zh-CN-YunjianNeural	serious	-3%	0.95	100
仙台藩士	仙台藩士	young_male	zh-CN-YunxiaNeural	cheerful	+3%	1.00	100
武田ダレイオス	武田ダレイオス	young_male	zh-CN-YunxiNeural	chat	+1%	0.99	100
ステンノ・エウリュアレ	ステンノ・エウリュアレ	androgynous	zh-CN-XiaomoNeural	calm	-1%	0.97	100
銅角	銅角	androgynous	zh-CN-XiaomoNeural	calm	-1%	0.97	100
金角　銀角	金角　銀角	mature_female	zh-CN-XiaoruiNeural	calm	-2%	0.94	100
モンク	モンク	young_male	zh-CN-YunxiaNeural	cheerful	+3%	1.00	100
ノッブＵＦＯ	ノッブＵＦＯ	young_male	zh-CN-YunxiNeural	chat	+1%	0.99	100
ガイド音声	ガイド音声	mature_female	zh-CN-XiaoruiNeural	calm	-2%	0.94	100
ブラックアイドル	ブラックアイドル	mature_male	zh-CN-YunzeNeural	calm	-4%	0.94	100
数学教授（五十代・独身）	数学教授（五十代・独身）	young_female	zh-CN-XiaohanNeural	gentle	+2%	0.99	100
ネロ＆アルトリア・オルタ	ネロ＆アルトリア・オルタ	androgynous	zh-CN-YunxiaNeural	calm	+2%	0.99	100
版元の男	版元の男	androgynous	zh-CN-XiaomoNeural	calm	-1%	0.97	100
カルデア職員（女性）	カルデア職員（女性）	mature_male	zh-CN-YunjianNeural	serious	-3%	0.95	100
カルデア職員（男性・女性）	カルデア職員（男性・女性）	mature_male	zh-CN-YunzeNeural	calm	-4%	0.94	100
脇坂カツハル	脇坂カツハル	young_male	zh-CN-YunxiNeural	chat	+1%	0.99	100
シェリンガム	シェリンガム	mature_male	zh-CN-YunfengNeural	serious	-2%	0.96	100
人斬り以蔵	人斬り以蔵	mature_male	zh-CN-YunjianNeural	serious	-3%	0.95	100
通りすがりのＯＬ	通りすがりのＯＬ	androgynous	zh-CN-YunxiNeural	chat	0%	0.98	100
ウクレレ名人	ウクレレ名人	young_female	zh-CN-XiaoyiNeural	cheerful	+4%	1.02	100
男の声２	男の声２	young_female	zh-CN-XiaomengNeural	chat	+5%	1.03	100
町民Ｂ	町民Ｂ	young_female	zh-CN-XiaoxiaoNeural	cheerful	+3%	1.00	100
謎の来訪者ドラゴンエックス	謎の来訪者ドラゴンエックス	mature_female	zh-CN-XiaoruiNeural	calm	-2%	0.94	100
雀（変成）	雀（変成）	young_female	zh-CN-XiaohanNeural	gentle	+2%	0.99	100
ミニクーちゃん	ミニクーちゃん	young_female	zh-CN-XiaoxiaoNeural	cheerful	+3%	1.00	100
謎の怨霊	謎の怨霊	mature_male	zh-CN-YunfengNeural	serious	-2%	0.96	100
心のモルガン	心のモルガン	young_male	zh-CN-YunxiaNeural	cheerful	+3%	1.00	100
ＲＳＦしか出さない王	ＲＳＦしか出さない王	mature_female	zh-CN-XiaoruiNeural	calm	-2%	0.94	100
ダイカク	ダイカク	young_male	zh-CN-YunxiNeural	chat	+1%	0.99	100
ドウセツ	ドウセツ	androgynous	zh-CN-XiaomoNeural	calm	-1%	0.97	100
部屋の外からの声	部屋の外からの声	mature_female	zh-CN-XiaohanNeural	calm	0%	0.97	100
レフ？	レフ？	young_male	zh-CN-YunxiaNeural	cheerful	+3%	1.00	100
魔王軍足軽	魔王軍足軽	androgynous	zh-CN-XiaomoNeural	calm	-1%	0.97	100
アイリの方	アイリの方	androgynous	zh-CN-YunxiaNeural	calm	+2%	0.99	100
真田イリ之	真田イリ之	mature_female	zh-CN-XiaoxiaoNeural	gentle	0%	0.96	100
武田アタランテ・オルタ	武田アタランテ・オルタ	mature_female	zh-CN-XiaoruiNeural	calm	-2%	0.94	100
北条アルトリア・オルタ	北条アルトリア・オルタ	androgynous	zh-CN-XiaomoNeural	calm	-1%	0.97	100
名も知れぬライオン	名も知れぬライオン	young_male	zh-CN-YunxiNeural	chat	+1%	0.99	100
客Ｃ	客Ｃ	androgynous	zh-CN-YunxiNeural	chat	0%	0.98	100
沖田さん？	沖田さん？	mature_female	zh-CN-XiaohanNeural	calm	0%	0.97	100
女性客Ａ	女性客Ａ	mature_male	zh-CN-YunzeNeural	calm	-4%	0.94	100
女性客Ｂ	女性客Ｂ	young_male	zh-CN-YunxiaNeural	cheerful	+3%	1.00	100
スペースモッヒーＡ	スペースモッヒーＡ	young_female	zh-CN-XiaoyiNeural	cheerful	+4%	1.02	100
シグルド門下生	シグルド門下生	young_male	zh-CN-YunxiaNeural	cheerful	+3%	1.00	100
横たわるアシュタレト	横たわるアシュタレト	young_male	zh-CN-YunxiNeural	chat	+1%	0.99	100
怪人	怪人	young_male	zh-CN-YunxiaNeural	cheerful	+3%	1.00	100
市民Ｄ	市民Ｄ	young_male	zh-CN-YunxiNeural	chat	+1%	0.99	100
弟の亀	弟の亀	androgynous	zh-CN-XiaomoNeural	calm	-1%	0.97	100
集落の民	集落の民	androgynous	zh-CN-XiaomoNeural	calm	-1%	0.97	100
凶つ神	凶つ神	androgynous	zh-CN-XiaomoNeural	calm	-1%	0.97	100
ワルキューレｓ	ワルキューレｓ	mature_female	zh-CN-XiaoxiaoNeural	gentle	0%	0.96	100
魔性	魔性	mature_male	zh-CN-YunjianNeural	serious	-3%	0.95	100
獣人？	獣人？	androgynous	zh-CN-YunxiaNeural	calm	+2%	0.99	100
人形店員	人形店員	young_male	zh-CN-YunxiNeural	chat	+1%	0.99	100
怪しい連中	怪しい連中	young_female	zh-CN-XiaomengNeural	chat	+5%	1.03	100
通りすがりの海賊	通りすがりの海賊	androgynous	zh-CN-XiaomoNeural	calm	-1%	0.97	100
７人	７人	young_male	zh-CN-YunxiNeural	chat	+1%	0.99	100
カッツ	カッツ	androgynous	zh-CN-YunxiaNeural	calm	+2%	0.99	100
社員	社員	young_female	zh-CN-XiaoyiNeural	cheerful	+4%	1.02	100
第六小魔王カッツ	第六小魔王カッツ	mature_male	zh-CN-YunzeNeural	calm	-4%	0.94	100
マルタ？	マルタ？	mature_female	zh-CN-XiaoxiaoNeural	gentle	0%	0.96	100
謎の仮面美女	謎の仮面美女	young_female	zh-CN-XiaomengNeural	chat	+5%	1.03	100
バンニップ	バンニップ	androgynous	zh-CN-XiaomoNeural	calm	-1%	0.97	100
《鉄道員》	《鉄道員》	young_female	zh-CN-XiaomengNeural	chat	+5%	1.03	100
好漢	好漢	mature_male	zh-CN-YunfengNeural	serious	-2%	0.96	100
ゲオルギウス？	ゲオルギウス？	young_female	zh-CN-XiaoyiNeural	cheerful	+4%	1.02	100
スカサハ？	スカサハ？	androgynous	zh-CN-XiaomoNeural	calm	-1%	0.97	100
イマジナリーシバの女王	イマジナリーシバの女王	mature_male	zh-CN-YunjianNeural	serious	-3%	0.95	100
ヒュドラ	ヒュドラ	mature_male	zh-CN-YunzeNeural	calm	-4%	0.94	100
丘ファーの男	丘ファーの男	mature_female	zh-CN-XiaoruiNeural	calm	-2%	0.94	100
遠くから聞こえるアナウンス	遠くから聞こえるアナウンス	young_male	zh-CN-YunxiaNeural	cheerful	+3%	1.00	100
レース仙人	レース仙人	young_female	zh-CN-XiaohanNeural	gentle	+2%	0.99	100
世界の破壊者、トリスタン	世界の破壊者、トリスタン	mature_female	zh-CN-XiaoxiaoNeural	gentle	0%	0.96	100
信者Ｂ	信者Ｂ	young_female	zh-CN-XiaoyiNeural	cheerful	+4%	1.02	100
魔犬バーゲスト	魔犬バーゲスト	young_female	zh-CN-XiaomengNeural	chat	+5%	1.03	100
カーマ（右）	カーマ（右）	mature_male	zh-CN-YunfengNeural	serious	-2%	0.96	100
一般参加者	一般参加者	mature_male	zh-CN-YunzeNeural	calm	-4%	0.94	100
【舌兪】	【舌兪】	young_female	zh-CN-XiaomengNeural	chat	+5%	1.03	100
今魔川残党	今魔川残党	mature_female	zh-CN-XiaoruiNeural	calm	-2%	0.94	100
武田信繁	武田信繁	young_female	zh-CN-XiaohanNeural	gentle	+2%	0.99	100
土方副長	土方副長	mature_female	zh-CN-XiaoruiNeural	calm	-2%	0.94	100
山南警部補	山南警部補	androgynous	zh-CN-YunxiNeural	chat	0%	0.98	100
峠の魔物Ｒ	峠の魔物Ｒ	androgynous	zh-CN-YunxiaNeural	calm	+2%	0.99	100
武田信虎	武田信虎	mature_female	zh-CN-XiaohanNeural	calm	0%	0.97	100
人斬りオカダー	人斬りオカダー	mature_male	zh-CN-YunjianNeural	serious	-3%	0.95	100
悪徳商人	悪徳商人	androgynous	zh-CN-XiaomoNeural	calm	-1%	0.97	100
一家言ある老人	一家言ある老人	mature_female	zh-CN-XiaoxiaoNeural	gentle	0%	0.96	100
ＡＤ（仮）	ＡＤ（仮）	young_female	zh-CN-XiaoyiNeural	cheerful	+4%	1.02	100
ビショーネ？	ビショーネ？	young_female	zh-CN-XiaomengNeural	chat	+5%	1.03	100
ギーゼルヘア	ギーゼルヘア	mature_male	zh-CN-YunfengNeural	serious	-2%	0.96	100
ロベール？	ロベール？	androgynous	zh-CN-YunxiNeural	chat	0%	0.98	100
雪轍のハサン	雪轍のハサン	young_female	zh-CN-XiaoyiNeural	cheerful	+4%	1.02	100
修道士	修道士	mature_female	zh-CN-XiaohanNeural	calm	0%	0.97	100
アケローン	アケローン	mature_male	zh-CN-YunfengNeural	serious	-2%	0.96	100
メディア？	メディア？	mature_male	zh-CN-YunzeNeural	calm	-4%	0.94	100
ネモ？Ｄ	ネモ？Ｄ	mature_male	zh-CN-YunjianNeural	serious	-3%	0.95	100
マシュ＆バーソロミュー	マシュ＆バーソロミュー	androgynous	zh-CN-YunxiNeural	chat	0%	0.98	100
英霊兵	英霊兵	mature_male	zh-CN-YunfengNeural	serious	-2%	0.96	100
とと様	とと様	mature_female	zh-CN-XiaoxiaoNeural	gentle	0%	0.96	100
鈴鹿御前〔サマバケ〕	鈴鹿御前〔サマバケ〕	mature_male	zh-CN-YunzeNeural	calm	-4%	0.94	100
ＳＰ２	ＳＰ２	young_male	zh-CN-YunxiaNeural	cheerful	+3%	1.00	100
アマゾネスＤ	アマゾネスＤ	young_male	zh-CN-YunxiNeural	chat	+1%	0.99	100
笑う亀	笑う亀	mature_male	zh-CN-YunjianNeural	serious	-3%	0.95	100
ローン・イーグル	ローン・イーグル	mature_male	zh-CN-YunfengNeural	serious	-2%	0.96	100
ナージャーワン	ナージャーワン	mature_female	zh-CN-XiaoruiNeural	calm	-2%	0.94	100
鬼武蔵	鬼武蔵	young_female	zh-CN-XiaoyiNeural	cheerful	+4%	1.02	100
京の町娘	京の町娘	young_male	zh-CN-YunxiaNeural	cheerful	+3%	1.00	100
バベッジ（ー）	バベッジ（ー）	mature_male	zh-CN-YunzeNeural	calm	-4%	0.94	100
魔神柱アモン・ラー	魔神柱アモン・ラー	young_female	zh-CN-XiaomengNeural	chat	+5%	1.03	100
レジスタンス男Ｅ	レジスタンス男Ｅ	mature_male	zh-CN-YunjianNeural	serious	-3%	0.95	100
空からの声	空からの声	androgynous	zh-CN-XiaomoNeural	calm	-1%	0.97	100
円卓軍の兵士Ｂ	円卓軍の兵士Ｂ	mature_female	zh-CN-XiaohanNeural	calm	0%	0.97	100
うつろな目のＡＩ	うつろな目のＡＩ	mature_female	zh-CN-XiaoruiNeural	calm	-2%	0.94	100
オールド・ドバイの市民たち	オールド・ドバイの市民たち	androgynous	zh-CN-XiaomoNeural	calm	-1%	0.97	100
職員	職員	young_male	zh-CN-YunxiNeural	chat	+1%	0.99	100
高名な天才芸術家	高名な天才芸術家	mature_female	zh-CN-XiaoxiaoNeural	gentle	0%	0.96	100
キジバト	キジバト	androgynous	zh-CN-XiaomoNeural	calm	-1%	0.97	100
アルトちゃん	アルトちゃん	androgynous	zh-CN-YunxiaNeural	calm	+2%	0.99	100
【箭五郎】	【箭五郎】	mature_female	zh-CN-XiaoruiNeural	calm	-2%	0.94	100
引率の教師	引率の教師	young_female	zh-CN-XiaomengNeural	chat	+5%	1.03	100
避難民	避難民	young_male	zh-CN-YunxiNeural	chat	+1%	0.99	100
警官たち	警官たち	young_female	zh-CN-XiaoyiNeural	cheerful	+4%	1.02	100
荒くれ者	荒くれ者	androgynous	zh-CN-XiaomoNeural	calm	-1%	0.97	100
円卓ども	円卓ども	mature_male	zh-CN-YunzeNeural	calm	-4%	0.94	100
指揮官	指揮官	young_male	zh-CN-YunxiaNeural	cheerful	+3%	1.00	100
バーサーク・アーチャー	バーサーク・アーチャー	androgynous	zh-CN-XiaomoNeural	calm	-1%	0.97	100
「Ｍ」	「Ｍ」	androgynous	zh-CN-YunxiaNeural	calm	+2%	0.99	100
？？？？？	？？？？？	androgynous	zh-CN-YunxiNeural	chat	0%	0.98	100
ウルク市民Ａ	ウルク市民Ａ	young_male	zh-CN-YunxiNeural	chat	+1%	0.99	100
ウルク市民Ｂ	ウルク市民Ｂ	young_male	zh-CN-YunxiaNeural	cheerful	+3%	1.00	100
ウルク市民Ｄ	ウルク市民Ｄ	mature_male	zh-CN-YunjianNeural	serious	-3%	0.95	100
牧場主Ａの証言	牧場主Ａの証言	mature_male	zh-CN-YunfengNeural	serious	-2%	0.96	100
ウェアジャガーさん	ウェアジャガーさん	androgynous	zh-CN-XiaomoNeural	calm	-1%	0.97	100
魔神オリアス	魔神オリアス	young_female	zh-CN-XiaomengNeural	chat	+5%	1.03	100
名も知らぬ男性	名も知らぬ男性	mature_male	zh-CN-YunjianNeural	serious	-3%	0.95	100
名も知らぬ女性	名も知らぬ女性	young_female	zh-CN-XiaohanNeural	gentle	+2%	0.99	100
獅子面の騎士	獅子面の騎士	young_male	zh-CN-YunxiNeural	chat	+1%	0.99	100
セレブＡ	セレブＡ	young_male	zh-CN-YunxiaNeural	cheerful	+3%	1.00	100
レジスタンス達	レジスタンス達	mature_female	zh-CN-XiaoxiaoNeural	gentle	0%	0.96	100
女海賊達	女海賊達	young_female	zh-CN-XiaoyiNeural	cheerful	+4%	1.02	100
女Ａ	女Ａ	mature_male	zh-CN-YunzeNeural	calm	-4%	0.94	100
レジスタンスの男	レジスタンスの男	mature_male	zh-CN-YunfengNeural	serious	-2%	0.96	100
里の女	里の女	young_male	zh-CN-YunxiNeural	chat	+1%	0.99	100
里の老爺	里の老爺	young_male	zh-CN-YunxiaNeural	cheerful	+3%	1.00	100
洋装の男	洋装の男	androgynous	zh-CN-XiaomoNeural	calm	-1%	0.97	100
城下の子供	城下の子供	mature_male	zh-CN-YunzeNeural	calm	-4%	0.94	100
旗本	旗本	mature_female	zh-CN-XiaoxiaoNeural	gentle	0%	0.96	100
怪物・女	怪物・女	young_female	zh-CN-XiaomengNeural	chat	+5%	1.03	100
頼光	頼光	young_female	zh-CN-XiaoyiNeural	cheerful	+4%	1.02	100
隊長	隊長	androgynous	zh-CN-XiaomoNeural	calm	-1%	0.97	100
白馬	白馬	mature_female	zh-CN-XiaohanNeural	calm	0%	0.97	100
“弓”	“弓”	mature_male	zh-CN-YunfengNeural	serious	-2%	0.96	100
子豚たち	子豚たち	young_male	zh-CN-YunxiNeural	chat	+1%	0.99	100
劇場関係者	劇場関係者	mature_female	zh-CN-XiaoruiNeural	calm	-2%	0.94	100
カーター？	カーター？	young_female	zh-CN-XiaoxiaoNeural	cheerful	+3%	1.00	100
戦士の声	戦士の声	mature_female	zh-CN-XiaoruiNeural	calm	-2%	0.94	100
二騎の戦乙女	二騎の戦乙女	mature_female	zh-CN-XiaohanNeural	calm	0%	0.97	100
目覚めた男	目覚めた男	mature_female	zh-CN-XiaoxiaoNeural	gentle	0%	0.96	100
咸陽市民Ａ	咸陽市民Ａ	mature_female	zh-CN-XiaohanNeural	calm	0%	0.97	100
強面の男	強面の男	young_female	zh-CN-XiaoyiNeural	cheerful	+4%	1.02	100
町の民の声	町の民の声	mature_male	zh-CN-YunjianNeural	serious	-3%	0.95	100
少女の声	少女の声	mature_female	zh-CN-XiaoruiNeural	calm	-2%	0.94	100
女剣士の声	女剣士の声	young_female	zh-CN-XiaomengNeural	chat	+5%	1.03	100
広域殲滅機械	広域殲滅機械	mature_female	zh-CN-XiaoxiaoNeural	gentle	0%	0.96	100
インドの少女	インドの少女	mature_male	zh-CN-YunfengNeural	serious	-2%	0.96	100
風魔と絡繰	風魔と絡繰	young_female	zh-CN-XiaomengNeural	chat	+5%	1.03	100
内裏の貴女	内裏の貴女	androgynous	zh-CN-XiaomoNeural	calm	-1%	0.97	100
妖精騎士	妖精騎士	young_female	zh-CN-XiaoyiNeural	cheerful	+4%	1.02	100
小柄な妖精	小柄な妖精	mature_male	zh-CN-YunzeNeural	calm	-4%	0.94	100
オンファムの声	オンファムの声	mature_female	zh-CN-XiaoruiNeural	calm	-2%	0.94	100
ウィンキー（ロブとワグの悪友）	ウィンキー（ロブとワグの悪友）	young_female	zh-CN-XiaomengNeural	chat	+5%	1.03	100
遠くからの声	遠くからの声	mature_male	zh-CN-YunjianNeural	serious	-3%	0.95	100
グロスターの下級妖精	グロスターの下級妖精	androgynous	zh-CN-YunxiaNeural	calm	+2%	0.99	100
モルガン兵	モルガン兵	androgynous	zh-CN-XiaomoNeural	calm	-1%	0.97	100
モルガン軍の兵士	モルガン軍の兵士	young_female	zh-CN-XiaoyiNeural	cheerful	+4%	1.02	100
収容されていた少女	収容されていた少女	mature_female	zh-CN-XiaohanNeural	calm	0%	0.97	100
妖精亡主	妖精亡主	mature_female	zh-CN-XiaohanNeural	calm	0%	0.97	100
妖精の大使	妖精の大使	young_male	zh-CN-YunxiNeural	chat	+1%	0.99	100
人間の店番	人間の店番	androgynous	zh-CN-YunxiaNeural	calm	+2%	0.99	100
広場の妖精たち	広場の妖精たち	young_male	zh-CN-YunxiNeural	chat	+1%	0.99	100
妖精士官たち	妖精士官たち	mature_male	zh-CN-YunfengNeural	serious	-2%	0.96	100
円卓軍の兵士たち	円卓軍の兵士たち	young_male	zh-CN-YunxiaNeural	cheerful	+3%	1.00	100
ノクナレア軍・伝令兵	ノクナレア軍・伝令兵	young_female	zh-CN-XiaoyiNeural	cheerful	+4%	1.02	100
外から聞こえてくる詩	外から聞こえてくる詩	mature_female	zh-CN-XiaoxiaoNeural	gentle	0%	0.96	100
うかれていた妖精	うかれていた妖精	androgynous	zh-CN-XiaomoNeural	calm	-1%	0.97	100
女王の衛士	女王の衛士	androgynous	zh-CN-YunxiNeural	chat	0%	0.98	100
モルガンの声	モルガンの声	young_female	zh-CN-XiaomengNeural	chat	+5%	1.03	100
予言の子	予言の子	young_female	zh-CN-XiaohanNeural	gentle	+2%	0.99	100
兵士の声Ｂ	兵士の声Ｂ	mature_female	zh-CN-XiaoruiNeural	calm	-2%	0.94	100
反乱軍の兵士Ｃ	反乱軍の兵士Ｃ	androgynous	zh-CN-YunxiaNeural	calm	+2%	0.99	100
見張りの妖精Ｂ	見張りの妖精Ｂ	mature_female	zh-CN-XiaoruiNeural	calm	-2%	0.94	100
バーゲストの兵士	バーゲストの兵士	young_female	zh-CN-XiaoyiNeural	cheerful	+4%	1.02	100
■■■■■	■■■■■	androgynous	zh-CN-XiaomoNeural	calm	-1%	0.97	100
広場に集まった妖精たち	広場に集まった妖精たち	young_female	zh-CN-XiaomengNeural	chat	+5%	1.03	100
少年時代のベリル	少年時代のベリル	mature_male	zh-CN-YunjianNeural	serious	-3%	0.95	100
若々しいディノス	若々しいディノス	young_female	zh-CN-XiaoxiaoNeural	cheerful	+3%	1.00	100
キングプロテア・ソチナトル	キングプロテア・ソチナトル	mature_male	zh-CN-YunzeNeural	calm	-4%	0.94	100
ベッドで跳ね起きる男	ベッドで跳ね起きる男	young_male	zh-CN-YunxiaNeural	cheerful	+3%	1.00	100
母ディノス	母ディノス	mature_male	zh-CN-YunzeNeural	calm	-4%	0.94	100
笑うディノス	笑うディノス	mature_male	zh-CN-YunfengNeural	serious	-2%	0.96	100
穏やかに微笑むディノス	穏やかに微笑むディノス	androgynous	zh-CN-YunxiNeural	chat	0%	0.98	100
悲しそうなディノス	悲しそうなディノス	mature_female	zh-CN-XiaohanNeural	calm	0%	0.97	100
カルデア職員Ａ	カルデア職員Ａ	young_female	zh-CN-XiaoxiaoNeural	cheerful	+3%	1.00	100
燃え盛る炎	燃え盛る炎	young_female	zh-CN-XiaoyiNeural	cheerful	+4%	1.02	100
[image berserker_language_1]	[image berserker_language_1]	mature_female	zh-CN-XiaoruiNeural	calm	-2%	0.94	100
周囲の生徒たち	周囲の生徒たち	androgynous	zh-CN-XiaomoNeural	calm	-1%	0.97	100
運動部の生徒	運動部の生徒	mature_male	zh-CN-YunjianNeural	serious	-3%	0.95	100
二人の巌窟王	二人の巌窟王	mature_male	zh-CN-YunfengNeural	serious	-2%	0.96	100
ローラン？	ローラン？	mature_male	zh-CN-YunzeNeural	calm	-4%	0.94	100
月笑騎士団たちの声	月笑騎士団たちの声	young_male	zh-CN-YunxiNeural	chat	+1%	0.99	100
歴戦の警官	歴戦の警官	mature_male	zh-CN-YunjianNeural	serious	-3%	0.95	100
セレブなムーン・ドバイ市民	セレブなムーン・ドバイ市民	androgynous	zh-CN-XiaomoNeural	calm	-1%	0.97	100
屈強なムーン・ドバイ市民	屈強なムーン・ドバイ市民	young_male	zh-CN-YunxiaNeural	cheerful	+3%	1.00	100
ひょいと顔を現した上級市民	ひょいと顔を現した上級市民	mature_male	zh-CN-YunzeNeural	calm	-4%	0.94	100
月笑騎士団Ａ	月笑騎士団Ａ	young_male	zh-CN-YunxiaNeural	cheerful	+3%	1.00	100
月笑騎士団Ｂ	月笑騎士団Ｂ	mature_female	zh-CN-XiaoxiaoNeural	gentle	0%	0.96	100
作業服の女性	作業服の女性	mature_female	zh-CN-XiaoruiNeural	calm	-2%	0.94	100
オールド・ドバイ市民Ｄ	オールド・ドバイ市民Ｄ	androgynous	zh-CN-YunxiNeural	chat	0%	0.98	100
手足が透けだしているＡＩ	手足が透けだしているＡＩ	young_female	zh-CN-XiaomengNeural	chat	+5%	1.03	100
公園に集まったＡＩたち	公園に集まったＡＩたち	androgynous	zh-CN-XiaomoNeural	calm	-1%	0.97	100
ふたり	ふたり	androgynous	zh-CN-YunxiaNeural	calm	+2%	0.99	100
蒼く輝くシエル	蒼く輝くシエル	mature_male	zh-CN-YunfengNeural	serious	-2%	0.96	100
暴食区の罪人	暴食区の罪人	young_female	zh-CN-XiaomengNeural	chat	+5%	1.03	100
天使・第七階梯？	天使・第七階梯？	young_female	zh-CN-XiaoyiNeural	cheerful	+4%	1.02	100
白い礼服の旧人類	白い礼服の旧人類	young_male	zh-CN-YunxiNeural	chat	+1%	0.99	100
ムーン・ドバイ市民Ａ	ムーン・ドバイ市民Ａ	androgynous	zh-CN-XiaomoNeural	calm	-1%	0.97	100
レフ・ゲーティア	レフ・ゲーティア	mature_male	zh-CN-YunjianNeural	serious	-3%	0.95	100
ワルキューレ軍団	ワルキューレ軍団	young_female	zh-CN-XiaohanNeural	gentle	+2%	0.99	100
ワルキューレたち	ワルキューレたち	androgynous	zh-CN-YunxiNeural	chat	0%	0.98	100
理知的なディノス	理知的なディノス	mature_female	zh-CN-XiaohanNeural	calm	0%	0.97	100
目の良いディノス	目の良いディノス	young_male	zh-CN-YunxiaNeural	cheerful	+3%	1.00	100
正論なディノス	正論なディノス	young_female	zh-CN-XiaoxiaoNeural	cheerful	+3%	1.00	100
検体：Ｅ	検体：Ｅ	young_female	zh-CN-XiaomengNeural	chat	+5%	1.03	100
ダストン	ダストン	androgynous	zh-CN-XiaomoNeural	calm	-1%	0.97	100
シルビア	シルビア	mature_male	zh-CN-YunjianNeural	serious	-3%	0.95	100
徴姉妹	徴姉妹	young_male	zh-CN-YunxiaNeural	cheerful	+3%	1.00	100
謎の沖田Ｘ	謎の沖田Ｘ	young_male	zh-CN-YunxiNeural	chat	+1%	0.99	100
異常竜種	異常竜種	mature_female	zh-CN-XiaoruiNeural	calm	-2%	0.94	100
モンスター	モンスター	young_male	zh-CN-YunxiaNeural	cheerful	+3%	1.00	100
粛正騎士？	粛正騎士？	androgynous	zh-CN-XiaomoNeural	calm	-1%	0.97	100
周囲の貴族たち	周囲の貴族たち	mature_male	zh-CN-YunzeNeural	calm	-4%	0.94	100
ゼノビア？	ゼノビア？	young_female	zh-CN-XiaoyiNeural	cheerful	+4%	1.02	100
囃し立てる町人	囃し立てる町人	androgynous	zh-CN-XiaomoNeural	calm	-1%	0.97	100
スカサハ＝スカディＢ	スカサハ＝スカディＢ	mature_male	zh-CN-YunfengNeural	serious	-2%	0.96	100
スカサハ＝スカディＣ	スカサハ＝スカディＣ	young_female	zh-CN-XiaoyiNeural	cheerful	+4%	1.02	100
？？？＆？？？	？？？＆？？？	young_male	zh-CN-YunxiNeural	chat	+1%	0.99	100
海賊仲間	海賊仲間	young_female	zh-CN-XiaohanNeural	gentle	+2%	0.99	100
ローランっぽい何か	ローランっぽい何か	mature_male	zh-CN-YunjianNeural	serious	-3%	0.95	100
ワイバーン	ワイバーン	mature_female	zh-CN-XiaoruiNeural	calm	-2%	0.94	100
村の男性	村の男性	mature_male	zh-CN-YunfengNeural	serious	-2%	0.96	100
村の女性	村の女性	young_female	zh-CN-XiaomengNeural	chat	+5%	1.03	100
怪腕のゴズール	怪腕のゴズール	mature_female	zh-CN-XiaoxiaoNeural	gentle	0%	0.96	100
ジャックの声	ジャックの声	young_female	zh-CN-XiaomengNeural	chat	+5%	1.03	100
ゴールデンな声	ゴールデンな声	mature_female	zh-CN-XiaoruiNeural	calm	-2%	0.94	100
謎の姫	謎の姫	young_female	zh-CN-XiaoxiaoNeural	cheerful	+3%	1.00	100
謎の御前	謎の御前	young_male	zh-CN-YunxiNeural	chat	+1%	0.99	100
テロリストＢ	テロリストＢ	young_female	zh-CN-XiaohanNeural	gentle	+2%	0.99	100
証言者Ｂ	証言者Ｂ	mature_female	zh-CN-XiaoruiNeural	calm	-2%	0.94	100
シンセンブラック	シンセンブラック	mature_male	zh-CN-YunzeNeural	calm	-4%	0.94	100
ゆるキャラＢ	ゆるキャラＢ	mature_female	zh-CN-XiaohanNeural	calm	0%	0.97	100
モブ女	モブ女	androgynous	zh-CN-YunxiaNeural	calm	+2%	0.99	100
敵軍	敵軍	mature_female	zh-CN-XiaoxiaoNeural	gentle	0%	0.96	100
会津藩士	会津藩士	androgynous	zh-CN-XiaomoNeural	calm	-1%	0.97	100
ジャック／ナーサリー・ライム	ジャック／ナーサリー・ライム	androgynous	zh-CN-XiaomoNeural	calm	-1%	0.97	100
鬼参	鬼参	mature_female	zh-CN-XiaohanNeural	calm	0%	0.97	100
お菓子の国の住人たち	お菓子の国の住人たち	mature_male	zh-CN-YunzeNeural	calm	-4%	0.94	100
一度燃やされたイアソンくん	一度燃やされたイアソンくん	young_female	zh-CN-XiaoyiNeural	cheerful	+4%	1.02	100
タマモキャット２	タマモキャット２	mature_male	zh-CN-YunfengNeural	serious	-2%	0.96	100
エドワード・ペリィーチ	エドワード・ペリィーチ	young_male	zh-CN-YunxiaNeural	cheerful	+3%	1.00	100
紫髪の茶屋娘	紫髪の茶屋娘	androgynous	zh-CN-YunxiNeural	chat	0%	0.98	100
金色魔太閤秀吉	金色魔太閤秀吉	androgynous	zh-CN-YunxiNeural	chat	0%	0.98	100
女子寮長	女子寮長	mature_male	zh-CN-YunjianNeural	serious	-3%	0.95	100
記録	記録	androgynous	zh-CN-YunxiaNeural	calm	+2%	0.99	100
オジマンディアス（妄想）	オジマンディアス（妄想）	mature_male	zh-CN-YunfengNeural	serious	-2%	0.96	100
腹筋自慢の女王	腹筋自慢の女王	young_male	zh-CN-YunxiaNeural	cheerful	+3%	1.00	100
アルテミスＡ	アルテミスＡ	young_male	zh-CN-YunxiNeural	chat	+1%	0.99	100
エジソン＆テスラ	エジソン＆テスラ	young_female	zh-CN-XiaoyiNeural	cheerful	+4%	1.02	100
謎の新選組女	謎の新選組女	young_male	zh-CN-YunxiaNeural	cheerful	+3%	1.00	100
ウェンディゴ	ウェンディゴ	mature_female	zh-CN-XiaoxiaoNeural	gentle	0%	0.96	100
町人・乙	町人・乙	mature_male	zh-CN-YunjianNeural	serious	-3%	0.95	100
岡っ引き“静”	岡っ引き“静”	mature_male	zh-CN-YunzeNeural	calm	-4%	0.94	100
腹筋自慢のバーサーカー	腹筋自慢のバーサーカー	mature_male	zh-CN-YunfengNeural	serious	-2%	0.96	100
トゥーヤマの金さん	トゥーヤマの金さん	mature_female	zh-CN-XiaoruiNeural	calm	-2%	0.94	100
アキレウス八歳	アキレウス八歳	mature_male	zh-CN-YunjianNeural	serious	-3%	0.95	100
みつ	みつ	androgynous	zh-CN-XiaomoNeural	calm	-1%	0.97	100
えっちゃん店長	えっちゃん店長	mature_male	zh-CN-YunzeNeural	calm	-4%	0.94	100
ラジオ放送	ラジオ放送	mature_male	zh-CN-YunjianNeural	serious	-3%	0.95	100
ＧＬＢ	ＧＬＢ	mature_female	zh-CN-XiaoruiNeural	calm	-2%	0.94	100
ミュージシャン	ミュージシャン	young_male	zh-CN-YunxiNeural	chat	+1%	0.99	100
男の声４	男の声４	mature_female	zh-CN-XiaoxiaoNeural	gentle	0%	0.96	100
アナスタシア＆イヴァン雷帝	アナスタシア＆イヴァン雷帝	mature_female	zh-CN-XiaohanNeural	calm	0%	0.97	100
ミステリアン・サーヴァント３号	ミステリアン・サーヴァント３号	androgynous	zh-CN-XiaomoNeural	calm	-1%	0.97	100
悪鬼羅刹	悪鬼羅刹	androgynous	zh-CN-XiaomoNeural	calm	-1%	0.97	100
三人の子供	三人の子供	young_male	zh-CN-YunxiNeural	chat	+1%	0.99	100
アンデルセン（解説風）	アンデルセン（解説風）	androgynous	zh-CN-XiaomoNeural	calm	-1%	0.97	100
ギガフレーム・メカエリチャン	ギガフレーム・メカエリチャン	young_male	zh-CN-YunxiaNeural	cheerful	+3%	1.00	100
店員？	店員？	mature_male	zh-CN-YunfengNeural	serious	-2%	0.96	100
サメ騎士Ａ	サメ騎士Ａ	young_female	zh-CN-XiaomengNeural	chat	+5%	1.03	100
サメ騎士Ｂ	サメ騎士Ｂ	young_male	zh-CN-YunxiaNeural	cheerful	+3%	1.00	100
バーテンダー	バーテンダー	young_female	zh-CN-XiaoyiNeural	cheerful	+4%	1.02	100
得体の知れないもの	得体の知れないもの	androgynous	zh-CN-YunxiNeural	chat	0%	0.98	100
ギャングＢ	ギャングＢ	mature_female	zh-CN-XiaoxiaoNeural	gentle	0%	0.96	100
[image berserker_language_1]の悪魔	[image berserker_language_1]の悪魔	young_female	zh-CN-XiaomengNeural	chat	+5%	1.03	100
人斬りＩＺＯ	人斬りＩＺＯ	young_male	zh-CN-YunxiNeural	chat	+1%	0.99	100
猿飛クロ助	猿飛クロ助	mature_female	zh-CN-XiaoruiNeural	calm	-2%	0.94	100
霧隠ミユ蔵	霧隠ミユ蔵	young_female	zh-CN-XiaomengNeural	chat	+5%	1.03	100
突撃兵	突撃兵	mature_female	zh-CN-XiaohanNeural	calm	0%	0.97	100
衛生兵	衛生兵	young_male	zh-CN-YunxiaNeural	cheerful	+3%	1.00	100
狙撃兵	狙撃兵	mature_male	zh-CN-YunzeNeural	calm	-4%	0.94	100
源義経オルタ風	源義経オルタ風	mature_female	zh-CN-XiaoruiNeural	calm	-2%	0.94	100
北条ガウェインホワイト	北条ガウェインホワイト	young_male	zh-CN-YunxiaNeural	cheerful	+3%	1.00	100
北条モードレッドレッド	北条モードレッドレッド	mature_male	zh-CN-YunzeNeural	calm	-4%	0.94	100
雑賀エミヤ・オルタ	雑賀エミヤ・オルタ	young_female	zh-CN-XiaoyiNeural	cheerful	+4%	1.02	100
心をなくした客	心をなくした客	androgynous	zh-CN-XiaomoNeural	calm	-1%	0.97	100
理性的なマシーン	理性的なマシーン	androgynous	zh-CN-XiaomoNeural	calm	-1%	0.97	100
カメラマン	カメラマン	young_male	zh-CN-YunxiNeural	chat	+1%	0.99	100
紳士Ａ	紳士Ａ	mature_male	zh-CN-YunfengNeural	serious	-2%	0.96	100
紳士Ｂ	紳士Ｂ	young_male	zh-CN-YunxiaNeural	cheerful	+3%	1.00	100
歌い手Ｐ	歌い手Ｐ	young_male	zh-CN-YunxiNeural	chat	+1%	0.99	100
荷運びゴーレム	荷運びゴーレム	young_female	zh-CN-XiaoyiNeural	cheerful	+4%	1.02	100
ペンテシレイア＆アマゾネスＣＥＯ	ペンテシレイア＆アマゾネスＣＥＯ	mature_female	zh-CN-XiaoxiaoNeural	gentle	0%	0.96	100
手下Ｂ	手下Ｂ	mature_male	zh-CN-YunjianNeural	serious	-3%	0.95	100
板長	板長	mature_male	zh-CN-YunjianNeural	serious	-3%	0.95	100
英雄	英雄	young_female	zh-CN-XiaomengNeural	chat	+5%	1.03	100
４人	４人	young_male	zh-CN-YunxiaNeural	cheerful	+3%	1.00	100
喋る亀	喋る亀	mature_female	zh-CN-XiaohanNeural	calm	0%	0.97	100
妙に迫力のある埴輪	妙に迫力のある埴輪	young_male	zh-CN-YunxiNeural	chat	+1%	0.99	100
株式会社ＱＫ・おーん	株式会社ＱＫ・おーん	androgynous	zh-CN-XiaomoNeural	calm	-1%	0.97	100
集落の男性	集落の男性	young_female	zh-CN-XiaomengNeural	chat	+5%	1.03	100
アスクレピオスの声	アスクレピオスの声	androgynous	zh-CN-XiaomoNeural	calm	-1%	0.97	100
楊貴妃？	楊貴妃？	mature_female	zh-CN-XiaoruiNeural	calm	-2%	0.94	100
カレン？	カレン？	mature_female	zh-CN-XiaohanNeural	calm	0%	0.97	100
アキバガードＣ	アキバガードＣ	androgynous	zh-CN-XiaomoNeural	calm	-1%	0.97	100
観客Ｃ	観客Ｃ	androgynous	zh-CN-YunxiNeural	chat	0%	0.98	100
メイド＆人形メイド	メイド＆人形メイド	androgynous	zh-CN-XiaomoNeural	calm	-1%	0.97	100
メイヴ＆タマモキャット	メイヴ＆タマモキャット	young_female	zh-CN-XiaoyiNeural	cheerful	+4%	1.02	100
護衛スタッフＡ	護衛スタッフＡ	mature_female	zh-CN-XiaoxiaoNeural	gentle	0%	0.96	100
夏の幽霊	夏の幽霊	young_female	zh-CN-XiaomengNeural	chat	+5%	1.03	100
観光客の子供	観光客の子供	mature_female	zh-CN-XiaohanNeural	calm	0%	0.97	100
市民たち	市民たち	young_male	zh-CN-YunxiaNeural	cheerful	+3%	1.00	100
女神信奉団（エウリュアレファン）	女神信奉団（エウリュアレファン）	mature_male	zh-CN-YunzeNeural	calm	-4%	0.94	100
模範的ローマ市民（ネロファン）	模範的ローマ市民（ネロファン）	young_male	zh-CN-YunxiNeural	chat	+1%	0.99	100
清少納言（人生を振り返らない）	清少納言（人生を振り返らない）	mature_male	zh-CN-YunfengNeural	serious	-2%	0.96	100
藤吉	藤吉	young_female	zh-CN-XiaoyiNeural	cheerful	+4%	1.02	100
刺客	刺客	mature_female	zh-CN-XiaoxiaoNeural	gentle	0%	0.96	100
高杉重工広報	高杉重工広報	mature_female	zh-CN-XiaoruiNeural	calm	-2%	0.94	100
維新新選組・ヒジカタ	維新新選組・ヒジカタ	young_female	zh-CN-XiaomengNeural	chat	+5%	1.03	100
Ａチーム	Ａチーム	mature_female	zh-CN-XiaohanNeural	calm	0%	0.97	100
Ｂチーム	Ｂチーム	androgynous	zh-CN-XiaomoNeural	calm	-1%	0.97	100
Ｃチーム	Ｃチーム	young_male	zh-CN-YunxiaNeural	cheerful	+3%	1.00	100
ゴーレムマスター	ゴーレムマスター	young_female	zh-CN-XiaoyiNeural	cheerful	+4%	1.02	100
屈強な半魚人	屈強な半魚人	young_male	zh-CN-YunxiaNeural	cheerful	+3%	1.00	100
ケルピー	ケルピー	young_male	zh-CN-YunxiNeural	chat	+1%	0.99	100
ワニ？	ワニ？	mature_male	zh-CN-YunzeNeural	calm	-4%	0.94	100
愉快なランサー	愉快なランサー	mature_male	zh-CN-YunfengNeural	serious	-2%	0.96	100
大黒天？	大黒天？	mature_female	zh-CN-XiaoxiaoNeural	gentle	0%	0.96	100
列車強盗・頭目	列車強盗・頭目	young_male	zh-CN-YunxiNeural	chat	+1%	0.99	100
《小鳥獲り》	《小鳥獲り》	mature_male	zh-CN-YunjianNeural	serious	-3%	0.95	100
モブＦ？	モブＦ？	mature_female	zh-CN-XiaoruiNeural	calm	-2%	0.94	100
馬琴あらためお路	馬琴あらためお路	mature_female	zh-CN-XiaoxiaoNeural	gentle	0%	0.96	100
ワルキューレ？	ワルキューレ？	androgynous	zh-CN-XiaomoNeural	calm	-1%	0.97	100
ワルキューレ？？	ワルキューレ？？	young_female	zh-CN-XiaomengNeural	chat	+5%	1.03	100
悪霊剣士	悪霊剣士	mature_female	zh-CN-XiaohanNeural	calm	0%	0.97	100
酷吏Ｂ	酷吏Ｂ	young_male	zh-CN-YunxiaNeural	cheerful	+3%	1.00	100
邪馬台国亡者	邪馬台国亡者	androgynous	zh-CN-XiaomoNeural	calm	-1%	0.97	100
豊臣秀頼	豊臣秀頼	young_male	zh-CN-YunxiaNeural	cheerful	+3%	1.00	100
豊臣鶴松	豊臣鶴松	mature_female	zh-CN-XiaoruiNeural	calm	-2%	0.94	100
テンシ＆アクマ	テンシ＆アクマ	mature_male	zh-CN-YunjianNeural	serious	-3%	0.95	100
謎の画家	謎の画家	young_female	zh-CN-XiaoyiNeural	cheerful	+4%	1.02	100
カエサル？	カエサル？	mature_male	zh-CN-YunfengNeural	serious	-2%	0.96	100
オジマンディアス？	オジマンディアス？	mature_female	zh-CN-XiaoxiaoNeural	gentle	0%	0.96	100
機械の鷲	機械の鷲	young_male	zh-CN-YunxiNeural	chat	+1%	0.99	100
円卓の騎士たち	円卓の騎士たち	mature_female	zh-CN-XiaohanNeural	calm	0%	0.97	100
クロエ＆鈴鹿御前	クロエ＆鈴鹿御前	androgynous	zh-CN-XiaomoNeural	calm	-1%	0.97	100
陸ファーの男	陸ファーの男	young_male	zh-CN-YunxiNeural	chat	+1%	0.99	100
ファーたち	ファーたち	young_female	zh-CN-XiaoyiNeural	cheerful	+4%	1.02	100
警備員たち	警備員たち	mature_male	zh-CN-YunzeNeural	calm	-4%	0.94	100
逃げ惑うサークル参加者Ｄ	逃げ惑うサークル参加者Ｄ	young_female	zh-CN-XiaomengNeural	chat	+5%	1.03	100
逃げ惑うサークル参加者たち	逃げ惑うサークル参加者たち	androgynous	zh-CN-XiaomoNeural	calm	-1%	0.97	100
八犬士	八犬士	androgynous	zh-CN-YunxiaNeural	calm	+2%	0.99	100
【十三屋九四郎】	【十三屋九四郎】	young_male	zh-CN-YunxiNeural	chat	+1%	0.99	100
一般参加者Ｅ	一般参加者Ｅ	young_female	zh-CN-XiaoyiNeural	cheerful	+4%	1.02	100
ワンジナ？	ワンジナ？	mature_female	zh-CN-XiaoruiNeural	calm	-2%	0.94	100
魔王信長？	魔王信長？	young_female	zh-CN-XiaomengNeural	chat	+5%	1.03	100
村人らしき男	村人らしき男	mature_male	zh-CN-YunzeNeural	calm	-4%	0.94	100
逸れのバーサーカー？	逸れのバーサーカー？	young_female	zh-CN-XiaoxiaoNeural	cheerful	+3%	1.00	100
謎のウェイトレス２号	謎のウェイトレス２号	androgynous	zh-CN-XiaomoNeural	calm	-1%	0.97	100
魔法使い	魔法使い	young_male	zh-CN-YunxiaNeural	cheerful	+3%	1.00	100
バイトのお姉さん	バイトのお姉さん	mature_female	zh-CN-XiaohanNeural	calm	0%	0.97	100
ニキチッチの声	ニキチッチの声	young_female	zh-CN-XiaoyiNeural	cheerful	+4%	1.02	100
イマジナリー虞美人	イマジナリー虞美人	mature_female	zh-CN-XiaoruiNeural	calm	-2%	0.94	100
兄弟たち	兄弟たち	mature_male	zh-CN-YunjianNeural	serious	-3%	0.95	100
ランスロットたち	ランスロットたち	androgynous	zh-CN-XiaomoNeural	calm	-1%	0.97	100
大石像	大石像	androgynous	zh-CN-YunxiaNeural	calm	+2%	0.99	100
偉そうな人	偉そうな人	mature_male	zh-CN-YunfengNeural	serious	-2%	0.96	100
修理業者	修理業者	androgynous	zh-CN-YunxiNeural	chat	0%	0.98	100
観光客を装った海賊	観光客を装った海賊	mature_male	zh-CN-YunfengNeural	serious	-2%	0.96	100
呼延灼の声	呼延灼の声	androgynous	zh-CN-YunxiNeural	chat	0%	0.98	100
頭に響いてくる巫女の声	頭に響いてくる巫女の声	mature_male	zh-CN-YunzeNeural	calm	-4%	0.94	100
黒髭幹也	黒髭幹也	androgynous	zh-CN-XiaomoNeural	calm	-1%	0.97	100
ウェイトレス	ウェイトレス	young_male	zh-CN-YunxiaNeural	cheerful	+3%	1.00	100
奉公人	奉公人	young_female	zh-CN-XiaomengNeural	chat	+5%	1.03	100
浪士	浪士	young_female	zh-CN-XiaoyiNeural	cheerful	+4%	1.02	100
遠くの声	遠くの声	young_female	zh-CN-XiaohanNeural	gentle	+2%	0.99	100
メイドゥーサ	メイドゥーサ	young_male	zh-CN-YunxiNeural	chat	+1%	0.99	100
マガツ謙信ノカミ	マガツ謙信ノカミ	mature_male	zh-CN-YunjianNeural	serious	-3%	0.95	100
死滅の尾	死滅の尾	mature_male	zh-CN-YunjianNeural	serious	-3%	0.95	100
金の亡者	金の亡者	mature_female	zh-CN-XiaoxiaoNeural	gentle	0%	0.96	100
騎士？	騎士？	mature_female	zh-CN-XiaoruiNeural	calm	-2%	0.94	100
獅子心王？	獅子心王？	young_female	zh-CN-XiaomengNeural	chat	+5%	1.03	100
穢れた騎士	穢れた騎士	mature_female	zh-CN-XiaohanNeural	calm	0%	0.97	100
教団幹部	教団幹部	androgynous	zh-CN-YunxiaNeural	calm	+2%	0.99	100
這い蠢く瘴気	這い蠢く瘴気	mature_female	zh-CN-XiaoxiaoNeural	gentle	0%	0.96	100
巫女姿のキャスター	巫女姿のキャスター	young_female	zh-CN-XiaomengNeural	chat	+5%	1.03	100
放送	放送	mature_female	zh-CN-XiaoruiNeural	calm	-2%	0.94	100
緑茶	緑茶	androgynous	zh-CN-XiaomoNeural	calm	-1%	0.97	100
ローマ軍団	ローマ軍団	young_female	zh-CN-XiaoyiNeural	cheerful	+4%	1.02	100
海賊’ｓ	海賊’ｓ	mature_male	zh-CN-YunfengNeural	serious	-2%	0.96	100
村人《食屍鬼》	村人《食屍鬼》	young_female	zh-CN-XiaoyiNeural	cheerful	+4%	1.02	100
町の民	町の民	androgynous	zh-CN-YunxiNeural	chat	0%	0.98	100
騎士グラント	騎士グラント	young_male	zh-CN-YunxiaNeural	cheerful	+3%	1.00	100
円卓軍の兵士Ａ	円卓軍の兵士Ａ	young_female	zh-CN-XiaomengNeural	chat	+5%	1.03	100
反乱軍の兵士Ａ	反乱軍の兵士Ａ	young_female	zh-CN-XiaoxiaoNeural	cheerful	+3%	1.00	100
カール大帝（？）	カール大帝（？）	mature_female	zh-CN-XiaoruiNeural	calm	-2%	0.94	100
ボリヤー	ボリヤー	mature_female	zh-CN-XiaohanNeural	calm	0%	0.97	100
大黒天たち	大黒天たち	young_male	zh-CN-YunxiaNeural	cheerful	+3%	1.00	100
紳士	紳士	mature_female	zh-CN-XiaohanNeural	calm	0%	0.97	100
モヒカン男	モヒカン男	androgynous	zh-CN-XiaomoNeural	calm	-1%	0.97	100
ラムレイ	ラムレイ	androgynous	zh-CN-YunxiNeural	chat	0%	0.98	100
謎の小動物	謎の小動物	mature_female	zh-CN-XiaoruiNeural	calm	-2%	0.94	100
息子たち	息子たち	young_female	zh-CN-XiaomengNeural	chat	+5%	1.03	100
女中	女中	mature_female	zh-CN-XiaoxiaoNeural	gentle	0%	0.96	100
帝都市民	帝都市民	mature_female	zh-CN-XiaoruiNeural	calm	-2%	0.94	100
人形	人形	mature_female	zh-CN-XiaoxiaoNeural	gentle	0%	0.96	100
謎の人斬り？？？	謎の人斬り？？？	young_male	zh-CN-YunxiaNeural	cheerful	+3%	1.00	100
役人	役人	androgynous	zh-CN-XiaomoNeural	calm	-1%	0.97	100
カーミラ？	カーミラ？	mature_female	zh-CN-XiaohanNeural	calm	0%	0.97	100
スフィンクス	スフィンクス	mature_male	zh-CN-YunzeNeural	calm	-4%	0.94	100
トラックの運転手	トラックの運転手	mature_male	zh-CN-YunfengNeural	serious	-2%	0.96	100
イフリータ	イフリータ	young_male	zh-CN-YunxiNeural	chat	+1%	0.99	100
パリス？	パリス？	young_female	zh-CN-XiaoyiNeural	cheerful	+4%	1.02	100
ロビンフッド＆エレシュキガル・オルタ	ロビンフッド＆エレシュキガル・オルタ	young_male	zh-CN-YunxiaNeural	cheerful	+3%	1.00	100
奇妙な少年	奇妙な少年	young_male	zh-CN-YunxiNeural	chat	+1%	0.99	100
カルデア家足軽	カルデア家足軽	young_female	zh-CN-XiaoyiNeural	cheerful	+4%	1.02	100
ライダー？	ライダー？	mature_female	zh-CN-XiaohanNeural	calm	0%	0.97	100
最前列にいる子供たち	最前列にいる子供たち	mature_female	zh-CN-XiaoxiaoNeural	gentle	0%	0.96	100
エリザベート（？）	エリザベート（？）	young_male	zh-CN-YunxiNeural	chat	+1%	0.99	100
制圧者達	制圧者達	mature_female	zh-CN-XiaoruiNeural	calm	-2%	0.94	100
新入員（女性）	新入員（女性）	mature_female	zh-CN-XiaoxiaoNeural	gentle	0%	0.96	100
新入員（男性）	新入員（男性）	androgynous	zh-CN-XiaomoNeural	calm	-1%	0.97	100
エイリーク血斧王	エイリーク血斧王	mature_male	zh-CN-YunzeNeural	calm	-4%	0.94	100
機械化兵士	機械化兵士	young_male	zh-CN-YunxiaNeural	cheerful	+3%	1.00	100
砦の兵士Ｃ	砦の兵士Ｃ	mature_male	zh-CN-YunjianNeural	serious	-3%	0.95	100
聖都軍兵士Ａ	聖都軍兵士Ａ	young_female	zh-CN-XiaomengNeural	chat	+5%	1.03	100
ウルク市民Ｃ	ウルク市民Ｃ	androgynous	zh-CN-XiaomoNeural	calm	-1%	0.97	100
研究員Ｂ	研究員Ｂ	mature_female	zh-CN-XiaohanNeural	calm	0%	0.97	100
ケツァルコアトルス	ケツァルコアトルス	mature_male	zh-CN-YunfengNeural	serious	-2%	0.96	100
部下Ｂ	部下Ｂ	young_male	zh-CN-YunxiaNeural	cheerful	+3%	1.00	100
マクベス	マクベス	young_male	zh-CN-YunxiNeural	chat	+1%	0.99	100
裸エプロンの給仕	裸エプロンの給仕	young_male	zh-CN-YunxiNeural	chat	+1%	0.99	100
幻霊探偵たち	幻霊探偵たち	mature_male	zh-CN-YunzeNeural	calm	-4%	0.94	100
里の男	里の男	young_male	zh-CN-YunxiaNeural	cheerful	+3%	1.00	100
年経た武士	年経た武士	androgynous	zh-CN-XiaomoNeural	calm	-1%	0.97	100
怪物たち	怪物たち	mature_female	zh-CN-XiaoruiNeural	calm	-2%	0.94	100
マタ・ハリ？	マタ・ハリ？	androgynous	zh-CN-XiaomoNeural	calm	-1%	0.97	100
食屍鬼たち	食屍鬼たち	mature_male	zh-CN-YunjianNeural	serious	-3%	0.95	100
判事《食屍鬼》	判事《食屍鬼》	young_male	zh-CN-YunxiNeural	chat	+1%	0.99	100
村人の女	村人の女	mature_male	zh-CN-YunfengNeural	serious	-2%	0.96	100
ゴルドルフ＆スタッフ	ゴルドルフ＆スタッフ	mature_male	zh-CN-YunjianNeural	serious	-3%	0.95	100
カルデアスタッフＣ	カルデアスタッフＣ	young_male	zh-CN-YunxiaNeural	cheerful	+3%	1.00	100
謎の発明家	謎の発明家	young_male	zh-CN-YunxiNeural	chat	+1%	0.99	100
シャンシャン	シャンシャン	androgynous	zh-CN-XiaomoNeural	calm	-1%	0.97	100
巨大生物	巨大生物	young_female	zh-CN-XiaoyiNeural	cheerful	+4%	1.02	100
デイヴィット	デイヴィット	young_male	zh-CN-YunxiaNeural	cheerful	+3%	1.00	100
霜の巨人	霜の巨人	mature_male	zh-CN-YunzeNeural	calm	-4%	0.94	100
人の声	人の声	young_male	zh-CN-YunxiaNeural	cheerful	+3%	1.00	100
咸陽市民Ｂ	咸陽市民Ｂ	young_male	zh-CN-YunxiNeural	chat	+1%	0.99	100
近衛兵	近衛兵	young_female	zh-CN-XiaomengNeural	chat	+5%	1.03	100
人々	人々	androgynous	zh-CN-XiaomoNeural	calm	-1%	0.97	100
コートの男	コートの男	young_male	zh-CN-YunxiaNeural	cheerful	+3%	1.00	100
ドクターの声	ドクターの声	young_female	zh-CN-XiaoyiNeural	cheerful	+4%	1.02	100
通りすがった貴人	通りすがった貴人	mature_female	zh-CN-XiaoruiNeural	calm	-2%	0.94	100
鋼の怪	鋼の怪	androgynous	zh-CN-XiaomoNeural	calm	-1%	0.97	100
宮中の貴人	宮中の貴人	mature_female	zh-CN-XiaohanNeural	calm	0%	0.97	100
酒呑童子の声	酒呑童子の声	androgynous	zh-CN-XiaomoNeural	calm	-1%	0.97	100
武者たち	武者たち	androgynous	zh-CN-XiaomoNeural	calm	-1%	0.97	100
？？？に抱かれた蛾	？？？に抱かれた蛾	mature_female	zh-CN-XiaoxiaoNeural	gentle	0%	0.96	100
牙の妖精Ａ	牙の妖精Ａ	young_male	zh-CN-YunxiNeural	chat	+1%	0.99	100
妖精（酒場の主人）	妖精（酒場の主人）	young_male	zh-CN-YunxiaNeural	cheerful	+3%	1.00	100
木の杯を手にした妖精	木の杯を手にした妖精	mature_female	zh-CN-XiaoxiaoNeural	gentle	0%	0.96	100
庭好きの妖精	庭好きの妖精	mature_female	zh-CN-XiaoruiNeural	calm	-2%	0.94	100
ドレスを着た妖精	ドレスを着た妖精	young_female	zh-CN-XiaomengNeural	chat	+5%	1.03	100
屈強な体格の妖精	屈強な体格の妖精	young_male	zh-CN-YunxiNeural	chat	+1%	0.99	100
給仕	給仕	young_male	zh-CN-YunxiaNeural	cheerful	+3%	1.00	100
ロブ（兄貴分）	ロブ（兄貴分）	young_male	zh-CN-YunxiNeural	chat	+1%	0.99	100
ワグ（弟分）	ワグ（弟分）	androgynous	zh-CN-XiaomoNeural	calm	-1%	0.97	100
感謝する妖精	感謝する妖精	androgynous	zh-CN-XiaomoNeural	calm	-1%	0.97	100
一緒に乾杯するワグ	一緒に乾杯するワグ	androgynous	zh-CN-XiaomoNeural	calm	-1%	0.97	100
武装した兵士	武装した兵士	mature_male	zh-CN-YunzeNeural	calm	-4%	0.94	100
ブランカ	ブランカ	young_female	zh-CN-XiaomengNeural	chat	+5%	1.03	100
収容されていた男性	収容されていた男性	mature_male	zh-CN-YunfengNeural	serious	-2%	0.96	100
収容されていた子供	収容されていた子供	young_female	zh-CN-XiaoyiNeural	cheerful	+4%	1.02	100
30の大使、100の官司たち	30の大使、100の官司たち	mature_male	zh-CN-YunjianNeural	serious	-3%	0.95	100
予言の村正	予言の村正	young_male	zh-CN-YunxiaNeural	cheerful	+3%	1.00	100
３割予言の子の村正	３割予言の子の村正	young_male	zh-CN-YunxiNeural	chat	+1%	0.99	100
ステージ上からの声	ステージ上からの声	young_female	zh-CN-XiaomengNeural	chat	+5%	1.03	100
街の住人	街の住人	young_female	zh-CN-XiaoyiNeural	cheerful	+4%	1.02	100
側にいた妖精	側にいた妖精	androgynous	zh-CN-XiaomoNeural	calm	-1%	0.97	100
鍛冶手伝いの少年	鍛冶手伝いの少年	young_male	zh-CN-YunxiNeural	chat	+1%	0.99	100
招待された妖精	招待された妖精	young_female	zh-CN-XiaohanNeural	gentle	+2%	0.99	100
トネリコ？	トネリコ？	mature_female	zh-CN-XiaoruiNeural	calm	-2%	0.94	100
妖精さん	妖精さん	mature_male	zh-CN-YunfengNeural	serious	-2%	0.96	100
千子村正＆グリム	千子村正＆グリム	mature_female	zh-CN-XiaoxiaoNeural	gentle	0%	0.96	100
反省した妖精	反省した妖精	young_female	zh-CN-XiaoyiNeural	cheerful	+4%	1.02	100
最強のふたり	最強のふたり	mature_male	zh-CN-YunjianNeural	serious	-3%	0.95	100
騎士Ａ	騎士Ａ	mature_female	zh-CN-XiaohanNeural	calm	0%	0.97	100
護衛の兵士	護衛の兵士	androgynous	zh-CN-YunxiaNeural	calm	+2%	0.99	100
王の氏族	王の氏族	mature_male	zh-CN-YunzeNeural	calm	-4%	0.94	100
使いすぎて棄てられた少女	使いすぎて棄てられた少女	mature_female	zh-CN-XiaoxiaoNeural	gentle	0%	0.96	100
大聖堂の衛士	大聖堂の衛士	young_female	zh-CN-XiaomengNeural	chat	+5%	1.03	100
参列していた北の妖精たち	参列していた北の妖精たち	mature_female	zh-CN-XiaohanNeural	calm	0%	0.97	100
若い牙の氏族たち	若い牙の氏族たち	mature_female	zh-CN-XiaoruiNeural	calm	-2%	0.94	100
牙の氏族・古兵	牙の氏族・古兵	androgynous	zh-CN-YunxiaNeural	calm	+2%	0.99	100
妖精馬	妖精馬	young_female	zh-CN-XiaoyiNeural	cheerful	+4%	1.02	100
女王派の妖精	女王派の妖精	young_female	zh-CN-XiaomengNeural	chat	+5%	1.03	100
予言の子派の妖精	予言の子派の妖精	mature_female	zh-CN-XiaoxiaoNeural	gentle	0%	0.96	100
ウッドワスの兵士	ウッドワスの兵士	mature_male	zh-CN-YunzeNeural	calm	-4%	0.94	100
金髪の妖精	金髪の妖精	mature_male	zh-CN-YunfengNeural	serious	-2%	0.96	100
スプリガンの衛士Ａ	スプリガンの衛士Ａ	young_female	zh-CN-XiaoyiNeural	cheerful	+4%	1.02	100
ドゥルシネーア	ドゥルシネーア	young_male	zh-CN-YunxiNeural	chat	+1%	0.99	100
マシュ＆カドック	マシュ＆カドック	mature_male	zh-CN-YunjianNeural	serious	-3%	0.95	100
カドック＆ゴルドルフ	カドック＆ゴルドルフ	mature_male	zh-CN-YunzeNeural	calm	-4%	0.94	100
店番をしているディノス	店番をしているディノス	mature_female	zh-CN-XiaohanNeural	calm	0%	0.97	100
マシュ＆ネモ＆Ｕ	マシュ＆ネモ＆Ｕ	mature_female	zh-CN-XiaoruiNeural	calm	-2%	0.94	100
デイノニクス11兄弟・四男	デイノニクス11兄弟・四男	mature_female	zh-CN-XiaoxiaoNeural	gentle	0%	0.96	100
残念そうなディノス	残念そうなディノス	androgynous	zh-CN-XiaomoNeural	calm	-1%	0.97	100
あわてるディノス	あわてるディノス	young_male	zh-CN-YunxiaNeural	cheerful	+3%	1.00	100
太陽神ククルカン	太陽神ククルカン	young_male	zh-CN-YunxiNeural	chat	+1%	0.99	100
銃器をいじるディノスＡ	銃器をいじるディノスＡ	mature_female	zh-CN-XiaohanNeural	calm	0%	0.97	100
銃器をいじるディノスＣ	銃器をいじるディノスＣ	young_male	zh-CN-YunxiaNeural	cheerful	+3%	1.00	100
ロケットランチャーをいじるディノスＢ	ロケットランチャーをいじるディノスＢ	mature_female	zh-CN-XiaoruiNeural	calm	-2%	0.94	100
10歳の少年	10歳の少年	mature_female	zh-CN-XiaohanNeural	calm	0%	0.97	100
維持部ＡＩ	維持部ＡＩ	young_female	zh-CN-XiaomengNeural	chat	+5%	1.03	100
維持部ＡＩ（ラニ＝Ｋ）	維持部ＡＩ（ラニ＝Ｋ）	mature_male	zh-CN-YunfengNeural	serious	-2%	0.96	100
店番に戻ってきたディノス	店番に戻ってきたディノス	young_female	zh-CN-XiaomengNeural	chat	+5%	1.03	100
嬉しそうなディノス	嬉しそうなディノス	mature_female	zh-CN-XiaoruiNeural	calm	-2%	0.94	100
店番のディノス	店番のディノス	young_male	zh-CN-YunxiNeural	chat	+1%	0.99	100
セイバーのマスター	セイバーのマスター	mature_male	zh-CN-YunjianNeural	serious	-3%	0.95	100
女子生徒	女子生徒	mature_female	zh-CN-XiaoxiaoNeural	gentle	0%	0.96	100
サリエリ先生？	サリエリ先生？	young_male	zh-CN-YunxiNeural	chat	+1%	0.99	100
騎士団員フィアレス	騎士団員フィアレス	mature_female	zh-CN-XiaoruiNeural	calm	-2%	0.94	100
騎士団員ハピネス	騎士団員ハピネス	young_female	zh-CN-XiaoyiNeural	cheerful	+4%	1.02	100
休憩していた警官	休憩していた警官	young_male	zh-CN-YunxiaNeural	cheerful	+3%	1.00	100
駆けつけた警官	駆けつけた警官	mature_female	zh-CN-XiaoxiaoNeural	gentle	0%	0.96	100
マシンアーサー	マシンアーサー	mature_female	zh-CN-XiaohanNeural	calm	0%	0.97	100
処刑装置	処刑装置	young_male	zh-CN-YunxiNeural	chat	+1%	0.99	100
月笑騎士団・過激派Ｃ	月笑騎士団・過激派Ｃ	androgynous	zh-CN-XiaomoNeural	calm	-1%	0.97	100
明るい男性	明るい男性	young_female	zh-CN-XiaoyiNeural	cheerful	+4%	1.02	100
穏やかな女性	穏やかな女性	young_male	zh-CN-YunxiaNeural	cheerful	+3%	1.00	100
いかつい男性	いかつい男性	mature_female	zh-CN-XiaoruiNeural	calm	-2%	0.94	100
オールド・ドバイ市民Ｃ	オールド・ドバイ市民Ｃ	androgynous	zh-CN-XiaomoNeural	calm	-1%	0.97	100
口を開けているＡＩ	口を開けているＡＩ	young_male	zh-CN-YunxiNeural	chat	+1%	0.99	100
耳をたてているＡＩ	耳をたてているＡＩ	young_female	zh-CN-XiaomengNeural	chat	+5%	1.03	100
.I.E.L	C.I.E.L	young_female	zh-CN-XiaomengNeural	chat	+5%	1.03	100
研究員	研究員	young_female	zh-CN-XiaoyiNeural	cheerful	+4%	1.02	100
天使・第七階梯	天使・第七階梯	young_female	zh-CN-XiaoxiaoNeural	cheerful	+3%	1.00	100
祈る男	祈る男	young_female	zh-CN-XiaomengNeural	chat	+5%	1.03	100
Ｕ－オルガマリー？	Ｕ－オルガマリー？	mature_female	zh-CN-XiaohanNeural	calm	0%	0.97	100
謎のオルガマリーＸ	謎のオルガマリーＸ	young_male	zh-CN-YunxiaNeural	cheerful	+3%	1.00	100
都市の記憶	都市の記憶	young_female	zh-CN-XiaoyiNeural	cheerful	+4%	1.02	100
ボーダー一同	ボーダー一同	mature_male	zh-CN-YunzeNeural	calm	-4%	0.94	100
坂本龍馬＆お竜さん	坂本龍馬＆お竜さん	mature_female	zh-CN-XiaohanNeural	calm	0%	0.97	100
エリザベートｓ	エリザベートｓ	androgynous	zh-CN-XiaomoNeural	calm	-1%	0.97	100
巴と千代女	巴と千代女	androgynous	zh-CN-XiaomoNeural	calm	-1%	0.97	100
可憐な姫	可憐な姫	mature_female	zh-CN-XiaoruiNeural	calm	-2%	0.94	100
ステンノ＆エウリュアレ	ステンノ＆エウリュアレ	mature_female	zh-CN-XiaoxiaoNeural	gentle	0%	0.96	100
親父	親父	mature_male	zh-CN-YunfengNeural	serious	-2%	0.96	100
ならず者	ならず者	mature_female	zh-CN-XiaohanNeural	calm	0%	0.97	100
ニコラ	ニコラ	mature_male	zh-CN-YunjianNeural	serious	-3%	0.95	100
ベディヴィエール？	ベディヴィエール？	androgynous	zh-CN-XiaomoNeural	calm	-1%	0.97	100
幼年系サーヴァントたち	幼年系サーヴァントたち	young_female	zh-CN-XiaomengNeural	chat	+5%	1.03	100
エミヤ・オルタ？	エミヤ・オルタ？	mature_female	zh-CN-XiaoruiNeural	calm	-2%	0.94	100
ノイズ混じりの声	ノイズ混じりの声	young_male	zh-CN-YunxiaNeural	cheerful	+3%	1.00	100
発明王	発明王	mature_female	zh-CN-XiaoxiaoNeural	gentle	0%	0.96	100
■■■	■■■	mature_male	zh-CN-YunjianNeural	serious	-3%	0.95	100
■ナ■	■ナ■	young_female	zh-CN-XiaoyiNeural	cheerful	+4%	1.02	100
■ナコ	■ナコ	androgynous	zh-CN-YunxiNeural	chat	0%	0.98	100
ボイジャー＆Ｘ・オルタ	ボイジャー＆Ｘ・オルタ	mature_male	zh-CN-YunfengNeural	serious	-2%	0.96	100
フォーリナー一同	フォーリナー一同	young_male	zh-CN-YunxiNeural	chat	+1%	0.99	100
茶屋の店主	茶屋の店主	mature_female	zh-CN-XiaoruiNeural	calm	-2%	0.94	100
テロリスト	テロリスト	young_female	zh-CN-XiaomengNeural	chat	+5%	1.03	100
コロンブス＆カエサル	コロンブス＆カエサル	mature_male	zh-CN-YunzeNeural	calm	-4%	0.94	100
物陰の男	物陰の男	mature_male	zh-CN-YunzeNeural	calm	-4%	0.94	100
子供たちの声	子供たちの声	young_male	zh-CN-YunxiaNeural	cheerful	+3%	1.00	100
海賊？	海賊？	young_male	zh-CN-YunxiNeural	chat	+1%	0.99	100
イヴァン雷帝＆イスカンダル	イヴァン雷帝＆イスカンダル	young_female	zh-CN-XiaoyiNeural	cheerful	+4%	1.02	100
スターガーディアン・タロス	スターガーディアン・タロス	mature_female	zh-CN-XiaohanNeural	calm	0%	0.97	100
ミケランジェロ・ゴースト	ミケランジェロ・ゴースト	mature_female	zh-CN-XiaoxiaoNeural	gentle	0%	0.96	100
人狼	人狼	young_male	zh-CN-YunxiaNeural	cheerful	+3%	1.00	100
山賊	山賊	young_female	zh-CN-XiaoyiNeural	cheerful	+4%	1.02	100
ドルイド・ゴースト	ドルイド・ゴースト	young_male	zh-CN-YunxiaNeural	cheerful	+3%	1.00	100
仔豚たち	仔豚たち	young_male	zh-CN-YunxiNeural	chat	+1%	0.99	100
デーモンソード	デーモンソード	mature_female	zh-CN-XiaoxiaoNeural	gentle	0%	0.96	100
子供達	子供達	young_male	zh-CN-YunxiaNeural	cheerful	+3%	1.00	100
鳩	鳩	mature_female	zh-CN-XiaohanNeural	calm	0%	0.97	100
テロリストＡ	テロリストＡ	young_female	zh-CN-XiaomengNeural	chat	+5%	1.03	100
ゆるキャラＡ	ゆるキャラＡ	young_male	zh-CN-YunxiNeural	chat	+1%	0.99	100
モブ女Ｂ	モブ女Ｂ	mature_male	zh-CN-YunjianNeural	serious	-3%	0.95	100
首領	首領	young_female	zh-CN-XiaoyiNeural	cheerful	+4%	1.02	100
兵士Ａ	兵士Ａ	mature_male	zh-CN-YunfengNeural	serious	-2%	0.96	100
メフィストフェレス（？）	メフィストフェレス（？）	androgynous	zh-CN-XiaomoNeural	calm	-1%	0.97	100
織田信長（本物）	織田信長（本物）	young_male	zh-CN-YunxiNeural	chat	+1%	0.99	100
エミヤ／ロビン	エミヤ／ロビン	mature_female	zh-CN-XiaoruiNeural	calm	-2%	0.94	100
ピエールズ	ピエールズ	androgynous	zh-CN-XiaomoNeural	calm	-1%	0.97	100
ピエールＤ	ピエールＤ	androgynous	zh-CN-XiaomoNeural	calm	-1%	0.97	100
おき太	おき太	young_male	zh-CN-YunxiaNeural	cheerful	+3%	1.00	100
ダレイオス	ダレイオス	young_female	zh-CN-XiaomengNeural	chat	+5%	1.03	100
セプテムの言祝ぎ	セプテムの言祝ぎ	young_female	zh-CN-XiaoyiNeural	cheerful	+4%	1.02	100
衛宮切嗣	衛宮切嗣	young_male	zh-CN-YunxiaNeural	cheerful	+3%	1.00	100
アルトリア＆アン	アルトリア＆アン	mature_female	zh-CN-XiaoruiNeural	calm	-2%	0.94	100
しりあるきらー	しりあるきらー	androgynous	zh-CN-XiaomoNeural	calm	-1%	0.97	100
アイリ	アイリ	young_female	zh-CN-XiaohanNeural	gentle	+2%	0.99	100
戦士	戦士	androgynous	zh-CN-XiaomoNeural	calm	-1%	0.97	100
僧侶	僧侶	mature_female	zh-CN-XiaoxiaoNeural	gentle	0%	0.96	100
カルデア職員ｓ	カルデア職員ｓ	mature_male	zh-CN-YunjianNeural	serious	-3%	0.95	100
タマモキャット３	タマモキャット３	young_female	zh-CN-XiaomengNeural	chat	+5%	1.03	100
沖田＆信長	沖田＆信長	mature_male	zh-CN-YunfengNeural	serious	-2%	0.96	100
近所の漁師	近所の漁師	mature_female	zh-CN-XiaoxiaoNeural	gentle	0%	0.96	100
獅子	獅子	mature_female	zh-CN-XiaoruiNeural	calm	-2%	0.94	100
モヒカン男達	モヒカン男達	androgynous	zh-CN-XiaomoNeural	calm	-1%	0.97	100
モヒカン男Ａ	モヒカン男Ａ	young_male	zh-CN-YunxiNeural	chat	+1%	0.99	100
モヒカン男Ｂ	モヒカン男Ｂ	young_female	zh-CN-XiaoyiNeural	cheerful	+4%	1.02	100
モヒカン男Ｃ	モヒカン男Ｃ	androgynous	zh-CN-XiaomoNeural	calm	-1%	0.97	100
沖田＆茶々	沖田＆茶々	young_male	zh-CN-YunxiNeural	chat	+1%	0.99	100
オリオンＡ	オリオンＡ	androgynous	zh-CN-YunxiaNeural	calm	+2%	0.99	100
オリオンＢ	オリオンＢ	young_male	zh-CN-YunxiaNeural	cheerful	+3%	1.00	100
オリオンＣ	オリオンＣ	mature_male	zh-CN-YunzeNeural	calm	-4%	0.94	100
ＤＯＧポリス	ＤＯＧポリス	androgynous	zh-CN-XiaomoNeural	calm	-1%	0.97	100
グガランナマークⅡ	グガランナマークⅡ	mature_female	zh-CN-XiaohanNeural	calm	0%	0.97	100
通行人	通行人	young_male	zh-CN-YunxiNeural	chat	+1%	0.99	100
Ⅱ号機量産型	Ⅱ号機量産型	androgynous	zh-CN-XiaomoNeural	calm	-1%	0.97	100
匿名のオジサン	匿名のオジサン	mature_female	zh-CN-XiaohanNeural	calm	0%	0.97	100
匿名のシェフ	匿名のシェフ	androgynous	zh-CN-XiaomoNeural	calm	-1%	0.97	100
匿名の人造人間	匿名の人造人間	mature_male	zh-CN-YunjianNeural	serious	-3%	0.95	100
匿名の物語ウーマン	匿名の物語ウーマン	young_female	zh-CN-XiaomengNeural	chat	+5%	1.03	100
豚を愛でる大魔女	豚を愛でる大魔女	mature_female	zh-CN-XiaoxiaoNeural	gentle	0%	0.96	100
遊び人	遊び人	mature_male	zh-CN-YunzeNeural	calm	-4%	0.94	100
クレオパトラの声	クレオパトラの声	young_female	zh-CN-XiaomengNeural	chat	+5%	1.03	100
シェリンガム？	シェリンガム？	young_female	zh-CN-XiaoyiNeural	cheerful	+4%	1.02	100
斥候ちびノブ	斥候ちびノブ	androgynous	zh-CN-YunxiNeural	chat	0%	0.98	100
警報	警報	young_female	zh-CN-XiaomengNeural	chat	+5%	1.03	100
信長（本人）	信長（本人）	young_female	zh-CN-XiaoxiaoNeural	cheerful	+3%	1.00	100
帝都七本槍	帝都七本槍	young_male	zh-CN-YunxiaNeural	cheerful	+3%	1.00	100
混対スタッフ	混対スタッフ	androgynous	zh-CN-XiaomoNeural	calm	-1%	0.97	100
男たち	男たち	young_male	zh-CN-YunxiNeural	chat	+1%	0.99	100
髭とローマ（太）	髭とローマ（太）	young_male	zh-CN-YunxiaNeural	cheerful	+3%	1.00	100
千歳市民の女の子	千歳市民の女の子	mature_male	zh-CN-YunfengNeural	serious	-2%	0.96	100
ハンバーグの鬼とシーフードの鬼	ハンバーグの鬼とシーフードの鬼	mature_male	zh-CN-YunfengNeural	serious	-2%	0.96	100
男の声３	男の声３	androgynous	zh-CN-XiaomoNeural	calm	-1%	0.97	100
男の声５	男の声５	androgynous	zh-CN-YunxiaNeural	calm	+2%	0.99	100
タマモーズ	タマモーズ	mature_male	zh-CN-YunjianNeural	serious	-3%	0.95	100
ゴーレム？？？	ゴーレム？？？	androgynous	zh-CN-YunxiNeural	chat	0%	0.98	100
ベガスのスタァ	ベガスのスタァ	young_male	zh-CN-YunxiaNeural	cheerful	+3%	1.00	100
インテリア	インテリア	androgynous	zh-CN-XiaomoNeural	calm	-1%	0.97	100
イリヤ（ＩＱ２）	イリヤ（ＩＱ２）	mature_male	zh-CN-YunzeNeural	calm	-4%	0.94	100
イリヤ（スローモーション）	イリヤ（スローモーション）	young_male	zh-CN-YunxiNeural	chat	+1%	0.99	100
ゲンパチ	ゲンパチ	mature_female	zh-CN-XiaoruiNeural	calm	-2%	0.94	100
ケノ	ケノ	young_male	zh-CN-YunxiNeural	chat	+1%	0.99	100
真祖の姫＆アーキタイプ：アース	真祖の姫＆アーキタイプ：アース	young_female	zh-CN-XiaohanNeural	gentle	+2%	0.99	100
マイルーム守護者	マイルーム守護者	mature_female	zh-CN-XiaoruiNeural	calm	-2%	0.94	100
トーテムポール	トーテムポール	androgynous	zh-CN-YunxiaNeural	calm	+2%	0.99	100
カルデア日報	カルデア日報	mature_male	zh-CN-YunfengNeural	serious	-2%	0.96	100
アンドロメダの声	アンドロメダの声	mature_male	zh-CN-YunzeNeural	calm	-4%	0.94	100
魔獣インヴィディア	魔獣インヴィディア	mature_female	zh-CN-XiaoruiNeural	calm	-2%	0.94	100
謎の怪物	謎の怪物	mature_female	zh-CN-XiaoxiaoNeural	gentle	0%	0.96	100
サファイア（ナレーション）	サファイア（ナレーション）	mature_female	zh-CN-XiaohanNeural	calm	0%	0.97	100
テュフォン・エフェメロス＆イプシロン	テュフォン・エフェメロス＆イプシロン	young_female	zh-CN-XiaoyiNeural	cheerful	+4%	1.02	100
リリス（隠れて待ってた）	リリス（隠れて待ってた）	young_female	zh-CN-XiaoyiNeural	cheerful	+4%	1.02	100
サメ騎士ＡＢ	サメ騎士ＡＢ	mature_female	zh-CN-XiaohanNeural	calm	0%	0.97	100
たくさん	たくさん	mature_female	zh-CN-XiaoxiaoNeural	gentle	0%	0.96	100
ギャングＡ	ギャングＡ	mature_female	zh-CN-XiaoruiNeural	calm	-2%	0.94	100
本？	本？	young_male	zh-CN-YunxiaNeural	cheerful	+3%	1.00	100
道一丸	道一丸	young_female	zh-CN-XiaomengNeural	chat	+5%	1.03	100
少し前のピンチノッブ（笑）	少し前のピンチノッブ（笑）	androgynous	zh-CN-XiaomoNeural	calm	-1%	0.97	100
人質	人質	young_female	zh-CN-XiaoyiNeural	cheerful	+4%	1.02	100
リース	リース	young_female	zh-CN-XiaomengNeural	chat	+5%	1.03	100
北条トリスタンレッド	北条トリスタンレッド	young_female	zh-CN-XiaoyiNeural	cheerful	+4%	1.02	100
怠惰な石像神	怠惰な石像神	androgynous	zh-CN-YunxiNeural	chat	0%	0.98	100
葛飾北斎（未体験者）	葛飾北斎（未体験者）	mature_female	zh-CN-XiaoxiaoNeural	gentle	0%	0.96	100
カーミラ＆刑部姫＆風魔小太郎	カーミラ＆刑部姫＆風魔小太郎	young_female	zh-CN-XiaohanNeural	gentle	+2%	0.99	100
どこかで戦った気がする海賊	どこかで戦った気がする海賊	young_male	zh-CN-YunxiNeural	chat	+1%	0.99	100
いつか相棒だった気がする海賊	いつか相棒だった気がする海賊	mature_male	zh-CN-YunjianNeural	serious	-3%	0.95	100
オロチのお竜	オロチのお竜	androgynous	zh-CN-XiaomoNeural	calm	-1%	0.97	100
パイロン坂本	パイロン坂本	mature_male	zh-CN-YunjianNeural	serious	-3%	0.95	100
チャチャ	チャチャ	mature_male	zh-CN-YunzeNeural	calm	-4%	0.94	100
屋台の店員	屋台の店員	mature_male	zh-CN-YunfengNeural	serious	-2%	0.96	100
金時＆小太郎＆玉藻＆ジークフリート＆マシュ	金時＆小太郎＆玉藻＆ジークフリート＆マシュ	young_female	zh-CN-XiaomengNeural	chat	+5%	1.03	100
客Ｄ	客Ｄ	mature_male	zh-CN-YunjianNeural	serious	-3%	0.95	100
やわらかいチンピラ	やわらかいチンピラ	androgynous	zh-CN-YunxiaNeural	calm	+2%	0.99	100
水着怪盗＆水着姫	水着怪盗＆水着姫	young_male	zh-CN-YunxiNeural	chat	+1%	0.99	100
女性客Ｄ	女性客Ｄ	mature_female	zh-CN-XiaoruiNeural	calm	-2%	0.94	100
女性客たち	女性客たち	young_female	zh-CN-XiaohanNeural	gentle	+2%	0.99	100
女性客Ｇ	女性客Ｇ	young_female	zh-CN-XiaoxiaoNeural	cheerful	+3%	1.00	100
水着新選組監察の清姫	水着新選組監察の清姫	young_male	zh-CN-YunxiaNeural	cheerful	+3%	1.00	100
水着新選組叛逆モーさん	水着新選組叛逆モーさん	young_female	zh-CN-XiaomengNeural	chat	+5%	1.03	100
水着新選組海賊メアリー	水着新選組海賊メアリー	androgynous	zh-CN-XiaomoNeural	calm	-1%	0.97	100
水着新選組セレブマリーさん	水着新選組セレブマリーさん	young_male	zh-CN-YunxiNeural	chat	+1%	0.99	100
以蔵＆ハイド	以蔵＆ハイド	androgynous	zh-CN-XiaomoNeural	calm	-1%	0.97	100
元水着新選組一番隊隊長	元水着新選組一番隊隊長	young_male	zh-CN-YunxiaNeural	cheerful	+3%	1.00	100
紳士Ｃ	紳士Ｃ	mature_female	zh-CN-XiaoruiNeural	calm	-2%	0.94	100
Ｓイシュタル＆ジェーン＆Ｘ	Ｓイシュタル＆ジェーン＆Ｘ	young_female	zh-CN-XiaoyiNeural	cheerful	+4%	1.02	100
盗賊Ａ	盗賊Ａ	young_male	zh-CN-YunxiaNeural	cheerful	+3%	1.00	100
盗賊Ｂ	盗賊Ｂ	androgynous	zh-CN-XiaomoNeural	calm	-1%	0.97	100
盗賊達	盗賊達	androgynous	zh-CN-XiaomoNeural	calm	-1%	0.97	100
手下Ａ	手下Ａ	androgynous	zh-CN-YunxiNeural	chat	0%	0.98	100
仕事中の女将	仕事中の女将	mature_female	zh-CN-XiaoruiNeural	calm	-2%	0.94	100
どう見ても亀	どう見ても亀	mature_female	zh-CN-XiaoxiaoNeural	gentle	0%	0.96	100
すごい女の子	すごい女の子	androgynous	zh-CN-YunxiaNeural	calm	+2%	0.99	100
若干卑屈っぽい埴輪	若干卑屈っぽい埴輪	mature_male	zh-CN-YunfengNeural	serious	-2%	0.96	100
お人好しっぽい埴輪	お人好しっぽい埴輪	young_male	zh-CN-YunxiNeural	chat	+1%	0.99	100
卑屈そうな埴輪	卑屈そうな埴輪	mature_female	zh-CN-XiaohanNeural	calm	0%	0.97	100
邪馬台国の民	邪馬台国の民	mature_male	zh-CN-YunzeNeural	calm	-4%	0.94	100
イリヤ（遊んでいる）	イリヤ（遊んでいる）	androgynous	zh-CN-XiaomoNeural	calm	-1%	0.97	100
バイオチキン	バイオチキン	mature_male	zh-CN-YunjianNeural	serious	-3%	0.95	100
清姫（興味なし）	清姫（興味なし）	mature_male	zh-CN-YunfengNeural	serious	-2%	0.96	100
警告	警告	androgynous	zh-CN-YunxiNeural	chat	0%	0.98	100
平景清？	平景清？	mature_male	zh-CN-YunzeNeural	calm	-4%	0.94	100
ねろボーイズ	ねろボーイズ	mature_female	zh-CN-XiaohanNeural	calm	0%	0.97	100
客たち	客たち	young_male	zh-CN-YunxiaNeural	cheerful	+3%	1.00	100
モリアーティ（自称）	モリアーティ（自称）	androgynous	zh-CN-XiaomoNeural	calm	-1%	0.97	100
音怨ベース・ミザリー	音怨ベース・ミザリー	young_female	zh-CN-XiaomengNeural	chat	+5%	1.03	100
音怨ドラム・サッドネス	音怨ドラム・サッドネス	androgynous	zh-CN-YunxiaNeural	calm	+2%	0.99	100
通りすがりの野次馬	通りすがりの野次馬	androgynous	zh-CN-YunxiNeural	chat	0%	0.98	100
ファンＣ	ファンＣ	young_male	zh-CN-YunxiNeural	chat	+1%	0.99	100
海賊ＡＢＣ	海賊ＡＢＣ	mature_male	zh-CN-YunfengNeural	serious	-2%	0.96	100
融合音怨	融合音怨	androgynous	zh-CN-XiaomoNeural	calm	-1%	0.97	100
マハトマ騎士団（警備スタッフ）	マハトマ騎士団（警備スタッフ）	mature_male	zh-CN-YunzeNeural	calm	-4%	0.94	100
アキレウス（話を聞いていない）	アキレウス（話を聞いていない）	androgynous	zh-CN-XiaomoNeural	calm	-1%	0.97	100
ビリー＆ジェーン	ビリー＆ジェーン	young_male	zh-CN-YunxiaNeural	cheerful	+3%	1.00	100
群れ集う贄（酒呑童子ファン）	群れ集う贄（酒呑童子ファン）	mature_male	zh-CN-YunjianNeural	serious	-3%	0.95	100
コロンブス（？）×３	コロンブス（？）×３	mature_male	zh-CN-YunjianNeural	serious	-3%	0.95	100
アナスタシア（牛タン美味しい）	アナスタシア（牛タン美味しい）	mature_female	zh-CN-XiaoxiaoNeural	gentle	0%	0.96	100
量産型コロンブス×１００	量産型コロンブス×１００	young_male	zh-CN-YunxiaNeural	cheerful	+3%	1.00	100
海賊ｓ	海賊ｓ	young_female	zh-CN-XiaoyiNeural	cheerful	+4%	1.02	100
巨大怪獣	巨大怪獣	androgynous	zh-CN-XiaomoNeural	calm	-1%	0.97	100
清少納言＆黒髭	清少納言＆黒髭	androgynous	zh-CN-YunxiNeural	chat	0%	0.98	100
アキレウス（ボンクラＣ）	アキレウス（ボンクラＣ）	mature_female	zh-CN-XiaoruiNeural	calm	-2%	0.94	100
可憐なるエリザベート	可憐なるエリザベート	androgynous	zh-CN-XiaomoNeural	calm	-1%	0.97	100
テレビ放送	テレビ放送	mature_male	zh-CN-YunzeNeural	calm	-4%	0.94	100
エリザベート（城主）	エリザベート（城主）	androgynous	zh-CN-YunxiNeural	chat	0%	0.98	100
王の軍勢	王の軍勢	young_female	zh-CN-XiaomengNeural	chat	+5%	1.03	100
住民ＡＢＣ	住民ＡＢＣ	young_male	zh-CN-YunxiaNeural	cheerful	+3%	1.00	100
町の住民Ａ	町の住民Ａ	mature_male	zh-CN-YunfengNeural	serious	-2%	0.96	100
町の住民Ｂ	町の住民Ｂ	mature_male	zh-CN-YunzeNeural	calm	-4%	0.94	100
マルタ調査官	マルタ調査官	young_male	zh-CN-YunxiaNeural	cheerful	+3%	1.00	100
ラムダ＆エレシュキガル	ラムダ＆エレシュキガル	mature_female	zh-CN-XiaohanNeural	calm	0%	0.97	100
ルサールカ	ルサールカ	mature_male	zh-CN-YunfengNeural	serious	-2%	0.96	100
被害者たち	被害者たち	androgynous	zh-CN-XiaomoNeural	calm	-1%	0.97	100
港の女	港の女	young_female	zh-CN-XiaoyiNeural	cheerful	+4%	1.02	100
ペルセウス	ペルセウス	young_male	zh-CN-YunxiNeural	chat	+1%	0.99	100
王妃	王妃	young_male	zh-CN-YunxiNeural	chat	+1%	0.99	100
処刑人	処刑人	young_female	zh-CN-XiaomengNeural	chat	+5%	1.03	100
列車強盗・客分	列車強盗・客分	young_female	zh-CN-XiaoxiaoNeural	cheerful	+3%	1.00	100
モブＢ？	モブＢ？	mature_male	zh-CN-YunjianNeural	serious	-3%	0.95	100
モブＣ？	モブＣ？	young_male	zh-CN-YunxiaNeural	cheerful	+3%	1.00	100
モブＨ？	モブＨ？	mature_male	zh-CN-YunfengNeural	serious	-2%	0.96	100
ヘシアン（一部実体化中）	ヘシアン（一部実体化中）	young_female	zh-CN-XiaoyiNeural	cheerful	+4%	1.02	100
ドウセツ＆コブンゴ	ドウセツ＆コブンゴ	young_female	zh-CN-XiaoxiaoNeural	cheerful	+3%	1.00	100
オリオン（ヘラクレス？）	オリオン（ヘラクレス？）	mature_female	zh-CN-XiaoruiNeural	calm	-2%	0.94	100
曲亭馬琴＆源為朝	曲亭馬琴＆源為朝	mature_female	zh-CN-XiaohanNeural	calm	0%	0.97	100
エリっさ	エリっさ	androgynous	zh-CN-XiaomoNeural	calm	-1%	0.97	100
シンシンさん	シンシンさん	young_male	zh-CN-YunxiNeural	chat	+1%	0.99	100
酷吏Ａ	酷吏Ａ	young_female	zh-CN-XiaoyiNeural	cheerful	+4%	1.02	100
氷の魚の群れ	氷の魚の群れ	young_male	zh-CN-YunxiaNeural	cheerful	+3%	1.00	100
超駒姫	超駒姫	young_female	zh-CN-XiaomengNeural	chat	+5%	1.03	100
悪魔	悪魔	androgynous	zh-CN-XiaomoNeural	calm	-1%	0.97	100
カリギュラ？	カリギュラ？	mature_male	zh-CN-YunzeNeural	calm	-4%	0.94	100
レオニダス一世？	レオニダス一世？	mature_male	zh-CN-YunjianNeural	serious	-3%	0.95	100
ヴラド三世？	ヴラド三世？	young_male	zh-CN-YunxiaNeural	cheerful	+3%	1.00	100
デオン？	デオン？	young_female	zh-CN-XiaomengNeural	chat	+5%	1.03	100
アマデウス？	アマデウス？	androgynous	zh-CN-XiaomoNeural	calm	-1%	0.97	100
おかあさん	おかあさん	mature_male	zh-CN-YunfengNeural	serious	-2%	0.96	100
ナイチンゲール？	ナイチンゲール？	mature_female	zh-CN-XiaoruiNeural	calm	-2%	0.94	100
アルジュナ？	アルジュナ？	young_female	zh-CN-XiaohanNeural	gentle	+2%	0.99	100
妖怪・夢追い歯茎	妖怪・夢追い歯茎	mature_female	zh-CN-XiaoruiNeural	calm	-2%	0.94	100
イマジナリーキルケー	イマジナリーキルケー	androgynous	zh-CN-YunxiNeural	chat	0%	0.98	100
影の騎士たち	影の騎士たち	young_female	zh-CN-XiaoyiNeural	cheerful	+4%	1.02	100
■■■■	■■■■	young_male	zh-CN-YunxiNeural	chat	+1%	0.99	100
Ｍ・Ｃ・Ｂたち	Ｍ・Ｃ・Ｂたち	mature_male	zh-CN-YunzeNeural	calm	-4%	0.94	100
代表一同	代表一同	mature_male	zh-CN-YunjianNeural	serious	-3%	0.95	100
住人たち	住人たち	mature_male	zh-CN-YunzeNeural	calm	-4%	0.94	100
浴槽にぷかぷか浮かぶ謎の生物	浴槽にぷかぷか浮かぶ謎の生物	mature_female	zh-CN-XiaoxiaoNeural	gentle	0%	0.96	100
カンガルーたち	カンガルーたち	young_female	zh-CN-XiaomengNeural	chat	+5%	1.03	100
信者Ａ	信者Ａ	young_male	zh-CN-YunxiaNeural	cheerful	+3%	1.00	100
イリヤスフィール・テスタメント	イリヤスフィール・テスタメント	young_female	zh-CN-XiaoyiNeural	cheerful	+4%	1.02	100
アルくん	アルくん	young_female	zh-CN-XiaoxiaoNeural	cheerful	+3%	1.00	100
アイスキャンディー屋さん	アイスキャンディー屋さん	young_female	zh-CN-XiaohanNeural	gentle	+2%	0.99	100
妖精騎士バーゲスト	妖精騎士バーゲスト	androgynous	zh-CN-XiaomoNeural	calm	-1%	0.97	100
カーマ（左）	カーマ（左）	young_male	zh-CN-YunxiaNeural	cheerful	+3%	1.00	100
カーマ（真ん中）	カーマ（真ん中）	androgynous	zh-CN-XiaomoNeural	calm	-1%	0.97	100
邪霊たち	邪霊たち	young_male	zh-CN-YunxiNeural	chat	+1%	0.99	100
岐秀元伯	岐秀元伯	young_female	zh-CN-XiaoxiaoNeural	cheerful	+3%	1.00	100
現地人？	現地人？	mature_female	zh-CN-XiaoruiNeural	calm	-2%	0.94	100
ＡＤ	ＡＤ	young_male	zh-CN-YunxiNeural	chat	+1%	0.99	100
ワニ兵士たち	ワニ兵士たち	mature_female	zh-CN-XiaohanNeural	calm	0%	0.97	100
外国人Ａ	外国人Ａ	androgynous	zh-CN-XiaomoNeural	calm	-1%	0.97	100
謎のスマートフォン	謎のスマートフォン	mature_female	zh-CN-XiaoruiNeural	calm	-2%	0.94	100
モアイ兵士	モアイ兵士	androgynous	zh-CN-YunxiaNeural	calm	+2%	0.99	100
シリウス＆桂木千鍵	シリウス＆桂木千鍵	mature_female	zh-CN-XiaoxiaoNeural	gentle	0%	0.96	100
マシュ＆エレシュキガル	マシュ＆エレシュキガル	young_male	zh-CN-YunxiaNeural	cheerful	+3%	1.00	100
スポーツジムの二人	スポーツジムの二人	mature_male	zh-CN-YunfengNeural	serious	-2%	0.96	100
ビーチの管理人	ビーチの管理人	young_female	zh-CN-XiaoyiNeural	cheerful	+4%	1.02	100
書店員	書店員	mature_female	zh-CN-XiaohanNeural	calm	0%	0.97	100
トレーナーのお姉さん	トレーナーのお姉さん	young_male	zh-CN-YunxiNeural	chat	+1%	0.99	100
某メソポタミアの女神	某メソポタミアの女神	mature_female	zh-CN-XiaoruiNeural	calm	-2%	0.94	100
ツタンカーメン＆ゴッホ	ツタンカーメン＆ゴッホ	young_male	zh-CN-YunxiaNeural	cheerful	+3%	1.00	100
光＆闇のコヤンスカヤ	光＆闇のコヤンスカヤ	androgynous	zh-CN-XiaomoNeural	calm	-1%	0.97	100
ジーク＆ククルカン	ジーク＆ククルカン	mature_female	zh-CN-XiaoruiNeural	calm	-2%	0.94	100
エリザベートたち	エリザベートたち	androgynous	zh-CN-YunxiNeural	chat	0%	0.98	100
深草少将	深草少将	young_female	zh-CN-XiaomengNeural	chat	+5%	1.03	100
イフリータ（？）	イフリータ（？）	mature_male	zh-CN-YunjianNeural	serious	-3%	0.95	100
親族Ａ	親族Ａ	mature_female	zh-CN-XiaoxiaoNeural	gentle	0%	0.96	100
親族Ｂ	親族Ｂ	androgynous	zh-CN-XiaomoNeural	calm	-1%	0.97	100
不思議な声	不思議な声	mature_female	zh-CN-XiaohanNeural	calm	0%	0.97	100
ヴァジュラたち	ヴァジュラたち	androgynous	zh-CN-YunxiaNeural	calm	+2%	0.99	100
ミカ騎士	ミカ騎士	androgynous	zh-CN-XiaomoNeural	calm	-1%	0.97	100
最後尾だった男	最後尾だった男	androgynous	zh-CN-YunxiNeural	chat	0%	0.98	100
謎の童女	謎の童女	androgynous	zh-CN-XiaomoNeural	calm	-1%	0.97	100
客（昼休憩中）	客（昼休憩中）	mature_female	zh-CN-XiaoruiNeural	calm	-2%	0.94	100
かつて最後尾だった男	かつて最後尾だった男	mature_female	zh-CN-XiaoxiaoNeural	gentle	0%	0.96	100
マガツ煉獄ソード	マガツ煉獄ソード	mature_male	zh-CN-YunfengNeural	serious	-2%	0.96	100
マガツ書文ノカミ	マガツ書文ノカミ	young_female	zh-CN-XiaoyiNeural	cheerful	+4%	1.02	100
マガツ魔さんノカミ	マガツ魔さんノカミ	mature_male	zh-CN-YunjianNeural	serious	-3%	0.95	100
マガツ駒姫ノカミ	マガツ駒姫ノカミ	young_male	zh-CN-YunxiNeural	chat	+1%	0.99	100
マガツ信玄ノカミ	マガツ信玄ノカミ	young_male	zh-CN-YunxiaNeural	cheerful	+3%	1.00	100
マガツオカダ四天王	マガツオカダ四天王	young_female	zh-CN-XiaomengNeural	chat	+5%	1.03	100
古代火星人Ｃ	古代火星人Ｃ	young_male	zh-CN-YunxiaNeural	cheerful	+3%	1.00	100
ヘクトール？	ヘクトール？	young_male	zh-CN-YunxiNeural	chat	+1%	0.99	100
犬	犬	mature_female	zh-CN-XiaohanNeural	calm	0%	0.97	100
エリザベートたち（？）	エリザベートたち（？）	mature_female	zh-CN-XiaoruiNeural	calm	-2%	0.94	100
ダークお母さんチョコ	ダークお母さんチョコ	young_female	zh-CN-XiaomengNeural	chat	+5%	1.03	100
レオン＆アラン＆ロベール	レオン＆アラン＆ロベール	young_female	zh-CN-XiaoyiNeural	cheerful	+4%	1.02	100
城の衛兵	城の衛兵	mature_male	zh-CN-YunzeNeural	calm	-4%	0.94	100
ダ・ヴィンチじゃなさそう	ダ・ヴィンチじゃなさそう	mature_female	zh-CN-XiaohanNeural	calm	0%	0.97	100
不愉快な笑顔の少年少女	不愉快な笑顔の少年少女	androgynous	zh-CN-XiaomoNeural	calm	-1%	0.97	100
おとなしい業者	おとなしい業者	androgynous	zh-CN-XiaomoNeural	calm	-1%	0.97	100
謎のア、クマ？	謎のア、クマ？	young_male	zh-CN-YunxiaNeural	cheerful	+3%	1.00	100
軍勢	軍勢	young_female	zh-CN-XiaoyiNeural	cheerful	+4%	1.02	100
ペンテシレイア＆ヒッポリュテ	ペンテシレイア＆ヒッポリュテ	mature_female	zh-CN-XiaoxiaoNeural	gentle	0%	0.96	100
ドレッドノートたち	ドレッドノートたち	androgynous	zh-CN-YunxiNeural	chat	0%	0.98	100
フランソワの声	フランソワの声	mature_female	zh-CN-XiaohanNeural	calm	0%	0.97	100
グレイ＆ペルセポネ	グレイ＆ペルセポネ	androgynous	zh-CN-XiaomoNeural	calm	-1%	0.97	100
ギャンブラー	ギャンブラー	young_female	zh-CN-XiaomengNeural	chat	+5%	1.03	100
ヤクザ	ヤクザ	young_female	zh-CN-XiaoyiNeural	cheerful	+4%	1.02	100
ジャガーの戦士	ジャガーの戦士	young_male	zh-CN-YunxiaNeural	cheerful	+3%	1.00	100
呪腕のハサン？	呪腕のハサン？	young_male	zh-CN-YunxiNeural	chat	+1%	0.99	100
刑吏	刑吏	young_female	zh-CN-XiaomengNeural	chat	+5%	1.03	100
ネモ？Ａ	ネモ？Ａ	young_male	zh-CN-YunxiaNeural	cheerful	+3%	1.00	100
ネモ？Ｂ	ネモ？Ｂ	young_male	zh-CN-YunxiNeural	chat	+1%	0.99	100
ネモ？Ｃ	ネモ？Ｃ	mature_female	zh-CN-XiaoruiNeural	calm	-2%	0.94	100
ガウェインの兵士・Ｂ	ガウェインの兵士・Ｂ	mature_female	zh-CN-XiaoxiaoNeural	gentle	0%	0.96	100
ウェールズの妖精Ａ	ウェールズの妖精Ａ	young_male	zh-CN-YunxiNeural	chat	+1%	0.99	100
ウェールズの妖精Ｂ	ウェールズの妖精Ｂ	mature_female	zh-CN-XiaohanNeural	calm	0%	0.97	100
反乱軍の兵士Ｂ	反乱軍の兵士Ｂ	mature_female	zh-CN-XiaoxiaoNeural	gentle	0%	0.96	100
デイノニクス11兄弟たち	デイノニクス11兄弟たち	mature_male	zh-CN-YunfengNeural	serious	-2%	0.96	100
ゴルドルフ＆ムニエル	ゴルドルフ＆ムニエル	young_female	zh-CN-XiaoyiNeural	cheerful	+4%	1.02	100
女子生徒たち	女子生徒たち	young_male	zh-CN-YunxiaNeural	cheerful	+3%	1.00	100
スタルジオ＆セリエナ	スタルジオ＆セリエナ	young_male	zh-CN-YunxiaNeural	cheerful	+3%	1.00	100
カエサリオンの声	カエサリオンの声	mature_female	zh-CN-XiaoruiNeural	calm	-2%	0.94	100
男Ｃ	男Ｃ	androgynous	zh-CN-XiaomoNeural	calm	-1%	0.97	100
謎の怪異	謎の怪異	mature_male	zh-CN-YunzeNeural	calm	-4%	0.94	100
まじんさん	まじんさん	young_male	zh-CN-YunxiNeural	chat	+1%	0.99	100
魔性の獣	魔性の獣	young_female	zh-CN-XiaomengNeural	chat	+5%	1.03	100
幸運Ａ	幸運Ａ	young_female	zh-CN-XiaomengNeural	chat	+5%	1.03	100
子供Ｃ	子供Ｃ	young_male	zh-CN-YunxiNeural	chat	+1%	0.99	100
愉快なキャスター	愉快なキャスター	androgynous	zh-CN-XiaomoNeural	calm	-1%	0.97	100
ＳＯＳ号	ＳＯＳ号	androgynous	zh-CN-XiaomoNeural	calm	-1%	0.97	100
魔人チェーンソーガール	魔人チェーンソーガール	mature_male	zh-CN-YunjianNeural	serious	-3%	0.95	100
ドッジボールマシーン２号	ドッジボールマシーン２号	mature_female	zh-CN-XiaoxiaoNeural	gentle	0%	0.96	100
イワブネ	イワブネ	mature_female	zh-CN-XiaoruiNeural	calm	-2%	0.94	100
コエンちゃん	コエンちゃん	young_male	zh-CN-YunxiaNeural	cheerful	+3%	1.00	100
お客様たち	お客様たち	young_female	zh-CN-XiaoyiNeural	cheerful	+4%	1.02	100
ドレイク＆海賊	ドレイク＆海賊	androgynous	zh-CN-XiaomoNeural	calm	-1%	0.97	100
メアリー＆アン	メアリー＆アン	mature_female	zh-CN-XiaohanNeural	calm	0%	0.97	100
魔本	魔本	mature_male	zh-CN-YunzeNeural	calm	-4%	0.94	100
アンデルセン＆シェイクスピア	アンデルセン＆シェイクスピア	mature_male	zh-CN-YunfengNeural	serious	-2%	0.96	100
ケルト戦士	ケルト戦士	young_female	zh-CN-XiaomengNeural	chat	+5%	1.03	100
密偵	密偵	mature_female	zh-CN-XiaohanNeural	calm	0%	0.97	100
ケルト兵士	ケルト兵士	androgynous	zh-CN-XiaomoNeural	calm	-1%	0.97	100
商人たち	商人たち	mature_female	zh-CN-XiaoruiNeural	calm	-2%	0.94	100
巨像たち	巨像たち	mature_male	zh-CN-YunjianNeural	serious	-3%	0.95	100
ウガル	ウガル	young_female	zh-CN-XiaoyiNeural	cheerful	+4%	1.02	100
ラフムＡ	ラフムＡ	young_male	zh-CN-YunxiaNeural	cheerful	+3%	1.00	100
ラフムＢ	ラフムＢ	androgynous	zh-CN-YunxiNeural	chat	0%	0.98	100
ラフムＣ	ラフムＣ	androgynous	zh-CN-YunxiaNeural	calm	+2%	0.99	100
研究員Ｃ	研究員Ｃ	mature_female	zh-CN-XiaoxiaoNeural	gentle	0%	0.96	100
r.ロマン＆ケツァル・コアトル	Dr.ロマン＆ケツァル・コアトル	young_male	zh-CN-YunxiNeural	chat	+1%	0.99	100
ブケファラス	ブケファラス	mature_male	zh-CN-YunzeNeural	calm	-4%	0.94	100
荊軻＆カエサル＆カリギュラ＆呂布	荊軻＆カエサル＆カリギュラ＆呂布	young_female	zh-CN-XiaoyiNeural	cheerful	+4%	1.02	100
シェイクスピア＆アンデルセン	シェイクスピア＆アンデルセン	young_female	zh-CN-XiaomengNeural	chat	+5%	1.03	100
銀騎士	銀騎士	androgynous	zh-CN-XiaomoNeural	calm	-1%	0.97	100
黒服	黒服	young_male	zh-CN-YunxiNeural	chat	+1%	0.99	100
セレブＣ	セレブＣ	mature_female	zh-CN-XiaoxiaoNeural	gentle	0%	0.96	100
男達	男達	androgynous	zh-CN-XiaomoNeural	calm	-1%	0.97	100
ダーツの的	ダーツの的	young_female	zh-CN-XiaoyiNeural	cheerful	+4%	1.02	100
女Ｂ	女Ｂ	mature_female	zh-CN-XiaohanNeural	calm	0%	0.97	100
女Ｃ	女Ｃ	mature_male	zh-CN-YunfengNeural	serious	-2%	0.96	100
女Ｄ	女Ｄ	mature_male	zh-CN-YunjianNeural	serious	-3%	0.95	100
怪我した男	怪我した男	androgynous	zh-CN-YunxiaNeural	calm	+2%	0.99	100
アマゾネスの声	アマゾネスの声	mature_male	zh-CN-YunzeNeural	calm	-4%	0.94	100
レジスタンス男Ｆ	レジスタンス男Ｆ	mature_male	zh-CN-YunjianNeural	serious	-3%	0.95	100
精悍な青年の声	精悍な青年の声	young_female	zh-CN-XiaomengNeural	chat	+5%	1.03	100
影の如き女	影の如き女	androgynous	zh-CN-YunxiNeural	chat	0%	0.98	100
太刀を携えた女	太刀を携えた女	mature_male	zh-CN-YunfengNeural	serious	-2%	0.96	100
艶やかな少女	艶やかな少女	mature_female	zh-CN-XiaoruiNeural	calm	-2%	0.94	100
インフェルノ	インフェルノ	mature_female	zh-CN-XiaoxiaoNeural	gentle	0%	0.96	100
大陸の虎	大陸の虎	mature_female	zh-CN-XiaohanNeural	calm	0%	0.97	100
黒縄地獄＆衆合地獄	黒縄地獄＆衆合地獄	androgynous	zh-CN-XiaomoNeural	calm	-1%	0.97	100
おぬいの声	おぬいの声	young_female	zh-CN-XiaomengNeural	chat	+5%	1.03	100
獣たち	獣たち	young_female	zh-CN-XiaoyiNeural	cheerful	+4%	1.02	100
怪物？	怪物？	mature_male	zh-CN-YunzeNeural	calm	-4%	0.94	100
食屍鬼	食屍鬼	mature_male	zh-CN-YunjianNeural	serious	-3%	0.95	100
村の子供たち	村の子供たち	androgynous	zh-CN-YunxiaNeural	calm	+2%	0.99	100
ロビンフッド＆キルケー	ロビンフッド＆キルケー	androgynous	zh-CN-YunxiaNeural	calm	+2%	0.99	100
見張り役水夫	見張り役水夫	androgynous	zh-CN-YunxiNeural	chat	0%	0.98	100
水夫Ａ	水夫Ａ	young_male	zh-CN-YunxiNeural	chat	+1%	0.99	100
水夫Ｂ	水夫Ｂ	young_female	zh-CN-XiaomengNeural	chat	+5%	1.03	100
マタ・ハリ＆マシュ	マタ・ハリ＆マシュ	young_female	zh-CN-XiaoxiaoNeural	cheerful	+3%	1.00	100
警官Ａ	警官Ａ	mature_male	zh-CN-YunfengNeural	serious	-2%	0.96	100
警官Ｂ	警官Ｂ	mature_male	zh-CN-YunjianNeural	serious	-3%	0.95	100
神兵たち	神兵たち	young_male	zh-CN-YunxiaNeural	cheerful	+3%	1.00	100
哪吒＆ロビンフッド	哪吒＆ロビンフッド	androgynous	zh-CN-XiaomoNeural	calm	-1%	0.97	100
殺戮猟兵	殺戮猟兵	young_male	zh-CN-YunxiaNeural	cheerful	+3%	1.00	100
猫	猫	mature_male	zh-CN-YunzeNeural	calm	-4%	0.94	100
老ジャイルズ《食屍鬼》	老ジャイルズ《食屍鬼》	young_male	zh-CN-YunxiNeural	chat	+1%	0.99	100
ピックマン夫人《食屍鬼》	ピックマン夫人《食屍鬼》	mature_female	zh-CN-XiaoruiNeural	calm	-2%	0.94	100
オズボーン《食屍鬼》	オズボーン《食屍鬼》	mature_male	zh-CN-YunfengNeural	serious	-2%	0.96	100
カルデアスタッフたち	カルデアスタッフたち	mature_male	zh-CN-YunfengNeural	serious	-2%	0.96	100
武蔵＆ビリー	武蔵＆ビリー	mature_female	zh-CN-XiaohanNeural	calm	0%	0.97	100
武蔵＆ベオウルフ	武蔵＆ベオウルフ	mature_female	zh-CN-XiaoruiNeural	calm	-2%	0.94	100
子供の声	子供の声	young_male	zh-CN-YunxiNeural	chat	+1%	0.99	100
クリチャーチ	クリチャーチ	androgynous	zh-CN-XiaomoNeural	calm	-1%	0.97	100
マシュ＆ムニエル	マシュ＆ムニエル	young_female	zh-CN-XiaoyiNeural	cheerful	+4%	1.02	100
農夫Ａ、農婦Ａ、少年	農夫Ａ、農婦Ａ、少年	androgynous	zh-CN-XiaomoNeural	calm	-1%	0.97	100
少女＆犬	少女＆犬	young_male	zh-CN-YunxiaNeural	cheerful	+3%	1.00	100
ネモ？たち	ネモ？たち	mature_male	zh-CN-YunzeNeural	calm	-4%	0.94	100
ネモ？Ｅ	ネモ？Ｅ	mature_female	zh-CN-XiaohanNeural	calm	0%	0.97	100
マシュ＆マンドリカルド	マシュ＆マンドリカルド	young_female	zh-CN-XiaomengNeural	chat	+5%	1.03	100
Ｍ＆Ｍ	Ｍ＆Ｍ	mature_female	zh-CN-XiaoxiaoNeural	gentle	0%	0.96	100
ネモｓ	ネモｓ	androgynous	zh-CN-XiaomoNeural	calm	-1%	0.97	100
ネモ・マリーンＡ群	ネモ・マリーンＡ群	mature_female	zh-CN-XiaoruiNeural	calm	-2%	0.94	100
ネモ・マリーンＢ群	ネモ・マリーンＢ群	young_female	zh-CN-XiaoyiNeural	cheerful	+4%	1.02	100
ピュグマリオン式迎撃兵装	ピュグマリオン式迎撃兵装	androgynous	zh-CN-YunxiNeural	chat	0%	0.98	100
ゴルドルフ＆イアソン	ゴルドルフ＆イアソン	mature_female	zh-CN-XiaoruiNeural	calm	-2%	0.94	100
オリュンポス正規兵たち	オリュンポス正規兵たち	mature_female	zh-CN-XiaoxiaoNeural	gentle	0%	0.96	100
橋の途中でうずくまった子供	橋の途中でうずくまった子供	young_male	zh-CN-YunxiaNeural	cheerful	+3%	1.00	100
帽子の男	帽子の男	mature_female	zh-CN-XiaohanNeural	calm	0%	0.97	100
気味の悪い何か	気味の悪い何か	androgynous	zh-CN-XiaomoNeural	calm	-1%	0.97	100
剣士と戦士	剣士と戦士	young_male	zh-CN-YunxiNeural	chat	+1%	0.99	100
御者	御者	androgynous	zh-CN-XiaomoNeural	calm	-1%	0.97	100
舎人の精鋭たち	舎人の精鋭たち	androgynous	zh-CN-YunxiaNeural	calm	+2%	0.99	100
両雄	両雄	androgynous	zh-CN-YunxiaNeural	calm	+2%	0.99	100
武者	武者	mature_male	zh-CN-YunjianNeural	serious	-3%	0.95	100
ダ・ヴィンチ＆マシュ	ダ・ヴィンチ＆マシュ	young_male	zh-CN-YunxiNeural	chat	+1%	0.99	100
入り口からの声	入り口からの声	young_male	zh-CN-YunxiNeural	chat	+1%	0.99	100
人間の衛士たち	人間の衛士たち	mature_female	zh-CN-XiaoruiNeural	calm	-2%	0.94	100
上からの声	上からの声	androgynous	zh-CN-XiaomoNeural	calm	-1%	0.97	100
妖精たち＆ワグ	妖精たち＆ワグ	young_female	zh-CN-XiaomengNeural	chat	+5%	1.03	100
妖精たちと騒ぐワグ	妖精たちと騒ぐワグ	mature_female	zh-CN-XiaoxiaoNeural	gentle	0%	0.96	100
玉座の衛士	玉座の衛士	mature_male	zh-CN-YunfengNeural	serious	-2%	0.96	100
縛られたモルガン兵	縛られたモルガン兵	mature_female	zh-CN-XiaohanNeural	calm	0%	0.97	100
アルトリア＆ガレス	アルトリア＆ガレス	mature_female	zh-CN-XiaoruiNeural	calm	-2%	0.94	100
大使たち	大使たち	mature_female	zh-CN-XiaohanNeural	calm	0%	0.97	100
予言の子？	予言の子？	young_male	zh-CN-YunxiaNeural	cheerful	+3%	1.00	100
アルトリア＆妖精騎士トリスタン	アルトリア＆妖精騎士トリスタン	mature_female	zh-CN-XiaoxiaoNeural	gentle	0%	0.96	100
謎の兵士たち	謎の兵士たち	young_female	zh-CN-XiaoyiNeural	cheerful	+4%	1.02	100
靴屋の妖精	靴屋の妖精	mature_female	zh-CN-XiaohanNeural	calm	0%	0.97	100
ウッドワス軍・士官	ウッドワス軍・士官	androgynous	zh-CN-XiaomoNeural	calm	-1%	0.97	100
チョコ畑のモース	チョコ畑のモース	mature_male	zh-CN-YunzeNeural	calm	-4%	0.94	100
人間の大工	人間の大工	young_male	zh-CN-YunxiaNeural	cheerful	+3%	1.00	100
訓練中の兵士	訓練中の兵士	young_male	zh-CN-YunxiNeural	chat	+1%	0.99	100
パリピ妖精	パリピ妖精	androgynous	zh-CN-XiaomoNeural	calm	-1%	0.97	100
少年少女	少年少女	mature_female	zh-CN-XiaoruiNeural	calm	-2%	0.94	100
氏族の兵士たち	氏族の兵士たち	mature_male	zh-CN-YunjianNeural	serious	-3%	0.95	100
イマジナリーフォウくん	イマジナリーフォウくん	young_male	zh-CN-YunxiNeural	chat	+1%	0.99	100
作られるべきではなかった	作られるべきではなかった	mature_male	zh-CN-YunjianNeural	serious	-3%	0.95	100
うま	うま	androgynous	zh-CN-YunxiaNeural	calm	+2%	0.99	100
騎士Ｂ	騎士Ｂ	androgynous	zh-CN-XiaomoNeural	calm	-1%	0.97	100
騎士たちの話	騎士たちの話	mature_female	zh-CN-XiaoxiaoNeural	gentle	0%	0.96	100
見張りの妖精たち	見張りの妖精たち	young_female	zh-CN-XiaoyiNeural	cheerful	+4%	1.02	100
妖精たちの声	妖精たちの声	androgynous	zh-CN-XiaomoNeural	calm	-1%	0.97	100
若い牙の氏族Ａ	若い牙の氏族Ａ	androgynous	zh-CN-YunxiNeural	chat	0%	0.98	100
若い牙の氏族Ｂ	若い牙の氏族Ｂ	young_female	zh-CN-XiaomengNeural	chat	+5%	1.03	100
少年時代のパーシヴァル	少年時代のパーシヴァル	mature_female	zh-CN-XiaohanNeural	calm	0%	0.97	100
ネモ・マリーン（操縦補佐）	ネモ・マリーン（操縦補佐）	androgynous	zh-CN-YunxiaNeural	calm	+2%	0.99	100
杖をついた少年	杖をついた少年	mature_male	zh-CN-YunzeNeural	calm	-4%	0.94	100
ホームズ＆ダ・ヴィンチ	ホームズ＆ダ・ヴィンチ	young_female	zh-CN-XiaoyiNeural	cheerful	+4%	1.02	100
秘書官	秘書官	androgynous	zh-CN-XiaomoNeural	calm	-1%	0.97	100
お二人とも	お二人とも	mature_male	zh-CN-YunfengNeural	serious	-2%	0.96	100
アストルフォ＆ローラン	アストルフォ＆ローラン	mature_male	zh-CN-YunfengNeural	serious	-2%	0.96	100
闘士ディノス	闘士ディノス	mature_female	zh-CN-XiaoxiaoNeural	gentle	0%	0.96	100
ネモ・ナース＆ネモ・プロフェッサー	ネモ・ナース＆ネモ・プロフェッサー	mature_female	zh-CN-XiaoruiNeural	calm	-2%	0.94	100
マシュ＆Ｕ－オルガマリー	マシュ＆Ｕ－オルガマリー	young_male	zh-CN-YunxiNeural	chat	+1%	0.99	100
神父服の男	神父服の男	mature_female	zh-CN-XiaoruiNeural	calm	-2%	0.94	100
誇りに満ちた声	誇りに満ちた声	mature_male	zh-CN-YunjianNeural	serious	-3%	0.95	100
集まっているディノスたち	集まっているディノスたち	androgynous	zh-CN-YunxiaNeural	calm	+2%	0.99	100
冥界の番人	冥界の番人	young_male	zh-CN-YunxiNeural	chat	+1%	0.99	100
ダ・ヴィンチ＆マシュ＆ハベトロット	ダ・ヴィンチ＆マシュ＆ハベトロット	mature_male	zh-CN-YunzeNeural	calm	-4%	0.94	100
歓喜するディノスたち	歓喜するディノスたち	mature_female	zh-CN-XiaoxiaoNeural	gentle	0%	0.96	100
祭壇にひとり立たされているニトクリス	祭壇にひとり立たされているニトクリス	mature_male	zh-CN-YunjianNeural	serious	-3%	0.95	100
デイノニクス11兄弟・五男	デイノニクス11兄弟・五男	mature_female	zh-CN-XiaohanNeural	calm	0%	0.97	100
ニトクリス＆ククルカン	ニトクリス＆ククルカン	mature_male	zh-CN-YunfengNeural	serious	-2%	0.96	100
テペウ＆ダ・ヴィンチ	テペウ＆ダ・ヴィンチ	mature_male	zh-CN-YunzeNeural	calm	-4%	0.94	100
マシュ＆ニトクリス	マシュ＆ニトクリス	mature_female	zh-CN-XiaoruiNeural	calm	-2%	0.94	100
マシュ＆ニトクリス＆テペウ	マシュ＆ニトクリス＆テペウ	young_male	zh-CN-YunxiaNeural	cheerful	+3%	1.00	100
リベンジを誓う声	リベンジを誓う声	young_female	zh-CN-XiaomengNeural	chat	+5%	1.03	100
マシュ＆オルガ	マシュ＆オルガ	young_female	zh-CN-XiaomengNeural	chat	+5%	1.03	100
護衛のオセロトル	護衛のオセロトル	young_female	zh-CN-XiaoyiNeural	cheerful	+4%	1.02	100
ダ・ヴィンチ＆ニトクリス	ダ・ヴィンチ＆ニトクリス	mature_female	zh-CN-XiaoxiaoNeural	gentle	0%	0.96	100
ワクチャン＆テペウ	ワクチャン＆テペウ	mature_female	zh-CN-XiaohanNeural	calm	0%	0.97	100
テペウ＆ワクチャン	テペウ＆ワクチャン	young_female	zh-CN-XiaomengNeural	chat	+5%	1.03	100
マシュ＆ハベトロット＆ニトクリス	マシュ＆ハベトロット＆ニトクリス	young_male	zh-CN-YunxiaNeural	cheerful	+3%	1.00	100
ダ・ヴィンチ＆テペウ	ダ・ヴィンチ＆テペウ	young_female	zh-CN-XiaoyiNeural	cheerful	+4%	1.02	100
颯爽登場	颯爽登場	mature_male	zh-CN-YunfengNeural	serious	-2%	0.96	100
貧乏くじのふたり	貧乏くじのふたり	young_female	zh-CN-XiaoyiNeural	cheerful	+4%	1.02	100
幼なじみっぽいディノス	幼なじみっぽいディノス	androgynous	zh-CN-XiaomoNeural	calm	-1%	0.97	100
黒いなにか	黒いなにか	young_female	zh-CN-XiaomengNeural	chat	+5%	1.03	100
淋しそうなディノス	淋しそうなディノス	young_male	zh-CN-YunxiNeural	chat	+1%	0.99	100
やるせないディノス	やるせないディノス	mature_female	zh-CN-XiaoxiaoNeural	gentle	0%	0.96	100
淋しそうだったディノス	淋しそうだったディノス	young_female	zh-CN-XiaoyiNeural	cheerful	+4%	1.02	100
やるせなかったディノス	やるせなかったディノス	mature_female	zh-CN-XiaohanNeural	calm	0%	0.97	100
神官ヴクブ＆コヤンスカヤ	神官ヴクブ＆コヤンスカヤ	androgynous	zh-CN-XiaomoNeural	calm	-1%	0.97	100
銃器をいじるディノスＢ	銃器をいじるディノスＢ	mature_male	zh-CN-YunzeNeural	calm	-4%	0.94	100
ロケットランチャーをいじるディノスＡ	ロケットランチャーをいじるディノスＡ	androgynous	zh-CN-YunxiNeural	chat	0%	0.98	100
■ラ■ック	■ラ■ック	young_male	zh-CN-YunxiaNeural	cheerful	+3%	1.00	100
ラニ＝Ｒたち	ラニ＝Ｒたち	mature_male	zh-CN-YunjianNeural	serious	-3%	0.95	100
移送部ＡＩ	移送部ＡＩ	mature_male	zh-CN-YunfengNeural	serious	-2%	0.96	100
近付いてくるアーユスの声	近付いてくるアーユスの声	androgynous	zh-CN-XiaomoNeural	calm	-1%	0.97	100
構築部ＡＩ（ラニ＝Ｂ）	構築部ＡＩ（ラニ＝Ｂ）	young_female	zh-CN-XiaomengNeural	chat	+5%	1.03	100
キリエの声	キリエの声	young_female	zh-CN-XiaoyiNeural	cheerful	+4%	1.02	100
クラスメイト男子Ａ	クラスメイト男子Ａ	mature_female	zh-CN-XiaoruiNeural	calm	-2%	0.94	100
クラスメイト男子Ｂ	クラスメイト男子Ｂ	young_male	zh-CN-YunxiNeural	chat	+1%	0.99	100
クラスメイト女子Ａ	クラスメイト女子Ａ	young_male	zh-CN-YunxiaNeural	cheerful	+3%	1.00	100
クラスメイト女子Ｂ	クラスメイト女子Ｂ	young_male	zh-CN-YunxiNeural	chat	+1%	0.99	100
[image berserker_language_2]	[image berserker_language_2]	mature_male	zh-CN-YunjianNeural	serious	-3%	0.95	100
折田さん？	折田さん？	androgynous	zh-CN-XiaomoNeural	calm	-1%	0.97	100
牛若？	牛若？	mature_male	zh-CN-YunzeNeural	calm	-4%	0.94	100
生徒たち	生徒たち	mature_male	zh-CN-YunzeNeural	calm	-4%	0.94	100
ご機嫌なムーン・ドバイ市民たち	ご機嫌なムーン・ドバイ市民たち	androgynous	zh-CN-YunxiaNeural	calm	+2%	0.99	100
候補者たち	候補者たち	androgynous	zh-CN-XiaomoNeural	calm	-1%	0.97	100
屈強なムーン・ドバイ市民たち	屈強なムーン・ドバイ市民たち	young_female	zh-CN-XiaomengNeural	chat	+5%	1.03	100
監視機械Ｂ	監視機械Ｂ	mature_male	zh-CN-YunfengNeural	serious	-2%	0.96	100
監視機械Ｃ	監視機械Ｃ	young_male	zh-CN-YunxiNeural	chat	+1%	0.99	100
監視機械Ｄ	監視機械Ｄ	androgynous	zh-CN-YunxiaNeural	calm	+2%	0.99	100
ラフライダー	ラフライダー	young_male	zh-CN-YunxiaNeural	cheerful	+3%	1.00	100
ムーン・アーチャーⅠ	ムーン・アーチャーⅠ	mature_male	zh-CN-YunjianNeural	serious	-3%	0.95	100
月笑騎士団・過激派たち	月笑騎士団・過激派たち	young_female	zh-CN-XiaoyiNeural	cheerful	+4%	1.02	100
機械化兵団・親衛隊	機械化兵団・親衛隊	androgynous	zh-CN-XiaomoNeural	calm	-1%	0.97	100
岸波白野＆ＢＢコスモ	岸波白野＆ＢＢコスモ	mature_male	zh-CN-YunfengNeural	serious	-2%	0.96	100
マシュ＆ＢＢコスモ	マシュ＆ＢＢコスモ	mature_female	zh-CN-XiaoxiaoNeural	gentle	0%	0.96	100
シエル＆岸波白野	シエル＆岸波白野	mature_female	zh-CN-XiaohanNeural	calm	0%	0.97	100
仮想ジャンヌ	仮想ジャンヌ	young_female	zh-CN-XiaomengNeural	chat	+5%	1.03	100
プルート	プルート	young_male	zh-CN-YunxiNeural	chat	+1%	0.99	100
ムーン・ドバイ市民たち	ムーン・ドバイ市民たち	mature_male	zh-CN-YunzeNeural	calm	-4%	0.94	100
ハヤ・ラア	ハヤ・ラア	mature_female	zh-CN-XiaoruiNeural	calm	-2%	0.94	100
立て札	立て札	androgynous	zh-CN-XiaomoNeural	calm	-1%	0.97	100
罪兵士たち	罪兵士たち	mature_male	zh-CN-YunjianNeural	serious	-3%	0.95	100
マルタ＆アストライア	マルタ＆アストライア	mature_male	zh-CN-YunfengNeural	serious	-2%	0.96	100
ダンテ（想像）	ダンテ（想像）	androgynous	zh-CN-YunxiNeural	chat	0%	0.98	100
地獄の小鬼	地獄の小鬼	mature_male	zh-CN-YunzeNeural	calm	-4%	0.94	100
Ｍ＆Ｄ	Ｍ＆Ｄ	mature_female	zh-CN-XiaoruiNeural	calm	-2%	0.94	100
メタトロン・ジャンヌ（怠惰）	メタトロン・ジャンヌ（怠惰）	mature_female	zh-CN-XiaoxiaoNeural	gentle	0%	0.96	100
モリアーティ＆言峰綺礼	モリアーティ＆言峰綺礼	mature_male	zh-CN-YunjianNeural	serious	-3%	0.95	100
モリアーティ＆ダンテ	モリアーティ＆ダンテ	young_female	zh-CN-XiaohanNeural	gentle	+2%	0.99	100
ダ・ヴィンチ＆ゴルドルフ	ダ・ヴィンチ＆ゴルドルフ	mature_male	zh-CN-YunzeNeural	calm	-4%	0.94	100
スルーズ＆ヒルド	スルーズ＆ヒルド	young_male	zh-CN-YunxiaNeural	cheerful	+3%	1.00	100
戦神二柱	戦神二柱	young_male	zh-CN-YunxiNeural	chat	+1%	0.99	100
プティエール	プティエール	young_male	zh-CN-YunxiaNeural	cheerful	+3%	1.00	100
ジュネス＆Ｘ・オルタ	ジュネス＆Ｘ・オルタ	androgynous	zh-CN-XiaomoNeural	calm	-1%	0.97	100
八房	八房	androgynous	zh-CN-XiaomoNeural	calm	-1%	0.97	100
孔明	孔明	young_female	zh-CN-XiaoyiNeural	cheerful	+4%	1.02	100
陳宮＆赤兎＆スパルタクス	陳宮＆赤兎＆スパルタクス	young_male	zh-CN-YunxiNeural	chat	+1%	0.99	100
太陽の女神	太陽の女神	mature_male	zh-CN-YunjianNeural	serious	-3%	0.95	100
アース＆スター	アース＆スター	mature_male	zh-CN-YunfengNeural	serious	-2%	0.96	100
ヴリトラ＆カーマ	ヴリトラ＆カーマ	young_female	zh-CN-XiaomengNeural	chat	+5%	1.03	100
紫式部（何も知らない香子さん）	紫式部（何も知らない香子さん）	young_male	zh-CN-YunxiaNeural	cheerful	+3%	1.00	100
オルガマリー＆Dr.ロマン	オルガマリー＆Dr.ロマン	androgynous	zh-CN-XiaomoNeural	calm	-1%	0.97	100
ゴーレム	ゴーレム	mature_female	zh-CN-XiaoruiNeural	calm	-2%	0.94	100
兵士A	兵士A	mature_female	zh-CN-XiaoxiaoNeural	gentle	0%	0.96	100
兵士B	兵士B	young_female	zh-CN-XiaohanNeural	gentle	+2%	0.99	100
魚？	魚？	mature_female	zh-CN-XiaoxiaoNeural	gentle	0%	0.96	100
ちょっかいかけたのを怒っている二人	ちょっかいかけたのを怒っている二人	mature_female	zh-CN-XiaoruiNeural	calm	-2%	0.94	100
マルタ＆ジーク	マルタ＆ジーク	mature_male	zh-CN-YunzeNeural	calm	-4%	0.94	100
ナーサリー＆バニヤン	ナーサリー＆バニヤン	young_male	zh-CN-YunxiNeural	chat	+1%	0.99	100
突然の清姫	突然の清姫	androgynous	zh-CN-XiaomoNeural	calm	-1%	0.97	100
パールヴァティーたち	パールヴァティーたち	mature_female	zh-CN-XiaohanNeural	calm	0%	0.97	100
アグラヴェイン？	アグラヴェイン？	young_female	zh-CN-XiaomengNeural	chat	+5%	1.03	100
ジャックとリリィ	ジャックとリリィ	young_female	zh-CN-XiaoyiNeural	cheerful	+4%	1.02	100
イリヤ＆マシュ	イリヤ＆マシュ	young_female	zh-CN-XiaomengNeural	chat	+5%	1.03	100
ナーサリー・ライム＆ジャック	ナーサリー・ライム＆ジャック	mature_female	zh-CN-XiaoxiaoNeural	gentle	0%	0.96	100
ガネー■ャ	ガネー■ャ	mature_female	zh-CN-XiaoruiNeural	calm	-2%	0.94	100
ガネー■■	ガネー■■	mature_male	zh-CN-YunfengNeural	serious	-2%	0.96	100
ガ■ー■■	ガ■ー■■	young_female	zh-CN-XiaoyiNeural	cheerful	+4%	1.02	100
■■ー■■	■■ー■■	young_male	zh-CN-YunxiaNeural	cheerful	+3%	1.00	100
ボイジャー＆マシュ	ボイジャー＆マシュ	young_female	zh-CN-XiaohanNeural	gentle	+2%	0.99	100
花魁付きの禿？	花魁付きの禿？	mature_male	zh-CN-YunjianNeural	serious	-3%	0.95	100
陽炎太夫？	陽炎太夫？	mature_male	zh-CN-YunjianNeural	serious	-3%	0.95	100
ジェロニモ＆哪吒	ジェロニモ＆哪吒	androgynous	zh-CN-YunxiNeural	chat	0%	0.98	100
魔像	魔像	mature_female	zh-CN-XiaohanNeural	calm	0%	0.97	100
少女？	少女？	young_male	zh-CN-YunxiaNeural	cheerful	+3%	1.00	100
かつて人であったモノ	かつて人であったモノ	androgynous	zh-CN-XiaomoNeural	calm	-1%	0.97	100
エルキドゥ＆モードレッド	エルキドゥ＆モードレッド	young_male	zh-CN-YunxiNeural	chat	+1%	0.99	100
1010010111010101■■	1010010111010101■■	young_male	zh-CN-YunxiaNeural	cheerful	+3%	1.00	100
亡者	亡者	mature_female	zh-CN-XiaoruiNeural	calm	-2%	0.94	100
葛飾北斎＆ゴッホ＆マルタ	葛飾北斎＆ゴッホ＆マルタ	young_male	zh-CN-YunxiaNeural	cheerful	+3%	1.00	100
カルナ＆ラーマ	カルナ＆ラーマ	mature_female	zh-CN-XiaoxiaoNeural	gentle	0%	0.96	100
ギルガメッシュ＆オジマンディアス	ギルガメッシュ＆オジマンディアス	mature_male	zh-CN-YunzeNeural	calm	-4%	0.94	100
二人の神祖	二人の神祖	young_female	zh-CN-XiaoyiNeural	cheerful	+4%	1.02	100
子供たち？	子供たち？	mature_male	zh-CN-YunfengNeural	serious	-2%	0.96	100
絵描き海賊	絵描き海賊	mature_male	zh-CN-YunjianNeural	serious	-3%	0.95	100
海賊スタッフ	海賊スタッフ	androgynous	zh-CN-XiaomoNeural	calm	-1%	0.97	100
敵海賊	敵海賊	young_male	zh-CN-YunxiNeural	chat	+1%	0.99	100
右から左へ抜けている紫式部	右から左へ抜けている紫式部	young_female	zh-CN-XiaomengNeural	chat	+5%	1.03	100
悪霊	悪霊	mature_female	zh-CN-XiaoruiNeural	calm	-2%	0.94	100
皇帝	皇帝	young_male	zh-CN-YunxiaNeural	cheerful	+3%	1.00	100
ジャンヌ＆アストルフォ	ジャンヌ＆アストルフォ	mature_male	zh-CN-YunzeNeural	calm	-4%	0.94	100
デーモン	デーモン	young_female	zh-CN-XiaoyiNeural	cheerful	+4%	1.02	100
ジャック＆九紋竜エリザ＆茨木童子	ジャック＆九紋竜エリザ＆茨木童子	androgynous	zh-CN-XiaomoNeural	calm	-1%	0.97	100
村の子供	村の子供	mature_female	zh-CN-XiaohanNeural	calm	0%	0.97	100
紳士合体プリズマ☆ジェントル	紳士合体プリズマ☆ジェントル	young_female	zh-CN-XiaomengNeural	chat	+5%	1.03	100
ジャック（？）	ジャック（？）	young_male	zh-CN-YunxiNeural	chat	+1%	0.99	100
迅速のマクール	迅速のマクール	young_female	zh-CN-XiaomengNeural	chat	+5%	1.03	100
貴族	貴族	androgynous	zh-CN-XiaomoNeural	calm	-1%	0.97	100
無名の人間たち	無名の人間たち	mature_male	zh-CN-YunfengNeural	serious	-2%	0.96	100
清姫（伏兵）	清姫（伏兵）	young_male	zh-CN-YunxiNeural	chat	+1%	0.99	100
いろんなセイバー	いろんなセイバー	mature_male	zh-CN-YunzeNeural	calm	-4%	0.94	100
低血圧くノ一	低血圧くノ一	mature_female	zh-CN-XiaoxiaoNeural	gentle	0%	0.96	100
謎の象	謎の象	mature_female	zh-CN-XiaohanNeural	calm	0%	0.97	100
証言者Ｄ	証言者Ｄ	young_female	zh-CN-XiaoyiNeural	cheerful	+4%	1.02	100
モブ男たち	モブ男たち	young_male	zh-CN-YunxiaNeural	cheerful	+3%	1.00	100
モブ男	モブ男	androgynous	zh-CN-XiaomoNeural	calm	-1%	0.97	100
モードレッド＆哪吒＆マシュ	モードレッド＆哪吒＆マシュ	young_male	zh-CN-YunxiaNeural	cheerful	+3%	1.00	100
荊軻＆赤兎＆スパルタクス	荊軻＆赤兎＆スパルタクス	young_male	zh-CN-YunxiNeural	chat	+1%	0.99	100
ドラゴン	ドラゴン	mature_female	zh-CN-XiaoxiaoNeural	gentle	0%	0.96	100
魔物の影	魔物の影	mature_female	zh-CN-XiaoruiNeural	calm	-2%	0.94	100
漂流者	漂流者	young_female	zh-CN-XiaoyiNeural	cheerful	+4%	1.02	100
Ｘ（凍結中）	Ｘ（凍結中）	young_male	zh-CN-YunxiaNeural	cheerful	+3%	1.00	100
イシュタル（回想）	イシュタル（回想）	young_female	zh-CN-XiaomengNeural	chat	+5%	1.03	100
画面端の怪紳士	画面端の怪紳士	androgynous	zh-CN-XiaomoNeural	calm	-1%	0.97	100
アーチャー＆セイバー	アーチャー＆セイバー	mature_female	zh-CN-XiaohanNeural	calm	0%	0.97	100
魔人アーチャー？	魔人アーチャー？	mature_female	zh-CN-XiaoruiNeural	calm	-2%	0.94	100
悪い＆良いノッブ	悪い＆良いノッブ	mature_male	zh-CN-YunfengNeural	serious	-2%	0.96	100
ピエールＡ～Ｇ	ピエールＡ～Ｇ	young_male	zh-CN-YunxiNeural	chat	+1%	0.99	100
サンタオルタ／ジャンヌオルタ	サンタオルタ／ジャンヌオルタ	young_female	zh-CN-XiaomengNeural	chat	+5%	1.03	100
海賊達	海賊達	mature_female	zh-CN-XiaoxiaoNeural	gentle	0%	0.96	100
不明の亡霊	不明の亡霊	androgynous	zh-CN-XiaomoNeural	calm	-1%	0.97	100
マシュ・Dr.ロマン	マシュ・Dr.ロマン	mature_female	zh-CN-XiaoxiaoNeural	gentle	0%	0.96	100
立て看板	立て看板	androgynous	zh-CN-XiaomoNeural	calm	-1%	0.97	100
マリー＆玉藻の前	マリー＆玉藻の前	mature_male	zh-CN-YunjianNeural	serious	-3%	0.95	100
玉藻の前＆マルタ	玉藻の前＆マルタ	mature_female	zh-CN-XiaohanNeural	calm	0%	0.97	100
巨大魔猪	巨大魔猪	young_male	zh-CN-YunxiNeural	chat	+1%	0.99	100
アン？	アン？	mature_male	zh-CN-YunjianNeural	serious	-3%	0.95	100
メアリー？	メアリー？	young_male	zh-CN-YunxiaNeural	cheerful	+3%	1.00	100
二度燃えるイアソンくん	二度燃えるイアソンくん	young_male	zh-CN-YunxiNeural	chat	+1%	0.99	100
黒髭＆ファントム	黒髭＆ファントム	androgynous	zh-CN-YunxiaNeural	calm	+2%	0.99	100
エコー	エコー	mature_female	zh-CN-XiaoruiNeural	calm	-2%	0.94	100
？？？／イリヤ	？？？／イリヤ	androgynous	zh-CN-XiaomoNeural	calm	-1%	0.97	100
ノブ戦車	ノブ戦車	mature_male	zh-CN-YunfengNeural	serious	-2%	0.96	100
ちびノブ＆でかノブ	ちびノブ＆でかノブ	young_female	zh-CN-XiaoyiNeural	cheerful	+4%	1.02	100
西郷エジモリ＆桂テスラ	西郷エジモリ＆桂テスラ	mature_male	zh-CN-YunzeNeural	calm	-4%	0.94	100
紳士（と獅子）	紳士（と獅子）	young_male	zh-CN-YunxiNeural	chat	+1%	0.99	100
獅子（と紳士）	獅子（と紳士）	androgynous	zh-CN-YunxiaNeural	calm	+2%	0.99	100
紳士と獅子とマシュ	紳士と獅子とマシュ	androgynous	zh-CN-XiaomoNeural	calm	-1%	0.97	100
エジソン＆ニコラ	エジソン＆ニコラ	mature_male	zh-CN-YunzeNeural	calm	-4%	0.94	100
エジソン・テスラ	エジソン・テスラ	mature_male	zh-CN-YunfengNeural	serious	-2%	0.96	100
水着ノッブ＆謎のレーサーＸ	水着ノッブ＆謎のレーサーＸ	androgynous	zh-CN-XiaomoNeural	calm	-1%	0.97	100
バベッジ＆プロフェッサーＭ	バベッジ＆プロフェッサーＭ	young_female	zh-CN-XiaomengNeural	chat	+5%	1.03	100
アルテミスＣ	アルテミスＣ	mature_male	zh-CN-YunjianNeural	serious	-3%	0.95	100
アルテミスＤ	アルテミスＤ	young_male	zh-CN-YunxiNeural	chat	+1%	0.99	100
アルテミスＥ	アルテミスＥ	mature_female	zh-CN-XiaohanNeural	calm	0%	0.97	100
オリオン達	オリオン達	mature_male	zh-CN-YunjianNeural	serious	-3%	0.95	100
アルテミス達	アルテミス達	young_male	zh-CN-YunxiaNeural	cheerful	+3%	1.00	100
エレナ＆エジソン＆テスラ	エレナ＆エジソン＆テスラ	androgynous	zh-CN-XiaomoNeural	calm	-1%	0.97	100
エジソン＆ニコラ・テスラ	エジソン＆ニコラ・テスラ	young_female	zh-CN-XiaoyiNeural	cheerful	+4%	1.02	100
バベッジ＆エジソン＆テスラ	バベッジ＆エジソン＆テスラ	mature_male	zh-CN-YunfengNeural	serious	-2%	0.96	100
オリオンＤ	オリオンＤ	mature_male	zh-CN-YunzeNeural	calm	-4%	0.94	100
織田信長・ネロ	織田信長・ネロ	mature_female	zh-CN-XiaoruiNeural	calm	-2%	0.94	100
謎のヒロインＸ	謎のヒロインＸ	young_female	zh-CN-XiaoxiaoNeural	cheerful	+3%	1.00	100
パールヴァティ	パールヴァティ	mature_male	zh-CN-YunfengNeural	serious	-2%	0.96	100
マシュ＆フォウ	マシュ＆フォウ	androgynous	zh-CN-YunxiaNeural	calm	+2%	0.99	100
羊たち	羊たち	young_male	zh-CN-YunxiNeural	chat	+1%	0.99	100
ただのイシュタルさん	ただのイシュタルさん	mature_male	zh-CN-YunzeNeural	calm	-4%	0.94	100
冥界の門	冥界の門	young_male	zh-CN-YunxiaNeural	cheerful	+3%	1.00	100
歌川広重＆お栄	歌川広重＆お栄	young_male	zh-CN-YunxiNeural	chat	+1%	0.99	100
北斎の門人	北斎の門人	young_male	zh-CN-YunxiNeural	chat	+1%	0.99	100
町同心	町同心	mature_male	zh-CN-YunjianNeural	serious	-3%	0.95	100
ライヘンバッハのルーラー	ライヘンバッハのルーラー	mature_female	zh-CN-XiaoruiNeural	calm	-2%	0.94	100
巨大な狼ＷｉｔｈＨ	巨大な狼ＷｉｔｈＨ	young_male	zh-CN-YunxiaNeural	cheerful	+3%	1.00	100
頼光の愛馬・京極	頼光の愛馬・京極	androgynous	zh-CN-XiaomoNeural	calm	-1%	0.97	100
三蔵の愛馬・白竜	三蔵の愛馬・白竜	mature_male	zh-CN-YunfengNeural	serious	-2%	0.96	100
王の愛馬ドゥン・スタリオン	王の愛馬ドゥン・スタリオン	mature_male	zh-CN-YunzeNeural	calm	-4%	0.94	100
王の愛馬ラムレイ	王の愛馬ラムレイ	young_male	zh-CN-YunxiNeural	chat	+1%	0.99	100
酒呑？	酒呑？	androgynous	zh-CN-XiaomoNeural	calm	-1%	0.97	100
チョコ聖杯くん	チョコ聖杯くん	young_male	zh-CN-YunxiaNeural	cheerful	+3%	1.00	100
湯煙のパパ	湯煙のパパ	mature_male	zh-CN-YunjianNeural	serious	-3%	0.95	100
ベディヴィエール＆ディルムッド	ベディヴィエール＆ディルムッド	young_male	zh-CN-YunxiaNeural	cheerful	+3%	1.00	100
カエサルの声	カエサルの声	mature_male	zh-CN-YunfengNeural	serious	-2%	0.96	100
カエサルの遠い声	カエサルの遠い声	young_female	zh-CN-XiaomengNeural	chat	+5%	1.03	100
クレオパトラの遠い声	クレオパトラの遠い声	androgynous	zh-CN-XiaomoNeural	calm	-1%	0.97	100
セミラミス？	セミラミス？	mature_female	zh-CN-XiaohanNeural	calm	0%	0.97	100
セミラミス？？	セミラミス？？	young_male	zh-CN-YunxiNeural	chat	+1%	0.99	100
伍＆クリス	伍＆クリス	young_female	zh-CN-XiaoyiNeural	cheerful	+4%	1.02	100
エヴァ＆ケイン	エヴァ＆ケイン	young_female	zh-CN-XiaomengNeural	chat	+5%	1.03	100
ジュリエット＆エヴァ＆ドロシー	ジュリエット＆エヴァ＆ドロシー	mature_female	zh-CN-XiaoxiaoNeural	gentle	0%	0.96	100
アダムスカ＆アーロン	アダムスカ＆アーロン	young_female	zh-CN-XiaoyiNeural	cheerful	+4%	1.02	100
スーパーメカノッブマークⅡ	スーパーメカノッブマークⅡ	mature_male	zh-CN-YunjianNeural	serious	-3%	0.95	100
沖田ちゃん	沖田ちゃん	androgynous	zh-CN-XiaomoNeural	calm	-1%	0.97	100
ダブル沖田	ダブル沖田	young_female	zh-CN-XiaohanNeural	gentle	+2%	0.99	100
鶏	鶏	young_male	zh-CN-YunxiNeural	chat	+1%	0.99	100
信長＆龍馬	信長＆龍馬	young_male	zh-CN-YunxiaNeural	cheerful	+3%	1.00	100
牛若丸＆メイヴ	牛若丸＆メイヴ	young_male	zh-CN-YunxiNeural	chat	+1%	0.99	100
マシンボア	マシンボア	mature_female	zh-CN-XiaoxiaoNeural	gentle	0%	0.96	100
男Ｄ	男Ｄ	young_female	zh-CN-XiaomengNeural	chat	+5%	1.03	100
牛若丸＆茨木童子＆ジャンヌ・オルタ	牛若丸＆茨木童子＆ジャンヌ・オルタ	mature_male	zh-CN-YunzeNeural	calm	-4%	0.94	100
いつのまにかいるオリべえ	いつのまにかいるオリべえ	mature_male	zh-CN-YunfengNeural	serious	-2%	0.96	100
トリスタン（解説）	トリスタン（解説）	mature_male	zh-CN-YunjianNeural	serious	-3%	0.95	100
千歳市民の子供たち	千歳市民の子供たち	mature_female	zh-CN-XiaoruiNeural	calm	-2%	0.94	100
黒髭と眼鏡	黒髭と眼鏡	young_female	zh-CN-XiaoyiNeural	cheerful	+4%	1.02	100
鬼と髭	鬼と髭	mature_female	zh-CN-XiaoruiNeural	calm	-2%	0.94	100
屠るヤシガニ	屠るヤシガニ	androgynous	zh-CN-XiaomoNeural	calm	-1%	0.97	100
カリブ海代表	カリブ海代表	androgynous	zh-CN-XiaomoNeural	calm	-1%	0.97	100
ケルト代表	ケルト代表	androgynous	zh-CN-YunxiaNeural	calm	+2%	0.99	100
配信視聴中の観客Ａ	配信視聴中の観客Ａ	young_male	zh-CN-YunxiNeural	chat	+1%	0.99	100
配信視聴中の観客Ｂ	配信視聴中の観客Ｂ	androgynous	zh-CN-XiaomoNeural	calm	-1%	0.97	100
良い子たち	良い子たち	young_male	zh-CN-YunxiaNeural	cheerful	+3%	1.00	100
ヒポグリフ	ヒポグリフ	young_female	zh-CN-XiaomengNeural	chat	+5%	1.03	100
大剣を背負った雀	大剣を背負った雀	young_male	zh-CN-YunxiNeural	chat	+1%	0.99	100
大弓を背負った雀	大弓を背負った雀	mature_male	zh-CN-YunzeNeural	calm	-4%	0.94	100
盾槍を背負った雀	盾槍を背負った雀	young_male	zh-CN-YunxiaNeural	cheerful	+3%	1.00	100
受付を背負った雀	受付を背負った雀	androgynous	zh-CN-XiaomoNeural	calm	-1%	0.97	100
清姫＆巴御前	清姫＆巴御前	mature_female	zh-CN-XiaohanNeural	calm	0%	0.97	100
雀（泰山）	雀（泰山）	young_male	zh-CN-YunxiNeural	chat	+1%	0.99	100
雀（平等）	雀（平等）	mature_female	zh-CN-XiaoxiaoNeural	gentle	0%	0.96	100
雀（初江）	雀（初江）	mature_male	zh-CN-YunjianNeural	serious	-3%	0.95	100
雀（都市）	雀（都市）	androgynous	zh-CN-YunxiaNeural	calm	+2%	0.99	100
蛇庄屋＆虎名主	蛇庄屋＆虎名主	androgynous	zh-CN-XiaomoNeural	calm	-1%	0.97	100
いじわるなおばあさん	いじわるなおばあさん	mature_female	zh-CN-XiaoruiNeural	calm	-2%	0.94	100
アン＆メアリー＆トリスタン	アン＆メアリー＆トリスタン	young_male	zh-CN-YunxiNeural	chat	+1%	0.99	100
魔猿たち	魔猿たち	young_female	zh-CN-XiaoyiNeural	cheerful	+4%	1.02	100
独裁官と劇作家	独裁官と劇作家	androgynous	zh-CN-XiaomoNeural	calm	-1%	0.97	100
奪衣婆（イメージ）	奪衣婆（イメージ）	young_male	zh-CN-YunxiaNeural	cheerful	+3%	1.00	100
ゴルドルフ＆ディルムッド	ゴルドルフ＆ディルムッド	young_female	zh-CN-XiaohanNeural	gentle	+2%	0.99	100
オケアノスのキャスター	オケアノスのキャスター	mature_female	zh-CN-XiaoxiaoNeural	gentle	0%	0.96	100
ネモ・マリーンＥ	ネモ・マリーンＥ	young_female	zh-CN-XiaomengNeural	chat	+5%	1.03	100
ガラテアチョコ	ガラテアチョコ	young_male	zh-CN-YunxiNeural	chat	+1%	0.99	100
イリヤ（ＩＱ低下中）	イリヤ（ＩＱ低下中）	mature_female	zh-CN-XiaohanNeural	calm	0%	0.97	100
イリヤ（＋0.5kg）	イリヤ（＋0.5kg）	young_male	zh-CN-YunxiaNeural	cheerful	+3%	1.00	100
メッセージ	メッセージ	mature_female	zh-CN-XiaoruiNeural	calm	-2%	0.94	100
わるい魔法使い	わるい魔法使い	young_female	zh-CN-XiaoyiNeural	cheerful	+4%	1.02	100
魔獣アワリティア	魔獣アワリティア	young_female	zh-CN-XiaomengNeural	chat	+5%	1.03	100
話を聞かない客	話を聞かない客	androgynous	zh-CN-XiaomoNeural	calm	-1%	0.97	100
熱くなった客	熱くなった客	androgynous	zh-CN-XiaomoNeural	calm	-1%	0.97	100
転売ヤー	転売ヤー	mature_female	zh-CN-XiaoxiaoNeural	gentle	0%	0.96	100
徐福（無視）	徐福（無視）	young_female	zh-CN-XiaoyiNeural	cheerful	+4%	1.02	100
カレーショップのお姉さん	カレーショップのお姉さん	androgynous	zh-CN-YunxiNeural	chat	0%	0.98	100
ゴッホ＆ゴッホ＆ゴッホ	ゴッホ＆ゴッホ＆ゴッホ	mature_female	zh-CN-XiaoruiNeural	calm	-2%	0.94	100
たまたま近くを通りがかったフォウ	たまたま近くを通りがかったフォウ	mature_female	zh-CN-XiaoxiaoNeural	gentle	0%	0.96	100
イメージ上の金時	イメージ上の金時	androgynous	zh-CN-YunxiaNeural	calm	+2%	0.99	100
インドラかもしれないもの	インドラかもしれないもの	androgynous	zh-CN-XiaomoNeural	calm	-1%	0.97	100
インドラっぽいもの	インドラっぽいもの	mature_female	zh-CN-XiaohanNeural	calm	0%	0.97	100
？？？たち	？？？たち	young_male	zh-CN-YunxiaNeural	cheerful	+3%	1.00	100
フォウくんの幻影	フォウくんの幻影	mature_female	zh-CN-XiaoxiaoNeural	gentle	0%	0.96	100
住民	住民	young_male	zh-CN-YunxiNeural	chat	+1%	0.99	100
魔術師たち	魔術師たち	mature_female	zh-CN-XiaohanNeural	calm	0%	0.97	100
ギャングたち	ギャングたち	androgynous	zh-CN-XiaomoNeural	calm	-1%	0.97	100
大奥女中	大奥女中	mature_female	zh-CN-XiaoruiNeural	calm	-2%	0.94	100
シェヘラザード＆マタ・ハリ	シェヘラザード＆マタ・ハリ	young_female	zh-CN-XiaomengNeural	chat	+5%	1.03	100
重なり合った囁き声	重なり合った囁き声	young_female	zh-CN-XiaoyiNeural	cheerful	+4%	1.02	100
市民１	市民１	mature_male	zh-CN-YunfengNeural	serious	-2%	0.96	100
市民２	市民２	young_male	zh-CN-YunxiaNeural	cheerful	+3%	1.00	100
リュウ・タン	リュウ・タン	young_female	zh-CN-XiaoyiNeural	cheerful	+4%	1.02	100
ダイゾー・オカ	ダイゾー・オカ	mature_male	zh-CN-YunzeNeural	calm	-4%	0.94	100
ミゲル・アンヘル・コルテス	ミゲル・アンヘル・コルテス	young_male	zh-CN-YunxiNeural	chat	+1%	0.99	100
敵兵	敵兵	young_male	zh-CN-YunxiaNeural	cheerful	+3%	1.00	100
カルデア家臣団	カルデア家臣団	androgynous	zh-CN-YunxiNeural	chat	0%	0.98	100
甲斐の兵たち	甲斐の兵たち	young_female	zh-CN-XiaomengNeural	chat	+5%	1.03	100
かぶきノッブ	かぶきノッブ	mature_male	zh-CN-YunjianNeural	serious	-3%	0.95	100
魔王軍武者	魔王軍武者	young_female	zh-CN-XiaoyiNeural	cheerful	+4%	1.02	100
民衆	民衆	mature_female	zh-CN-XiaohanNeural	calm	0%	0.97	100
シロウ	シロウ	androgynous	zh-CN-XiaomoNeural	calm	-1%	0.97	100
ジャガーマン＆シトナイ	ジャガーマン＆シトナイ	androgynous	zh-CN-YunxiaNeural	calm	+2%	0.99	100
北条ランスロットパープル	北条ランスロットパープル	mature_male	zh-CN-YunfengNeural	serious	-2%	0.96	100
北条ベディヴィエールグリーン	北条ベディヴィエールグリーン	young_male	zh-CN-YunxiNeural	chat	+1%	0.99	100
カジノ客Ａ	カジノ客Ａ	young_female	zh-CN-XiaoxiaoNeural	cheerful	+3%	1.00	100
カジノ客Ｂ	カジノ客Ｂ	mature_female	zh-CN-XiaoruiNeural	calm	-2%	0.94	100
カジノ客Ｃ	カジノ客Ｃ	androgynous	zh-CN-XiaomoNeural	calm	-1%	0.97	100
葛飾北斎＆目慈恵怒	葛飾北斎＆目慈恵怒	mature_female	zh-CN-XiaoruiNeural	calm	-2%	0.94	100
ジークフリート（鑑賞経験あり）	ジークフリート（鑑賞経験あり）	young_male	zh-CN-YunxiNeural	chat	+1%	0.99	100
マシュ（鑑賞経験あり）	マシュ（鑑賞経験あり）	mature_male	zh-CN-YunzeNeural	calm	-4%	0.94	100
宮本伊織（未体験者）	宮本伊織（未体験者）	young_male	zh-CN-YunxiaNeural	cheerful	+3%	1.00	100
黒髭（後方作者面）	黒髭（後方作者面）	mature_male	zh-CN-YunfengNeural	serious	-2%	0.96	100
葛飾北斎＆刑部姫	葛飾北斎＆刑部姫	mature_female	zh-CN-XiaohanNeural	calm	0%	0.97	100
胴元	胴元	young_female	zh-CN-XiaomengNeural	chat	+5%	1.03	100
刑部姫（聞いてない）	刑部姫（聞いてない）	androgynous	zh-CN-XiaomoNeural	calm	-1%	0.97	100
デッドローン・イゾー	デッドローン・イゾー	androgynous	zh-CN-YunxiaNeural	calm	+2%	0.99	100
ぐんしん！	ぐんしん！	androgynous	zh-CN-YunxiNeural	chat	0%	0.98	100
オニムサシ	オニムサシ	mature_female	zh-CN-XiaoxiaoNeural	gentle	0%	0.96	100
ギャング＆武士	ギャング＆武士	mature_male	zh-CN-YunjianNeural	serious	-3%	0.95	100
客ＡtoＺ	客ＡtoＺ	mature_female	zh-CN-XiaoruiNeural	calm	-2%	0.94	100
女性客Ｃ	女性客Ｃ	mature_male	zh-CN-YunzeNeural	calm	-4%	0.94	100
女性客Ｅ	女性客Ｅ	mature_male	zh-CN-YunfengNeural	serious	-2%	0.96	100
男性客	男性客	mature_female	zh-CN-XiaohanNeural	calm	0%	0.97	100
女性客Ｆ	女性客Ｆ	young_female	zh-CN-XiaomengNeural	chat	+5%	1.03	100
ボディガード	ボディガード	mature_female	zh-CN-XiaoxiaoNeural	gentle	0%	0.96	100
水着新選組隊士たち	水着新選組隊士たち	mature_female	zh-CN-XiaoruiNeural	calm	-2%	0.94	100
水着新選組海賊アン	水着新選組海賊アン	androgynous	zh-CN-XiaomoNeural	calm	-1%	0.97	100
水着新選組隊長  沖田総司	水着新選組隊長  沖田総司	young_male	zh-CN-YunxiNeural	chat	+1%	0.99	100
スペースモッヒーＣ	スペースモッヒーＣ	mature_male	zh-CN-YunjianNeural	serious	-3%	0.95	100
できたての料理	できたての料理	mature_male	zh-CN-YunzeNeural	calm	-4%	0.94	100
Ｓイシュタル＆アシュタレト	Ｓイシュタル＆アシュタレト	mature_female	zh-CN-XiaohanNeural	calm	0%	0.97	100
Ｓイシュタル＆Ｘ	Ｓイシュタル＆Ｘ	androgynous	zh-CN-XiaomoNeural	calm	-1%	0.97	100
ジェーン＆Ｓイシュタル	ジェーン＆Ｓイシュタル	mature_female	zh-CN-XiaoxiaoNeural	gentle	0%	0.96	100
スペース神陰流門下生	スペース神陰流門下生	young_male	zh-CN-YunxiaNeural	cheerful	+3%	1.00	100
ナイチンゲール・サンタ（アーチャー）	ナイチンゲール・サンタ（アーチャー）	young_female	zh-CN-XiaoyiNeural	cheerful	+4%	1.02	100
アストルフォ（セイバー）	アストルフォ（セイバー）	androgynous	zh-CN-YunxiaNeural	calm	+2%	0.99	100
アシュタレト親衛隊	アシュタレト親衛隊	mature_male	zh-CN-YunfengNeural	serious	-2%	0.96	100
アマゾネスＥ	アマゾネスＥ	young_female	zh-CN-XiaoyiNeural	cheerful	+4%	1.02	100
お子様組	お子様組	young_female	zh-CN-XiaomengNeural	chat	+5%	1.03	100
保護者組	保護者組	mature_female	zh-CN-XiaoxiaoNeural	gentle	0%	0.96	100
奴隷Ａ	奴隷Ａ	mature_male	zh-CN-YunjianNeural	serious	-3%	0.95	100
奴隷Ｂ	奴隷Ｂ	young_female	zh-CN-XiaomengNeural	chat	+5%	1.03	100
奴隷Ｃ	奴隷Ｃ	androgynous	zh-CN-YunxiNeural	chat	0%	0.98	100
メカエリチャン＆Ⅱ号機	メカエリチャン＆Ⅱ号機	young_male	zh-CN-YunxiNeural	chat	+1%	0.99	100
アストルフォ＆アキレウス	アストルフォ＆アキレウス	young_male	zh-CN-YunxiaNeural	cheerful	+3%	1.00	100
アキレウスの声	アキレウスの声	young_male	zh-CN-YunxiaNeural	cheerful	+3%	1.00	100
市民Ｅ	市民Ｅ	young_female	zh-CN-XiaoyiNeural	cheerful	+4%	1.02	100
市民Ｆ	市民Ｆ	young_male	zh-CN-YunxiNeural	chat	+1%	0.99	100
奴隷達	奴隷達	mature_female	zh-CN-XiaohanNeural	calm	0%	0.97	100
市民達	市民達	young_female	zh-CN-XiaoyiNeural	cheerful	+4%	1.02	100
ブラダマンテ＆アストルフォ	ブラダマンテ＆アストルフォ	mature_female	zh-CN-XiaoruiNeural	calm	-2%	0.94	100
露天商Ａ	露天商Ａ	androgynous	zh-CN-XiaomoNeural	calm	-1%	0.97	100
露天商Ｂ	露天商Ｂ	young_female	zh-CN-XiaomengNeural	chat	+5%	1.03	100
露天商Ｃ	露天商Ｃ	mature_female	zh-CN-XiaoruiNeural	calm	-2%	0.94	100
髭黒（悪魔）	髭黒（悪魔）	mature_male	zh-CN-YunzeNeural	calm	-4%	0.94	100
髭黒（天使）	髭黒（天使）	androgynous	zh-CN-XiaomoNeural	calm	-1%	0.97	100
イアソン（０．１秒）	イアソン（０．１秒）	androgynous	zh-CN-XiaomoNeural	calm	-1%	0.97	100
イアソン（０．２秒）	イアソン（０．２秒）	mature_female	zh-CN-XiaohanNeural	calm	0%	0.97	100
イアソン（０．３秒）	イアソン（０．３秒）	young_female	zh-CN-XiaomengNeural	chat	+5%	1.03	100
イアソン（０．４秒）	イアソン（０．４秒）	mature_female	zh-CN-XiaoxiaoNeural	gentle	0%	0.96	100
イアソン（０．５秒）	イアソン（０．５秒）	young_male	zh-CN-YunxiNeural	chat	+1%	0.99	100
イアソン（０．６秒）	イアソン（０．６秒）	young_female	zh-CN-XiaoyiNeural	cheerful	+4%	1.02	100
イアソン（０．７秒）	イアソン（０．７秒）	young_female	zh-CN-XiaomengNeural	chat	+5%	1.03	100
イアソン（０．８秒）	イアソン（０．８秒）	mature_female	zh-CN-XiaoxiaoNeural	gentle	0%	0.96	100
イアソン＆オリオン	イアソン＆オリオン	androgynous	zh-CN-XiaomoNeural	calm	-1%	0.97	100
羽織姿の男	羽織姿の男	androgynous	zh-CN-YunxiaNeural	calm	+2%	0.99	100
知らない女の子？	知らない女の子？	young_female	zh-CN-XiaohanNeural	gentle	+2%	0.99	100
寝ちゃった女の子	寝ちゃった女の子	androgynous	zh-CN-YunxiNeural	chat	0%	0.98	100
目が覚めた女の子	目が覚めた女の子	androgynous	zh-CN-YunxiaNeural	calm	+2%	0.99	100
静かな亀	静かな亀	mature_female	zh-CN-XiaoruiNeural	calm	-2%	0.94	100
ギルガメッシュＰ	ギルガメッシュＰ	androgynous	zh-CN-XiaomoNeural	calm	-1%	0.97	100
埴輪たち	埴輪たち	young_male	zh-CN-YunxiaNeural	cheerful	+3%	1.00	100
怪しい埴輪	怪しい埴輪	androgynous	zh-CN-YunxiNeural	chat	0%	0.98	100
集落の大人	集落の大人	mature_female	zh-CN-XiaoxiaoNeural	gentle	0%	0.96	100
お米ゴーレム	お米ゴーレム	androgynous	zh-CN-XiaomoNeural	calm	-1%	0.97	100
虞美人（遊んでいる）	虞美人（遊んでいる）	young_male	zh-CN-YunxiNeural	chat	+1%	0.99	100
シグルド＆ブリュンヒルデ	シグルド＆ブリュンヒルデ	mature_male	zh-CN-YunzeNeural	calm	-4%	0.94	100
スルーズ（しっかりもの）	スルーズ（しっかりもの）	androgynous	zh-CN-YunxiaNeural	calm	+2%	0.99	100
ヒルド（はたらきもの）	ヒルド（はたらきもの）	mature_female	zh-CN-XiaoruiNeural	calm	-2%	0.94	100
オルトリンデ（ちゃっかりもの）	オルトリンデ（ちゃっかりもの）	androgynous	zh-CN-XiaomoNeural	calm	-1%	0.97	100
スルーズ＆オルトリンデ	スルーズ＆オルトリンデ	young_female	zh-CN-XiaoyiNeural	cheerful	+4%	1.02	100
エミヤ（沈痛）	エミヤ（沈痛）	mature_female	zh-CN-XiaohanNeural	calm	0%	0.97	100
紫式部（沈痛）	紫式部（沈痛）	mature_male	zh-CN-YunjianNeural	serious	-3%	0.95	100
蘭陵王（沈痛）	蘭陵王（沈痛）	young_female	zh-CN-XiaoyiNeural	cheerful	+4%	1.02	100
イリヤ（沈痛）	イリヤ（沈痛）	young_male	zh-CN-YunxiNeural	chat	+1%	0.99	100
虞美人×２	虞美人×２	mature_male	zh-CN-YunfengNeural	serious	-2%	0.96	100
ホテルの客？	ホテルの客？	young_female	zh-CN-XiaomengNeural	chat	+5%	1.03	100
虞美人（？）	虞美人（？）	young_female	zh-CN-XiaoyiNeural	cheerful	+4%	1.02	100
虞美人（たぶん）	虞美人（たぶん）	mature_male	zh-CN-YunzeNeural	calm	-4%	0.94	100
虞美人（かなぁ）	虞美人（かなぁ）	young_female	zh-CN-XiaohanNeural	gentle	+2%	0.99	100
虞美人（きっとそうだ）	虞美人（きっとそうだ）	mature_female	zh-CN-XiaoxiaoNeural	gentle	0%	0.96	100
虞美人（だと思うのだけど）	虞美人（だと思うのだけど）	young_male	zh-CN-YunxiaNeural	cheerful	+3%	1.00	100
虞美人（何かおかしい）	虞美人（何かおかしい）	androgynous	zh-CN-XiaomoNeural	calm	-1%	0.97	100
虞美人（こちらもおかしい）	虞美人（こちらもおかしい）	androgynous	zh-CN-YunxiaNeural	calm	+2%	0.99	100
モードレッド（殺気を察知）	モードレッド（殺気を察知）	mature_male	zh-CN-YunjianNeural	serious	-3%	0.95	100
ジャンヌ・オルタ（姉気を察知）	ジャンヌ・オルタ（姉気を察知）	young_female	zh-CN-XiaomengNeural	chat	+5%	1.03	100
その他の人々	その他の人々	mature_female	zh-CN-XiaoruiNeural	calm	-2%	0.94	100
ランスロット（夢見てた）	ランスロット（夢見てた）	mature_male	zh-CN-YunfengNeural	serious	-2%	0.96	100
ガウェイン（夢見てた）	ガウェイン（夢見てた）	mature_male	zh-CN-YunjianNeural	serious	-3%	0.95	100
トリスタン（安らかに死んでいた）	トリスタン（安らかに死んでいた）	mature_male	zh-CN-YunfengNeural	serious	-2%	0.96	100
ネモ全員	ネモ全員	mature_female	zh-CN-XiaoruiNeural	calm	-2%	0.94	100
ミスター・Ｍ	ミスター・Ｍ	mature_female	zh-CN-XiaoxiaoNeural	gentle	0%	0.96	100
楊貴妃＆マシュ＆ネモ＆刑部姫	楊貴妃＆マシュ＆ネモ＆刑部姫	androgynous	zh-CN-XiaomoNeural	calm	-1%	0.97	100
マシュ＆ネモ＆楊貴妃	マシュ＆ネモ＆楊貴妃	young_male	zh-CN-YunxiNeural	chat	+1%	0.99	100
ブリッジメンバーズ	ブリッジメンバーズ	mature_female	zh-CN-XiaohanNeural	calm	0%	0.97	100
ラムダ＆頼光	ラムダ＆頼光	mature_male	zh-CN-YunzeNeural	calm	-4%	0.94	100
パールヴァティー（幻聴？）	パールヴァティー（幻聴？）	young_male	zh-CN-YunxiNeural	chat	+1%	0.99	100
マシュ＆ダ・ヴィンチ	マシュ＆ダ・ヴィンチ	young_female	zh-CN-XiaomengNeural	chat	+5%	1.03	100
ヘラクレス？	ヘラクレス？	mature_male	zh-CN-YunzeNeural	calm	-4%	0.94	100
警備員ＡＢ	警備員ＡＢ	young_female	zh-CN-XiaoyiNeural	cheerful	+4%	1.02	100
屋台の店主	屋台の店主	androgynous	zh-CN-YunxiaNeural	calm	+2%	0.99	100
上級ウィッシュメンＡ	上級ウィッシュメンＡ	young_male	zh-CN-YunxiaNeural	cheerful	+3%	1.00	100
上級ウィッシュメンＢ	上級ウィッシュメンＢ	young_male	zh-CN-YunxiNeural	chat	+1%	0.99	100
店員の声	店員の声	young_female	zh-CN-XiaoyiNeural	cheerful	+4%	1.02	100
審査員＆観客	審査員＆観客	mature_female	zh-CN-XiaohanNeural	calm	0%	0.97	100
競馬ゲームの実況音声	競馬ゲームの実況音声	androgynous	zh-CN-XiaomoNeural	calm	-1%	0.97	100
アキバガードたち＆ねろボーイズ	アキバガードたち＆ねろボーイズ	mature_male	zh-CN-YunfengNeural	serious	-2%	0.96	100
機械人形	機械人形	young_male	zh-CN-YunxiaNeural	cheerful	+3%	1.00	100
店頭モニターからの声	店頭モニターからの声	young_female	zh-CN-XiaomengNeural	chat	+5%	1.03	100
人々の歓声	人々の歓声	young_female	zh-CN-XiaoxiaoNeural	cheerful	+3%	1.00	100
ファン一同	ファン一同	mature_female	zh-CN-XiaoruiNeural	calm	-2%	0.94	100
護衛スタッフＢ	護衛スタッフＢ	young_male	zh-CN-YunxiNeural	chat	+1%	0.99	100
見物していた観光客Ａ	見物していた観光客Ａ	androgynous	zh-CN-XiaomoNeural	calm	-1%	0.97	100
見物していた観光客Ｂ	見物していた観光客Ｂ	young_male	zh-CN-YunxiNeural	chat	+1%	0.99	100
買ったばかりの人形	買ったばかりの人形	young_female	zh-CN-XiaohanNeural	gentle	+2%	0.99	100
超合金	超合金	mature_female	zh-CN-XiaoxiaoNeural	gentle	0%	0.96	100
Ｘ・オルタ＆メイヴ＆タマモキャット	Ｘ・オルタ＆メイヴ＆タマモキャット	androgynous	zh-CN-XiaomoNeural	calm	-1%	0.97	100
謎の教授	謎の教授	androgynous	zh-CN-XiaomoNeural	calm	-1%	0.97	100
大観衆	大観衆	androgynous	zh-CN-YunxiaNeural	calm	+2%	0.99	100
マシュ＆Ｘ・オルタ	マシュ＆Ｘ・オルタ	young_male	zh-CN-YunxiNeural	chat	+1%	0.99	100
牛若丸＆ジャンヌ	牛若丸＆ジャンヌ	mature_female	zh-CN-XiaoruiNeural	calm	-2%	0.94	100
牛若丸＆アルテラ	牛若丸＆アルテラ	young_female	zh-CN-XiaomengNeural	chat	+5%	1.03	100
アキレウス（ほぼ無敵）	アキレウス（ほぼ無敵）	young_female	zh-CN-XiaoyiNeural	cheerful	+4%	1.02	100
シャルロット・コルデー（キャスター）	シャルロット・コルデー（キャスター）	young_female	zh-CN-XiaomengNeural	chat	+5%	1.03	100
ジャンヌ＆牛若丸＆アルテラ	ジャンヌ＆牛若丸＆アルテラ	mature_male	zh-CN-YunjianNeural	serious	-3%	0.95	100
イシュタル（妄想）	イシュタル（妄想）	mature_female	zh-CN-XiaoruiNeural	calm	-2%	0.94	100
量産型コロンブスたち	量産型コロンブスたち	young_female	zh-CN-XiaohanNeural	gentle	+2%	0.99	100
イシュタル＆カーマ	イシュタル＆カーマ	androgynous	zh-CN-YunxiaNeural	calm	+2%	0.99	100
シャルロット・コルデー（隅っこ）	シャルロット・コルデー（隅っこ）	mature_male	zh-CN-YunfengNeural	serious	-2%	0.96	100
黒髭（正座中）	黒髭（正座中）	young_female	zh-CN-XiaoxiaoNeural	cheerful	+3%	1.00	100
謎の怪盗	謎の怪盗	androgynous	zh-CN-XiaomoNeural	calm	-1%	0.97	100
黒髭（元船長）	黒髭（元船長）	young_female	zh-CN-XiaoyiNeural	cheerful	+4%	1.02	100
黒髭（二等水兵）	黒髭（二等水兵）	androgynous	zh-CN-XiaomoNeural	calm	-1%	0.97	100
量産型コロンブス×３	量産型コロンブス×３	androgynous	zh-CN-YunxiNeural	chat	0%	0.98	100
カイニス（あ、この肉美味え）	カイニス（あ、この肉美味え）	mature_female	zh-CN-XiaohanNeural	calm	0%	0.97	100
アキレウス（イチボ美味い）	アキレウス（イチボ美味い）	young_male	zh-CN-YunxiaNeural	cheerful	+3%	1.00	100
アキレウス（無視）	アキレウス（無視）	young_female	zh-CN-XiaomengNeural	chat	+5%	1.03	100
黒髭（２１０ｃｍ）	黒髭（２１０ｃｍ）	mature_female	zh-CN-XiaoxiaoNeural	gentle	0%	0.96	100
黒髭（恥ずかしくて振り返らない）	黒髭（恥ずかしくて振り返らない）	mature_male	zh-CN-YunjianNeural	serious	-3%	0.95	100
アキレウス（聞いてない）	アキレウス（聞いてない）	mature_male	zh-CN-YunzeNeural	calm	-4%	0.94	100
清少納言（聞いてない）	清少納言（聞いてない）	young_female	zh-CN-XiaoyiNeural	cheerful	+4%	1.02	100
マンドリカルド（聞いてたが困る）	マンドリカルド（聞いてたが困る）	mature_male	zh-CN-YunfengNeural	serious	-2%	0.96	100
本音	本音	young_female	zh-CN-XiaohanNeural	gentle	+2%	0.99	100
予告状	予告状	androgynous	zh-CN-YunxiNeural	chat	0%	0.98	100
黒鍵で縫い止められたカード	黒鍵で縫い止められたカード	young_female	zh-CN-XiaoyiNeural	cheerful	+4%	1.02	100
白虎？	白虎？	young_male	zh-CN-YunxiaNeural	cheerful	+3%	1.00	100
嵐の凶つ神	嵐の凶つ神	young_male	zh-CN-YunxiNeural	chat	+1%	0.99	100
織田信長＆沖田総司	織田信長＆沖田総司	androgynous	zh-CN-XiaomoNeural	calm	-1%	0.97	100
魔セイバー	魔セイバー	mature_female	zh-CN-XiaoruiNeural	calm	-2%	0.94	100
清少納言（ボンクラＡ）	清少納言（ボンクラＡ）	mature_female	zh-CN-XiaoruiNeural	calm	-2%	0.94	100
黒髭（ボンクラＢ）	黒髭（ボンクラＢ）	mature_male	zh-CN-YunjianNeural	serious	-3%	0.95	100
マンドリカルド（ボンクラＤ）	マンドリカルド（ボンクラＤ）	androgynous	zh-CN-YunxiaNeural	calm	+2%	0.99	100
黒髭（巻き込まれ事故）	黒髭（巻き込まれ事故）	mature_female	zh-CN-XiaoxiaoNeural	gentle	0%	0.96	100
アキレウス＆マンドリカルド	アキレウス＆マンドリカルド	young_male	zh-CN-YunxiNeural	chat	+1%	0.99	100
原住ノブ選組	原住ノブ選組	mature_female	zh-CN-XiaoruiNeural	calm	-2%	0.94	100
二機	二機	mature_male	zh-CN-YunzeNeural	calm	-4%	0.94	100
刑部姫（スイミング目線）	刑部姫（スイミング目線）	young_female	zh-CN-XiaomengNeural	chat	+5%	1.03	100
仮面を被った大きいほう	仮面を被った大きいほう	young_female	zh-CN-XiaomengNeural	chat	+5%	1.03	100
モードレッド（ヤケッパチ）	モードレッド（ヤケッパチ）	mature_female	zh-CN-XiaohanNeural	calm	0%	0.97	100
茶々＆森長可	茶々＆森長可	young_female	zh-CN-XiaoxiaoNeural	cheerful	+3%	1.00	100
エリザベート（ドヤァ……）	エリザベート（ドヤァ……）	androgynous	zh-CN-XiaomoNeural	calm	-1%	0.97	100
深淵の聖母	深淵の聖母	androgynous	zh-CN-YunxiaNeural	calm	+2%	0.99	100
勤王志士	勤王志士	mature_female	zh-CN-XiaohanNeural	calm	0%	0.97	100
アラハバキ・弐号機	アラハバキ・弐号機	androgynous	zh-CN-XiaomoNeural	calm	-1%	0.97	100
維新博士・李書文	維新博士・李書文	mature_female	zh-CN-XiaoruiNeural	calm	-2%	0.94	100
その他の一同	その他の一同	androgynous	zh-CN-XiaomoNeural	calm	-1%	0.97	100
高千穂の白き大蛇	高千穂の白き大蛇	young_male	zh-CN-YunxiaNeural	cheerful	+3%	1.00	100
会場のみんな	会場のみんな	young_female	zh-CN-XiaoyiNeural	cheerful	+4%	1.02	100
巨人種	巨人種	mature_female	zh-CN-XiaoxiaoNeural	gentle	0%	0.96	100
アニマルたち	アニマルたち	mature_male	zh-CN-YunjianNeural	serious	-3%	0.95	100
バゼット＆アストライア＆メドゥーサ	バゼット＆アストライア＆メドゥーサ	androgynous	zh-CN-YunxiNeural	chat	0%	0.98	100
商人の男	商人の男	androgynous	zh-CN-XiaomoNeural	calm	-1%	0.97	100
幸運Ｅ＆幸運Ｄ	幸運Ｅ＆幸運Ｄ	mature_male	zh-CN-YunfengNeural	serious	-2%	0.96	100
テオブローマン×３	テオブローマン×３	mature_male	zh-CN-YunzeNeural	calm	-4%	0.94	100
スターアロー	スターアロー	mature_male	zh-CN-YunfengNeural	serious	-2%	0.96	100
スターソード	スターソード	young_male	zh-CN-YunxiNeural	chat	+1%	0.99	100
Ｖ・ＶＲ・ＴＯＭＯＥ	Ｖ・ＶＲ・ＴＯＭＯＥ	mature_female	zh-CN-XiaoruiNeural	calm	-2%	0.94	100
イアソン・アルゴー	イアソン・アルゴー	mature_male	zh-CN-YunzeNeural	calm	-4%	0.94	100
ヘラクレス・9Ｌ	ヘラクレス・9Ｌ	young_female	zh-CN-XiaoyiNeural	cheerful	+4%	1.02	100
ゲオルグ・ジョージウス鑑識官	ゲオルグ・ジョージウス鑑識官	mature_male	zh-CN-YunjianNeural	serious	-3%	0.95	100
r.イビル	Dr.イビル	mature_female	zh-CN-XiaohanNeural	calm	0%	0.97	100
銀河冒険野郎たち	銀河冒険野郎たち	androgynous	zh-CN-YunxiaNeural	calm	+2%	0.99	100
バゼット＆マナナン	バゼット＆マナナン	androgynous	zh-CN-XiaomoNeural	calm	-1%	0.97	100
ヴリトラ（普通に帰ってきた）	ヴリトラ（普通に帰ってきた）	young_male	zh-CN-YunxiaNeural	cheerful	+3%	1.00	100
他の者たち	他の者たち	young_female	zh-CN-XiaomengNeural	chat	+5%	1.03	100
水怪たち	水怪たち	androgynous	zh-CN-YunxiNeural	chat	0%	0.98	100
キャップン	キャップン	mature_male	zh-CN-YunzeNeural	calm	-4%	0.94	100
[#仲間たち:アンプロワイエ]	[#仲間たち:アンプロワイエ]	mature_female	zh-CN-XiaoxiaoNeural	gentle	0%	0.96	100
恐るべき神	恐るべき神	young_female	zh-CN-XiaomengNeural	chat	+5%	1.03	100
不運な者たち	不運な者たち	mature_female	zh-CN-XiaoruiNeural	calm	-2%	0.94	100
[#出演者:キャスト]	[#出演者:キャスト]	young_female	zh-CN-XiaoyiNeural	cheerful	+4%	1.02	100
プレシオサウルスくん？	プレシオサウルスくん？	androgynous	zh-CN-YunxiNeural	chat	0%	0.98	100
ゲロリアン	ゲロリアン	mature_female	zh-CN-XiaohanNeural	calm	0%	0.97	100
[#出演者:ひがいしゃ]	[#出演者:ひがいしゃ]	young_male	zh-CN-YunxiaNeural	cheerful	+3%	1.00	100
徴弐（夢中）	徴弐（夢中）	young_male	zh-CN-YunxiNeural	chat	+1%	0.99	100
[#町の人々:エ　キ　ス　ト　ラ]	[#町の人々:エ　キ　ス　ト　ラ]	young_male	zh-CN-YunxiaNeural	cheerful	+3%	1.00	100
ブリスケット・ボーイ	ブリスケット・ボーイ	young_female	zh-CN-XiaoxiaoNeural	cheerful	+3%	1.00	100
ピットマスター・パティ	ピットマスター・パティ	mature_male	zh-CN-YunfengNeural	serious	-2%	0.96	100
ベイブ・ザ・ブルーオックス	ベイブ・ザ・ブルーオックス	young_male	zh-CN-YunxiaNeural	cheerful	+3%	1.00	100
[#出　演　者:パーティメンバー]	[#出　演　者:パーティメンバー]	young_female	zh-CN-XiaoyiNeural	cheerful	+4%	1.02	100
モブＤ？	モブＤ？	mature_male	zh-CN-YunjianNeural	serious	-3%	0.95	100
モブＥ？	モブＥ？	mature_female	zh-CN-XiaoruiNeural	calm	-2%	0.94	100
モブＧ？	モブＧ？	young_female	zh-CN-XiaomengNeural	chat	+5%	1.03	100
ヘシアン（マント着脱自在）	ヘシアン（マント着脱自在）	young_male	zh-CN-YunxiNeural	chat	+1%	0.99	100
ヘシアン・ロボ＆バーゲスト	ヘシアン・ロボ＆バーゲスト	androgynous	zh-CN-XiaomoNeural	calm	-1%	0.97	100
フォウ（幻覚）	フォウ（幻覚）	mature_female	zh-CN-XiaoxiaoNeural	gentle	0%	0.96	100
アレキサンダー＆アルトリア・オルタ＆清少納言	アレキサンダー＆アルトリア・オルタ＆清少納言	young_male	zh-CN-YunxiNeural	chat	+1%	0.99	100
シノ＆ソウスケ	シノ＆ソウスケ	mature_male	zh-CN-YunzeNeural	calm	-4%	0.94	100
ソウスケと？	ソウスケと？	mature_male	zh-CN-YunjianNeural	serious	-3%	0.95	100
岡田以蔵＆葛飾北斎	岡田以蔵＆葛飾北斎	young_female	zh-CN-XiaoyiNeural	cheerful	+4%	1.02	100
“礼”の犬士	“礼”の犬士	young_female	zh-CN-XiaomengNeural	chat	+5%	1.03	100
六房	六房	young_female	zh-CN-XiaohanNeural	gentle	+2%	0.99	100
ホッキョクグマ（子）	ホッキョクグマ（子）	androgynous	zh-CN-XiaomoNeural	calm	-1%	0.97	100
ホッキョクグマ（親）	ホッキョクグマ（親）	mature_female	zh-CN-XiaoruiNeural	calm	-2%	0.94	100
ハシブトウミガラス	ハシブトウミガラス	mature_female	zh-CN-XiaohanNeural	calm	0%	0.97	100
ハシブトウミガラスの群れ	ハシブトウミガラスの群れ	androgynous	zh-CN-XiaomoNeural	calm	-1%	0.97	100
仔犬たち	仔犬たち	young_male	zh-CN-YunxiaNeural	cheerful	+3%	1.00	100
ネモ・マスター	ネモ・マスター	young_male	zh-CN-YunxiaNeural	cheerful	+3%	1.00	100
ネモ・スルーズ	ネモ・スルーズ	young_male	zh-CN-YunxiNeural	chat	+1%	0.99	100
キャスト一同	キャスト一同	young_male	zh-CN-YunxiaNeural	cheerful	+3%	1.00	100
ロビンフッド（アタランテ？）	ロビンフッド（アタランテ？）	young_male	zh-CN-YunxiNeural	chat	+1%	0.99	100
ロビンフッド（アタランテ）	ロビンフッド（アタランテ）	mature_male	zh-CN-YunfengNeural	serious	-2%	0.96	100
李書文（ポルクス？）	李書文（ポルクス？）	androgynous	zh-CN-XiaomoNeural	calm	-1%	0.97	100
李書文（カストロ？）	李書文（カストロ？）	young_female	zh-CN-XiaoyiNeural	cheerful	+4%	1.02	100
ジャック（アスクレピオス？）	ジャック（アスクレピオス？）	androgynous	zh-CN-XiaomoNeural	calm	-1%	0.97	100
ジャック（アスクレピオス）	ジャック（アスクレピオス）	mature_female	zh-CN-XiaoxiaoNeural	gentle	0%	0.96	100
キャストたち	キャストたち	mature_male	zh-CN-YunfengNeural	serious	-2%	0.96	100
ボイジャー（イアソン？）	ボイジャー（イアソン？）	androgynous	zh-CN-XiaomoNeural	calm	-1%	0.97	100
ケノ＆ソウスケ	ケノ＆ソウスケ	mature_male	zh-CN-YunzeNeural	calm	-4%	0.94	100
ホームズ＆鬼一法眼	ホームズ＆鬼一法眼	mature_male	zh-CN-YunjianNeural	serious	-3%	0.95	100
シオン＆鬼一法眼	シオン＆鬼一法眼	young_female	zh-CN-XiaomengNeural	chat	+5%	1.03	100
燕青＆ガレス	燕青＆ガレス	young_male	zh-CN-YunxiNeural	chat	+1%	0.99	100
ればのん	ればのん	young_male	zh-CN-YunxiaNeural	cheerful	+3%	1.00	100
マンボちゃん	マンボちゃん	mature_male	zh-CN-YunjianNeural	serious	-3%	0.95	100
ガレぴっぴ	ガレぴっぴ	mature_male	zh-CN-YunfengNeural	serious	-2%	0.96	100
パーシヴァル？	パーシヴァル？	androgynous	zh-CN-XiaomoNeural	calm	-1%	0.97	100
主任？	主任？	mature_male	zh-CN-YunzeNeural	calm	-4%	0.94	100
武則天（呑気）	武則天（呑気）	androgynous	zh-CN-XiaomoNeural	calm	-1%	0.97	100
スカディ	スカディ	mature_female	zh-CN-XiaoxiaoNeural	gentle	0%	0.96	100
巴御前（運営）	巴御前（運営）	young_female	zh-CN-XiaoyiNeural	cheerful	+4%	1.02	100
親子？	親子？	androgynous	zh-CN-YunxiaNeural	calm	+2%	0.99	100
ジャンヌ・オルタ（計算中）	ジャンヌ・オルタ（計算中）	androgynous	zh-CN-YunxiNeural	chat	0%	0.98	100
人間族の長	人間族の長	mature_male	zh-CN-YunzeNeural	calm	-4%	0.94	100
巨人族の長	巨人族の長	mature_male	zh-CN-YunjianNeural	serious	-3%	0.95	100
イマジナリー・フォウくん	イマジナリー・フォウくん	young_male	zh-CN-YunxiaNeural	cheerful	+3%	1.00	100
ホッキョクグマＡ	ホッキョクグマＡ	mature_female	zh-CN-XiaohanNeural	calm	0%	0.97	100
ホッキョクグマＢ	ホッキョクグマＢ	young_male	zh-CN-YunxiNeural	chat	+1%	0.99	100
ジャンヌ・オルタ＆葛飾北斎	ジャンヌ・オルタ＆葛飾北斎	mature_male	zh-CN-YunfengNeural	serious	-2%	0.96	100
蘭丸Ｘみたいな蘭丸	蘭丸Ｘみたいな蘭丸	young_female	zh-CN-XiaomengNeural	chat	+5%	1.03	100
蘭丸Ｘみたいな蘭丸みたいな何か	蘭丸Ｘみたいな蘭丸みたいな何か	mature_female	zh-CN-XiaoruiNeural	calm	-2%	0.94	100
よく見たら蘭丸Ｘでも蘭丸でもない何か	よく見たら蘭丸Ｘでも蘭丸でもない何か	mature_male	zh-CN-YunfengNeural	serious	-2%	0.96	100
獣人店員	獣人店員	young_male	zh-CN-YunxiNeural	chat	+1%	0.99	100
邪馬台国の亡霊	邪馬台国の亡霊	mature_male	zh-CN-YunzeNeural	calm	-4%	0.94	100
氷の魚	氷の魚	mature_male	zh-CN-YunjianNeural	serious	-3%	0.95	100
利休	利休	young_female	zh-CN-XiaomengNeural	chat	+5%	1.03	100
お拾	お拾	mature_male	zh-CN-YunfengNeural	serious	-2%	0.96	100
イリヤ＆クロエ＆美遊	イリヤ＆クロエ＆美遊	young_male	zh-CN-YunxiaNeural	cheerful	+3%	1.00	100
モードレッド＆カイニス	モードレッド＆カイニス	mature_female	zh-CN-XiaohanNeural	calm	0%	0.97	100
清少納言＆紫式部＆鈴鹿御前	清少納言＆紫式部＆鈴鹿御前	young_male	zh-CN-YunxiNeural	chat	+1%	0.99	100
おき茶オルタ	おき茶オルタ	mature_male	zh-CN-YunzeNeural	calm	-4%	0.94	100
壱与＆山南敬助	壱与＆山南敬助	mature_male	zh-CN-YunjianNeural	serious	-3%	0.95	100
黒い獣人達	黒い獣人達	mature_female	zh-CN-XiaoruiNeural	calm	-2%	0.94	100
盗賊ｓ	盗賊ｓ	young_male	zh-CN-YunxiaNeural	cheerful	+3%	1.00	100
介錯人	介錯人	mature_male	zh-CN-YunzeNeural	calm	-4%	0.94	100
歌人	歌人	mature_male	zh-CN-YunfengNeural	serious	-2%	0.96	100
ドン・キホーテ＆サンチョ	ドン・キホーテ＆サンチョ	mature_male	zh-CN-YunjianNeural	serious	-3%	0.95	100
麻婆豆腐	麻婆豆腐	androgynous	zh-CN-XiaomoNeural	calm	-1%	0.97	100
黄飛虎（知り合い）	黄飛虎（知り合い）	young_female	zh-CN-XiaoyiNeural	cheerful	+4%	1.02	100
太公望（知り合い）	太公望（知り合い）	young_female	zh-CN-XiaoxiaoNeural	cheerful	+3%	1.00	100
秦良玉＆太公望	秦良玉＆太公望	mature_male	zh-CN-YunfengNeural	serious	-2%	0.96	100
三師匠	三師匠	androgynous	zh-CN-XiaomoNeural	calm	-1%	0.97	100
ジャンヌ・オルタ・サンタ・リリィ（適応した）	ジャンヌ・オルタ・サンタ・リリィ（適応した）	androgynous	zh-CN-XiaomoNeural	calm	-1%	0.97	100
セミラミス（工事長）	セミラミス（工事長）	young_female	zh-CN-XiaomengNeural	chat	+5%	1.03	100
マルタｓ	マルタｓ	mature_male	zh-CN-YunjianNeural	serious	-3%	0.95	100
本能寺物産家臣	本能寺物産家臣	androgynous	zh-CN-YunxiaNeural	calm	+2%	0.99	100
アタランテ？	アタランテ？	young_female	zh-CN-XiaohanNeural	gentle	+2%	0.99	100
ファントム？	ファントム？	mature_female	zh-CN-XiaoruiNeural	calm	-2%	0.94	100
ジル・ド・レェ？	ジル・ド・レェ？	mature_male	zh-CN-YunzeNeural	calm	-4%	0.94	100
ドラコー＆ロクスタ	ドラコー＆ロクスタ	mature_female	zh-CN-XiaoxiaoNeural	gentle	0%	0.96	100
魔獣バルバトス	魔獣バルバトス	mature_female	zh-CN-XiaohanNeural	calm	0%	0.97	100
シンベエ＆ドウセツ	シンベエ＆ドウセツ	androgynous	zh-CN-YunxiNeural	chat	0%	0.98	100
５人	５人	androgynous	zh-CN-XiaomoNeural	calm	-1%	0.97	100
メドゥーサ（ランサー）	メドゥーサ（ランサー）	young_female	zh-CN-XiaoyiNeural	cheerful	+4%	1.02	100
岡田以蔵？	岡田以蔵？	mature_female	zh-CN-XiaoruiNeural	calm	-2%	0.94	100
カルナ？	カルナ？	mature_female	zh-CN-XiaoxiaoNeural	gentle	0%	0.96	100
岡田以蔵の声	岡田以蔵の声	young_female	zh-CN-XiaomengNeural	chat	+5%	1.03	100
背中にコブのある動物	背中にコブのある動物	young_female	zh-CN-XiaoyiNeural	cheerful	+4%	1.02	100
クロエ？	クロエ？	young_female	zh-CN-XiaomengNeural	chat	+5%	1.03	100
r.サムワン	Mr.サムワン	young_female	zh-CN-XiaoyiNeural	cheerful	+4%	1.02	100
あわてるふたり	あわてるふたり	mature_female	zh-CN-XiaoxiaoNeural	gentle	0%	0.96	100
黒髭＆ジャンヌ・オルタ	黒髭＆ジャンヌ・オルタ	young_female	zh-CN-XiaohanNeural	gentle	+2%	0.99	100
葛飾北斎（代表代理）	葛飾北斎（代表代理）	mature_male	zh-CN-YunjianNeural	serious	-3%	0.95	100
燕青（代表代理）	燕青（代表代理）	young_male	zh-CN-YunxiaNeural	cheerful	+3%	1.00	100
トリスタン＆ガウェイン	トリスタン＆ガウェイン	mature_male	zh-CN-YunzeNeural	calm	-4%	0.94	100
マシュ＆クロエ	マシュ＆クロエ	androgynous	zh-CN-XiaomoNeural	calm	-1%	0.97	100
集まっている動物たち	集まっている動物たち	mature_female	zh-CN-XiaoruiNeural	calm	-2%	0.94	100
マシュ＆アルキャス	マシュ＆アルキャス	androgynous	zh-CN-YunxiNeural	chat	0%	0.98	100
黒髭＆ランスロット＆クロエ	黒髭＆ランスロット＆クロエ	young_male	zh-CN-YunxiNeural	chat	+1%	0.99	100
ヤラアーンドゥ＆マシュ	ヤラアーンドゥ＆マシュ	mature_male	zh-CN-YunfengNeural	serious	-2%	0.96	100
サークルのみなさん	サークルのみなさん	mature_female	zh-CN-XiaohanNeural	calm	0%	0.97	100
ガウェイン＆ガレス	ガウェイン＆ガレス	mature_female	zh-CN-XiaoxiaoNeural	gentle	0%	0.96	100
技巧派カンガルー	技巧派カンガルー	young_female	zh-CN-XiaoyiNeural	cheerful	+4%	1.02	100
豪腕派カンガルー	豪腕派カンガルー	androgynous	zh-CN-YunxiaNeural	calm	+2%	0.99	100
信者たち	信者たち	androgynous	zh-CN-XiaomoNeural	calm	-1%	0.97	100
逃げ惑うサークル参加者Ａ	逃げ惑うサークル参加者Ａ	mature_female	zh-CN-XiaoruiNeural	calm	-2%	0.94	100
逃げ惑うサークル参加者Ｂ	逃げ惑うサークル参加者Ｂ	mature_female	zh-CN-XiaohanNeural	calm	0%	0.97	100
逃げ惑うサークル参加者Ｃ	逃げ惑うサークル参加者Ｃ	young_male	zh-CN-YunxiaNeural	cheerful	+3%	1.00	100
アルトリア・キャスター＆クロエ	アルトリア・キャスター＆クロエ	young_female	zh-CN-XiaomengNeural	chat	+5%	1.03	100
イリヤ＆美遊	イリヤ＆美遊	mature_female	zh-CN-XiaoxiaoNeural	gentle	0%	0.96	100
イリヤ＆美遊＆アルキャス	イリヤ＆美遊＆アルキャス	young_male	zh-CN-YunxiNeural	chat	+1%	0.99	100
葛飾北斎＆アビゲイル	葛飾北斎＆アビゲイル	androgynous	zh-CN-XiaomoNeural	calm	-1%	0.97	100
お路＆葛飾北斎	お路＆葛飾北斎	mature_male	zh-CN-YunfengNeural	serious	-2%	0.96	100
キャメロットの騎士たち	キャメロットの騎士たち	young_male	zh-CN-YunxiaNeural	cheerful	+3%	1.00	100
通りすがりの人間	通りすがりの人間	young_female	zh-CN-XiaomengNeural	chat	+5%	1.03	100
カーマｓ	カーマｓ	young_female	zh-CN-XiaoyiNeural	cheerful	+4%	1.02	100
カルデアゲーム部一同	カルデアゲーム部一同	young_female	zh-CN-XiaoyiNeural	cheerful	+4%	1.02	100
一般参加者Ｆ	一般参加者Ｆ	mature_female	zh-CN-XiaoruiNeural	calm	-2%	0.94	100
一般参加者Ｇ	一般参加者Ｇ	mature_male	zh-CN-YunzeNeural	calm	-4%	0.94	100
【黄金】	【黄金】	young_male	zh-CN-YunxiNeural	chat	+1%	0.99	100
音響アシスタント	音響アシスタント	young_male	zh-CN-YunxiaNeural	cheerful	+3%	1.00	100
ソウスケ＆コブンゴ	ソウスケ＆コブンゴ	young_male	zh-CN-YunxiNeural	chat	+1%	0.99	100
シノ＆シンベエ	シノ＆シンベエ	young_male	zh-CN-YunxiNeural	chat	+1%	0.99	100
カフェのウェイター	カフェのウェイター	mature_male	zh-CN-YunjianNeural	serious	-3%	0.95	100
太歳星君（チョコ）	太歳星君（チョコ）	mature_male	zh-CN-YunzeNeural	calm	-4%	0.94	100
ボイジャー（バナナ）	ボイジャー（バナナ）	young_male	zh-CN-YunxiaNeural	cheerful	+3%	1.00	100
ワンジナ（ストロベリー）	ワンジナ（ストロベリー）	androgynous	zh-CN-XiaomoNeural	calm	-1%	0.97	100
エリセ（チョコミント）	エリセ（チョコミント）	young_female	zh-CN-XiaohanNeural	gentle	+2%	0.99	100
マシュ（バニラ）	マシュ（バニラ）	mature_male	zh-CN-YunfengNeural	serious	-2%	0.96	100
クリームヒルト（モカ）	クリームヒルト（モカ）	mature_female	zh-CN-XiaoxiaoNeural	gentle	0%	0.96	100
柳生但馬守（バニラとストロベリーＷ）	柳生但馬守（バニラとストロベリーＷ）	mature_male	zh-CN-YunjianNeural	serious	-3%	0.95	100
一般参加予定者	一般参加予定者	young_male	zh-CN-YunxiNeural	chat	+1%	0.99	100
一般参加者Ａ	一般参加者Ａ	young_female	zh-CN-XiaomengNeural	chat	+5%	1.03	100
一般参加者Ｂ	一般参加者Ｂ	young_male	zh-CN-YunxiaNeural	cheerful	+3%	1.00	100
一般参加者Ｃ	一般参加者Ｃ	mature_female	zh-CN-XiaoruiNeural	calm	-2%	0.94	100
一般参加者Ｄ	一般参加者Ｄ	mature_male	zh-CN-YunfengNeural	serious	-2%	0.96	100
ガラガラオロチ	ガラガラオロチ	androgynous	zh-CN-XiaomoNeural	calm	-1%	0.97	100
コブンゴ＆ゲンパチ	コブンゴ＆ゲンパチ	androgynous	zh-CN-XiaomoNeural	calm	-1%	0.97	100
ケノ＆ダイカク	ケノ＆ダイカク	mature_female	zh-CN-XiaoxiaoNeural	gentle	0%	0.96	100
スフィンクスＡ	スフィンクスＡ	young_male	zh-CN-YunxiNeural	chat	+1%	0.99	100
スフィンクスＢ	スフィンクスＢ	young_female	zh-CN-XiaohanNeural	gentle	+2%	0.99	100
スフィンクスＣ	スフィンクスＣ	androgynous	zh-CN-XiaomoNeural	calm	-1%	0.97	100
今魔川獣	今魔川獣	young_male	zh-CN-YunxiaNeural	cheerful	+3%	1.00	100
ドライノッブ４ＷＤ	ドライノッブ４ＷＤ	mature_female	zh-CN-XiaoruiNeural	calm	-2%	0.94	100
武田騎馬隊	武田騎馬隊	mature_female	zh-CN-XiaoxiaoNeural	gentle	0%	0.96	100
今魔川鉄砲隊	今魔川鉄砲隊	androgynous	zh-CN-XiaomoNeural	calm	-1%	0.97	100
武田兵	武田兵	androgynous	zh-CN-XiaomoNeural	calm	-1%	0.97	100
尾張ノッブスターズメンバー	尾張ノッブスターズメンバー	mature_male	zh-CN-YunzeNeural	calm	-4%	0.94	100
[#今魔川兵:い ま が わ へ い]	[#今魔川兵:い ま が わ へ い]	young_male	zh-CN-YunxiaNeural	cheerful	+3%	1.00	100
父らしき男	父らしき男	mature_female	zh-CN-XiaoruiNeural	calm	-2%	0.94	100
フォウ（特別解説）	フォウ（特別解説）	mature_female	zh-CN-XiaohanNeural	calm	0%	0.97	100
今川義元（左）	今川義元（左）	young_male	zh-CN-YunxiNeural	chat	+1%	0.99	100
今川義元（右）	今川義元（右）	mature_female	zh-CN-XiaoxiaoNeural	gentle	0%	0.96	100
ネモ・エンジン＆ニコラ・テスラ	ネモ・エンジン＆ニコラ・テスラ	androgynous	zh-CN-YunxiNeural	chat	0%	0.98	100
魔王信長＆ノッブ	魔王信長＆ノッブ	young_female	zh-CN-XiaoyiNeural	cheerful	+4%	1.02	100
明るい声	明るい声	mature_female	zh-CN-XiaoruiNeural	calm	-2%	0.94	100
若旦那？	若旦那？	androgynous	zh-CN-XiaomoNeural	calm	-1%	0.97	100
通信機	通信機	mature_male	zh-CN-YunjianNeural	serious	-3%	0.95	100
ド・ギッシュ	ド・ギッシュ	mature_female	zh-CN-XiaohanNeural	calm	0%	0.97	100
クリスチャン	クリスチャン	mature_male	zh-CN-YunzeNeural	calm	-4%	0.94	100
ロクサーヌ	ロクサーヌ	androgynous	zh-CN-YunxiaNeural	calm	+2%	0.99	100
勇士二人	勇士二人	mature_male	zh-CN-YunfengNeural	serious	-2%	0.96	100
ロジェロ	ロジェロ	young_female	zh-CN-XiaomengNeural	chat	+5%	1.03	100
ロクサーヌ（声：楊貴妃）	ロクサーヌ（声：楊貴妃）	mature_male	zh-CN-YunjianNeural	serious	-3%	0.95	100
アストルフォ（直感的なアレ）	アストルフォ（直感的なアレ）	young_male	zh-CN-YunxiNeural	chat	+1%	0.99	100
巨大怪異	巨大怪異	mature_male	zh-CN-YunzeNeural	calm	-4%	0.94	100
蒼崎青子以外	蒼崎青子以外	mature_male	zh-CN-YunjianNeural	serious	-3%	0.95	100
イアソン（←マクダフ）	イアソン（←マクダフ）	androgynous	zh-CN-XiaomoNeural	calm	-1%	0.97	100
巨大な怪物	巨大な怪物	androgynous	zh-CN-YunxiaNeural	calm	+2%	0.99	100
外国人Ｂ	外国人Ｂ	young_male	zh-CN-YunxiaNeural	cheerful	+3%	1.00	100
ワニ兵士Ａ	ワニ兵士Ａ	mature_male	zh-CN-YunfengNeural	serious	-2%	0.96	100
ワニ兵士Ｂ	ワニ兵士Ｂ	mature_male	zh-CN-YunjianNeural	serious	-3%	0.95	100
ワニ兵士Ｃ	ワニ兵士Ｃ	mature_female	zh-CN-XiaoxiaoNeural	gentle	0%	0.96	100
戻ったら既にいた蒼崎青子	戻ったら既にいた蒼崎青子	mature_female	zh-CN-XiaohanNeural	calm	0%	0.97	100
キングモアイ	キングモアイ	androgynous	zh-CN-YunxiNeural	chat	0%	0.98	100
オタクサン	オタクサン	mature_female	zh-CN-XiaoruiNeural	calm	-2%	0.94	100
徐福の声	徐福の声	young_female	zh-CN-XiaomengNeural	chat	+5%	1.03	100
エレシュキガルの声	エレシュキガルの声	mature_male	zh-CN-YunfengNeural	serious	-2%	0.96	100
パッションリップ（起きた）	パッションリップ（起きた）	young_male	zh-CN-YunxiNeural	chat	+1%	0.99	100
ホイッスルを咥えたお姉さん	ホイッスルを咥えたお姉さん	young_male	zh-CN-YunxiaNeural	cheerful	+3%	1.00	100
タオルを持ったお兄さん	タオルを持ったお兄さん	androgynous	zh-CN-XiaomoNeural	calm	-1%	0.97	100
誰かの声	誰かの声	young_female	zh-CN-XiaoyiNeural	cheerful	+4%	1.02	100
最前列にいるヴリトラ	最前列にいるヴリトラ	mature_male	zh-CN-YunzeNeural	calm	-4%	0.94	100
使い魔たち	使い魔たち	androgynous	zh-CN-XiaomoNeural	calm	-1%	0.97	100
アビゲイル＆バニヤン	アビゲイル＆バニヤン	young_female	zh-CN-XiaomengNeural	chat	+5%	1.03	100
エルロン＆ムニエル	エルロン＆ムニエル	young_male	zh-CN-YunxiaNeural	cheerful	+3%	1.00	100
ハサン一同	ハサン一同	mature_female	zh-CN-XiaoxiaoNeural	gentle	0%	0.96	100
鍋のハサン	鍋のハサン	young_male	zh-CN-YunxiNeural	chat	+1%	0.99	100
小人たち	小人たち	young_female	zh-CN-XiaoyiNeural	cheerful	+4%	1.02	100
サンタズムーン＆スターシエル	サンタズムーン＆スターシエル	mature_male	zh-CN-YunzeNeural	calm	-4%	0.94	100
モードレッド＆アルトリア	モードレッド＆アルトリア	young_female	zh-CN-XiaomengNeural	chat	+5%	1.03	100
エリザベート（聞いてない）	エリザベート（聞いてない）	androgynous	zh-CN-XiaomoNeural	calm	-1%	0.97	100
捕食竜	捕食竜	young_female	zh-CN-XiaoyiNeural	cheerful	+4%	1.02	100
岡田以蔵（寝た）	岡田以蔵（寝た）	androgynous	zh-CN-XiaomoNeural	calm	-1%	0.97	100
両親	両親	mature_female	zh-CN-XiaohanNeural	calm	0%	0.97	100
親族Ｃ	親族Ｃ	young_female	zh-CN-XiaoyiNeural	cheerful	+4%	1.02	100
佐々木と呼ばれた男	佐々木と呼ばれた男	androgynous	zh-CN-YunxiaNeural	calm	+2%	0.99	100
胤舜（知らない）	胤舜（知らない）	young_female	zh-CN-XiaomengNeural	chat	+5%	1.03	100
オデュッセウス＆テュフォン・エフェメロス	オデュッセウス＆テュフォン・エフェメロス	mature_male	zh-CN-YunjianNeural	serious	-3%	0.95	100
外からの声Ａ	外からの声Ａ	androgynous	zh-CN-YunxiNeural	chat	0%	0.98	100
オデュッセウス＆ゴルドルフ	オデュッセウス＆ゴルドルフ	mature_male	zh-CN-YunfengNeural	serious	-2%	0.96	100
ビーマ＆アルジュナ	ビーマ＆アルジュナ	mature_male	zh-CN-YunfengNeural	serious	-2%	0.96	100
プトレマイオス＆ヘファイスティオン＆エルメロイⅡ世	プトレマイオス＆ヘファイスティオン＆エルメロイⅡ世	androgynous	zh-CN-XiaomoNeural	calm	-1%	0.97	100
就職希望者	就職希望者	mature_female	zh-CN-XiaoruiNeural	calm	-2%	0.94	100
サメェイン	サメェイン	young_male	zh-CN-YunxiNeural	chat	+1%	0.99	100
サーメヴァル	サーメヴァル	young_female	zh-CN-XiaoxiaoNeural	cheerful	+3%	1.00	100
エジソン＆ダ・ヴィンチ	エジソン＆ダ・ヴィンチ	young_male	zh-CN-YunxiaNeural	cheerful	+3%	1.00	100
呼延灼＆カーマ	呼延灼＆カーマ	androgynous	zh-CN-YunxiNeural	chat	0%	0.98	100
謎の鎧	謎の鎧	mature_male	zh-CN-YunjianNeural	serious	-3%	0.95	100
イリヤの声	イリヤの声	mature_female	zh-CN-XiaoruiNeural	calm	-2%	0.94	100
スカサハ＆スカサハ＝スカディ	スカサハ＆スカサハ＝スカディ	mature_female	zh-CN-XiaohanNeural	calm	0%	0.97	100
マシュ＆ミカ	マシュ＆ミカ	mature_female	zh-CN-XiaohanNeural	calm	0%	0.97	100
結婚相手	結婚相手	young_female	zh-CN-XiaoyiNeural	cheerful	+4%	1.02	100
久遠寺有珠＆メディア	久遠寺有珠＆メディア	androgynous	zh-CN-YunxiaNeural	calm	+2%	0.99	100
最後尾の男	最後尾の男	mature_male	zh-CN-YunzeNeural	calm	-4%	0.94	100
クリームヒルト（令嬢）	クリームヒルト（令嬢）	mature_male	zh-CN-YunzeNeural	calm	-4%	0.94	100
客（近所の漁師）	客（近所の漁師）	mature_male	zh-CN-YunfengNeural	serious	-2%	0.96	100
客（近所の侵略的外来魚）	客（近所の侵略的外来魚）	mature_male	zh-CN-YunjianNeural	serious	-3%	0.95	100
玉兎輝夜＆藤乃	玉兎輝夜＆藤乃	mature_female	zh-CN-XiaoxiaoNeural	gentle	0%	0.96	100
テスカトリポカ（いる）	テスカトリポカ（いる）	young_male	zh-CN-YunxiaNeural	cheerful	+3%	1.00	100
夏延灼	夏延灼	young_male	zh-CN-YunxiNeural	chat	+1%	0.99	100
サメ兵士ＡＢ	サメ兵士ＡＢ	androgynous	zh-CN-XiaomoNeural	calm	-1%	0.97	100
サメ兵士Ｃ	サメ兵士Ｃ	young_female	zh-CN-XiaomengNeural	chat	+5%	1.03	100
サメ兵士Ｄ	サメ兵士Ｄ	young_female	zh-CN-XiaomengNeural	chat	+5%	1.03	100
サメ兵士ＣＤ	サメ兵士ＣＤ	mature_male	zh-CN-YunjianNeural	serious	-3%	0.95	100
サメ兵士たち	サメ兵士たち	mature_male	zh-CN-YunzeNeural	calm	-4%	0.94	100
常連客の船乗り	常連客の船乗り	young_male	zh-CN-YunxiaNeural	cheerful	+3%	1.00	100
査定待ち一同	査定待ち一同	young_female	zh-CN-XiaoyiNeural	cheerful	+4%	1.02	100
親衛隊キレーちゃん	親衛隊キレーちゃん	young_male	zh-CN-YunxiNeural	chat	+1%	0.99	100
呼延灼（※気付いてない）	呼延灼（※気付いてない）	mature_female	zh-CN-XiaoruiNeural	calm	-2%	0.94	100
大統領＆ミカ	大統領＆ミカ	androgynous	zh-CN-XiaomoNeural	calm	-1%	0.97	100
ドーヴ＆レイヴン	ドーヴ＆レイヴン	mature_female	zh-CN-XiaohanNeural	calm	0%	0.97	100
重装神剣組隊士	重装神剣組隊士	mature_male	zh-CN-YunfengNeural	serious	-2%	0.96	100
島	島	androgynous	zh-CN-XiaomoNeural	calm	-1%	0.97	100
見覚えのある店員	見覚えのある店員	young_female	zh-CN-XiaoxiaoNeural	cheerful	+3%	1.00	100
勝支配人	勝支配人	mature_female	zh-CN-XiaoruiNeural	calm	-2%	0.94	100
カルデアお仕置き人	カルデアお仕置き人	young_female	zh-CN-XiaoyiNeural	cheerful	+4%	1.02	100
リトルマグナム孫一	リトルマグナム孫一	androgynous	zh-CN-YunxiNeural	chat	0%	0.98	100
歌舞伎動戦士ザンザブロー	歌舞伎動戦士ザンザブロー	young_female	zh-CN-XiaomengNeural	chat	+5%	1.03	100
マガツマシュノカミ	マガツマシュノカミ	mature_female	zh-CN-XiaoruiNeural	calm	-2%	0.94	100
ダーティオカダ	ダーティオカダ	young_male	zh-CN-YunxiaNeural	cheerful	+3%	1.00	100
リキュールオカダ	リキュールオカダ	androgynous	zh-CN-XiaomoNeural	calm	-1%	0.97	100
オカダステークス	オカダステークス	young_male	zh-CN-YunxiNeural	chat	+1%	0.99	100
リボルビングオカダ	リボルビングオカダ	mature_female	zh-CN-XiaoxiaoNeural	gentle	0%	0.96	100
量産型ダーオカ	量産型ダーオカ	young_female	zh-CN-XiaoyiNeural	cheerful	+4%	1.02	100
河上彦斎＆沖田総司	河上彦斎＆沖田総司	young_male	zh-CN-YunxiaNeural	cheerful	+3%	1.00	100
マガツボンバノブノカミ	マガツボンバノブノカミ	young_female	zh-CN-XiaohanNeural	gentle	+2%	0.99	100
通りすがりのギャンブラー	通りすがりのギャンブラー	mature_female	zh-CN-XiaohanNeural	calm	0%	0.97	100
一般人斬りマン	一般人斬りマン	young_female	zh-CN-XiaomengNeural	chat	+5%	1.03	100
オリュンポス山の村人たち	オリュンポス山の村人たち	young_female	zh-CN-XiaoyiNeural	cheerful	+4%	1.02	100
クリスマス魔獣	クリスマス魔獣	mature_male	zh-CN-YunjianNeural	serious	-3%	0.95	100
エリザ・アルシア／エリザ・アスクレウス	エリザ・アルシア／エリザ・アスクレウス	young_male	zh-CN-YunxiaNeural	cheerful	+3%	1.00	100
該当者	該当者	young_male	zh-CN-YunxiNeural	chat	+1%	0.99	100
エレシュキガル・オルタの声	エレシュキガル・オルタの声	young_female	zh-CN-XiaoxiaoNeural	cheerful	+3%	1.00	100
ナレーション（エリザベート）	ナレーション（エリザベート）	young_female	zh-CN-XiaomengNeural	chat	+5%	1.03	100
ツチノコ＆わらし	ツチノコ＆わらし	young_female	zh-CN-XiaohanNeural	gentle	+2%	0.99	100
モレー＆モレーちゃん	モレー＆モレーちゃん	mature_female	zh-CN-XiaoruiNeural	calm	-2%	0.94	100
マシュもどき	マシュもどき	androgynous	zh-CN-XiaomoNeural	calm	-1%	0.97	100
少年の影	少年の影	young_male	zh-CN-YunxiaNeural	cheerful	+3%	1.00	100
妖艶な少女	妖艶な少女	mature_male	zh-CN-YunzeNeural	calm	-4%	0.94	100
挑発的な少女	挑発的な少女	androgynous	zh-CN-XiaomoNeural	calm	-1%	0.97	100
蠱惑的な少年	蠱惑的な少年	androgynous	zh-CN-XiaomoNeural	calm	-1%	0.97	100
フランチェスカ・プレラーティ	フランチェスカ・プレラーティ	mature_male	zh-CN-YunfengNeural	serious	-2%	0.96	100
フランソワ・プレラーティ	フランソワ・プレラーティ	mature_male	zh-CN-YunfengNeural	serious	-2%	0.96	100
弓兵	弓兵	mature_male	zh-CN-YunjianNeural	serious	-3%	0.95	100
一般兵達	一般兵達	young_female	zh-CN-XiaoyiNeural	cheerful	+4%	1.02	100
魔物達	魔物達	mature_female	zh-CN-XiaoruiNeural	calm	-2%	0.94	100
血まみれの騎士	血まみれの騎士	mature_male	zh-CN-YunzeNeural	calm	-4%	0.94	100
サン？	サン？	mature_male	zh-CN-YunjianNeural	serious	-3%	0.95	100
ガレス＆マシュ	ガレス＆マシュ	young_male	zh-CN-YunxiNeural	chat	+1%	0.99	100
ジャック・ザ・リッパーズ	ジャック・ザ・リッパーズ	mature_female	zh-CN-XiaoxiaoNeural	gentle	0%	0.96	100
デュマの声	デュマの声	mature_male	zh-CN-YunfengNeural	serious	-2%	0.96	100
悪魔オリオン	悪魔オリオン	mature_male	zh-CN-YunzeNeural	calm	-4%	0.94	100
お客様Ａ	お客様Ａ	young_male	zh-CN-YunxiNeural	chat	+1%	0.99	100
お客様Ｂ	お客様Ｂ	mature_male	zh-CN-YunzeNeural	calm	-4%	0.94	100
お客様Ｃ	お客様Ｃ	androgynous	zh-CN-YunxiaNeural	calm	+2%	0.99	100
お客様Ｄ	お客様Ｄ	young_male	zh-CN-YunxiaNeural	cheerful	+3%	1.00	100
フランソワ？	フランソワ？	androgynous	zh-CN-XiaomoNeural	calm	-1%	0.97	100
グレイ／異星の神	グレイ／異星の神	mature_female	zh-CN-XiaohanNeural	calm	0%	0.97	100
デメテル・エリニュス／デメテル	デメテル・エリニュス／デメテル	mature_male	zh-CN-YunjianNeural	serious	-3%	0.95	100
ガベージ	ガベージ	mature_male	zh-CN-YunfengNeural	serious	-2%	0.96	100
デメテル／デメテル・エリニュス	デメテル／デメテル・エリニュス	androgynous	zh-CN-YunxiNeural	chat	0%	0.98	100
一夜の幻	一夜の幻	young_female	zh-CN-XiaomengNeural	chat	+5%	1.03	100
アーサー＆グレイ	アーサー＆グレイ	androgynous	zh-CN-XiaomoNeural	calm	-1%	0.97	100
アルトリア＆グレイ	アルトリア＆グレイ	young_male	zh-CN-YunxiNeural	chat	+1%	0.99	100
チンピラたち	チンピラたち	mature_female	zh-CN-XiaoxiaoNeural	gentle	0%	0.96	100
病人	病人	young_male	zh-CN-YunxiaNeural	cheerful	+3%	1.00	100
怪我人	怪我人	mature_female	zh-CN-XiaoruiNeural	calm	-2%	0.94	100
デメテル＆デメテル・エリニュス	デメテル＆デメテル・エリニュス	mature_male	zh-CN-YunzeNeural	calm	-4%	0.94	100
[#緑茶:ロビンフッド]	[#緑茶:ロビンフッド]	young_male	zh-CN-YunxiNeural	chat	+1%	0.99	100
