raw_name_box	name_box	count
マシュ	マシュ	40126
ダ・ヴィンチ	ダ・ヴィンチ	18600
？？？	？？？	8281
ゴルドルフ	ゴルドルフ	8154
ホームズ	ホームズ	8131
Dr.ロマン	Dr.ロマン	6501
カドック	カドック	4695
ジャンヌ・オルタ	ジャンヌ・オルタ	4412
モリアーティ	モリアーティ	3769
エリザベート	エリザベート	3742
シオン	シオン	3562
坂田金時	坂田金時	3497
武蔵	武蔵	3160
アルトリア	アルトリア	3045
フォウ	フォウ	2923
刑部姫	刑部姫	2867
カーマ	カーマ	2805
モードレッド	モードレッド	2756
オベロン	オベロン	2529
イアソン	イアソン	2520
ネモ	ネモ	2456
コヤンスカヤ	コヤンスカヤ	2262
エルメロイⅡ世	エルメロイⅡ世	2231
オルガマリー	オルガマリー	2220
イシュタル	イシュタル	2209
ロビンフッド	ロビンフッド	2206
紫式部	紫式部	2206
黒髭	黒髭	2174
葛飾北斎	葛飾北斎	2096
メドゥーサ	メドゥーサ	2083
ネロ	ネロ	2079
アビゲイル	アビゲイル	2073
ニトクリス	ニトクリス	2071
ギルガメッシュ	ギルガメッシュ	2068
茨木童子	茨木童子	1939
マンドリカルド	マンドリカルド	1916
ＢＢ	ＢＢ	1903
源頼光	源頼光	1886
エミヤ	エミヤ	1878
天草四郎	天草四郎	1796
太公望	太公望	1794
カイニス	カイニス	1763
清姫	清姫	1725
スカサハ＝スカディ	スカサハ＝スカディ	1725
ジャンヌ	ジャンヌ	1717
清少納言	清少納言	1682
ラーマ	ラーマ	1661
段蔵	段蔵	1653
スカサハ	スカサハ	1639
牛若丸	牛若丸	1600
千子村正	千子村正	1583
オリオン	オリオン	1566
アストルフォ	アストルフォ	1552
メイヴ	メイヴ	1534
シャルロット・コルデー	シャルロット・コルデー	1530
ペペロンチーノ	ペペロンチーノ	1526
マーリン	マーリン	1498
プトレマイオス	プトレマイオス	1497
パーシヴァル	パーシヴァル	1489
エリセ	エリセ	1464
アスクレピオス	アスクレピオス	1458
アナスタシア	アナスタシア	1452
ナポレオン	ナポレオン	1444
クー・フーリン	クー・フーリン	1404
虞美人	虞美人	1394
イリヤ	イリヤ	1377
風魔小太郎	風魔小太郎	1374
呼延灼	呼延灼	1369
酒呑童子	酒呑童子	1364
ガレス	ガレス	1355
三蔵	三蔵	1354
ダンテ	ダンテ	1344
アキレウス	アキレウス	1319
カルナ	カルナ	1305
沖田総司	沖田総司	1305
キリシュタリア	キリシュタリア	1300
モレー	モレー	1298
エジソン	エジソン	1293
トリスタン	トリスタン	1286
武則天	武則天	1278
キルケー	キルケー	1268
ライネス	ライネス	1254
エレシュキガル	エレシュキガル	1217
バーソロミュー	バーソロミュー	1207
シグルド	シグルド	1199
玉藻の前	玉藻の前	1190
徐福	徐福	1189
アルジュナ	アルジュナ	1184
ゴッホ	ゴッホ	1184
ムニエル	ムニエル	1176
ヴラド三世	ヴラド三世	1161
マリー	マリー	1148
ハベトロット	ハベトロット	1146
パッションリップ	パッションリップ	1145
サリエリ	サリエリ	1137
巴御前	巴御前	1121
エレナ	エレナ	1116
織田信長	織田信長	1115
エルキドゥ	エルキドゥ	1111
クリームヒルト	クリームヒルト	1098
高杉晋作	高杉晋作	1096
伊吹童子	伊吹童子	1092
シェヘラザード	シェヘラザード	1085
マルタ	マルタ	1083
オデュッセウス	オデュッセウス	1083
宮本伊織	宮本伊織	1079
長尾景虎	長尾景虎	1076
Ｘ・オルタ	Ｘ・オルタ	1073
鈴鹿御前	鈴鹿御前	1070
アンデルセン	アンデルセン	1063
フェルグス	フェルグス	1058
ヨハンナ	ヨハンナ	1041
Ｓイシュタル	Ｓイシュタル	1039
ナイチンゲール	ナイチンゲール	1037
サンソン	サンソン	1033
殺生院キアラ	殺生院キアラ	1033
パールヴァティー	パールヴァティー	1025
ブリュンヒルデ	ブリュンヒルデ	1018
Ｘ	Ｘ	1008
ガネーシャ	ガネーシャ	1008
斎藤一	斎藤一	1008
ナーサリー・ライム	ナーサリー・ライム	1004
メカエリチャン	メカエリチャン	998
ニキチッチ	ニキチッチ	991
ジークフリート	ジークフリート	978
メルトリリス	メルトリリス	978
テペウ	テペウ	977
坂本龍馬	坂本龍馬	971
ブラダマンテ	ブラダマンテ	970
クロエ	クロエ	968
ブーディカ	ブーディカ	966
燕青	燕青	957
フローラ	フローラ	954
ケイローン	ケイローン	949
ビリー	ビリー	944
沖田オルタ	沖田オルタ	940
クレオパトラ	クレオパトラ	938
ベディヴィエール	ベディヴィエール	934
グレイ	グレイ	931
ドレイク	ドレイク	925
オジマンディアス	オジマンディアス	922
哪吒	哪吒	921
バーゲスト	バーゲスト	921
シェイクスピア	シェイクスピア	913
アストライア	アストライア	908
アタランテ・オルタ	アタランテ・オルタ	905
ドゥリーヨダナ	ドゥリーヨダナ	903
シャルルマーニュ	シャルルマーニュ	899
Ｕ－オルガマリー	Ｕ－オルガマリー	895
ジーク	ジーク	894
ガウェイン	ガウェイン	886
タマモキャット	タマモキャット	883
ヴリトラ	ヴリトラ	883
ヘクトール	ヘクトール	874
ジェロニモ	ジェロニモ	873
荊軻	荊軻	870
ビショーネ	ビショーネ	869
メタトロン・ジャンヌ	メタトロン・ジャンヌ	864
シトナイ	シトナイ	861
ノッブ	ノッブ	860
紅閻魔	紅閻魔	859
楊貴妃	楊貴妃	855
岡田以蔵	岡田以蔵	849
アルトリア・オルタ	アルトリア・オルタ	843
デオン	デオン	842
岸波白野	岸波白野	842
柳生但馬守	柳生但馬守	840
アルトリア・キャスター	アルトリア・キャスター	838
鬼一法眼	鬼一法眼	833
カエサル	カエサル	829
おみぃさん	おみぃさん	827
カズラドロップ	カズラドロップ	826
ボイジャー	ボイジャー	820
ケツァル・コアトル	ケツァル・コアトル	819
ＢＢコスモ	ＢＢコスモ	819
セミラミス	セミラミス	811
テスカトリポカ	テスカトリポカ	807
マタ・ハリ	マタ・ハリ	804
ラクシュミー	ラクシュミー	804
ジャンヌ・オルタ・サンタ・リリィ	ジャンヌ・オルタ・サンタ・リリィ	803
張角	張角	797
ジャガーマン	ジャガーマン	793
カレン	カレン	791
アルテラサンタ	アルテラサンタ	784
E：？？？	？？？	782
サンチョ	サンチョ	780
スーパーバニヤン	スーパーバニヤン	770
アシュヴァッターマン	アシュヴァッターマン	763
アヴィケブロン	アヴィケブロン	762
カーミラ	カーミラ	756
ミス・クレーン	ミス・クレーン	745
D：？？？	？？？	740
ベリル	ベリル	738
エミヤ・オルタ	エミヤ・オルタ	725
リリス	リリス	725
パツシィ	パツシィ	714
レディ・アヴァロン	レディ・アヴァロン	710
徴側	徴側	709
F：？？？	？？？	708
コロンブス	コロンブス	707
クー・フーリン・オルタ	クー・フーリン・オルタ	703
ヤマトタケル	ヤマトタケル	703
アーラシュ	アーラシュ	701
新宿のアーチャー	新宿のアーチャー	699
織田信勝	織田信勝	697
始皇帝	始皇帝	695
ノクナレア	ノクナレア	694
蒼崎青子	蒼崎青子	690
ディルムッド	ディルムッド	689
ドラコー	ドラコー	689
茶々	茶々	685
ビーマ	ビーマ	683
ゼノビア	ゼノビア	683
ベオウルフ	ベオウルフ	674
ニコラ・テスラ	ニコラ・テスラ	669
モルガン	モルガン	669
ラムダ	ラムダ	654
アルテミス	アルテミス	652
ランスロット	ランスロット	650
アーユス	アーユス	632
メディア	メディア	631
マカリオス	マカリオス	631
セタンタ	セタンタ	628
卑弥呼	卑弥呼	621
メディア・リリィ	メディア・リリィ	619
ジャック	ジャック	618
春日局	春日局	618
オフェリア	オフェリア	617
蘭陵王	蘭陵王	609
バーヴァン・シー	バーヴァン・シー	602
アンドロメダ	アンドロメダ	599
パラケルスス	パラケルスス	598
A：？？？	？？？	595
呪腕のハサン	呪腕のハサン	594
バゼット	バゼット	594
武田晴信	武田晴信	594
土方歳三	土方歳三	592
ククルカン	ククルカン	591
ネモ・マリーン	ネモ・マリーン	590
C：？？？	？？？	589
巌窟王	巌窟王	589
壱与	壱与	588
ジェーン	ジェーン	586
李書文	李書文	584
ロウヒ	ロウヒ	584
ティアマト	ティアマト	582
森長可	森長可	582
ジキル	ジキル	580
ジュネス	ジュネス	580
ワンジナ	ワンジナ	580
エウリュアレ	エウリュアレ	578
ヒッポリュテ	ヒッポリュテ	574
ＢＢドバイ	ＢＢドバイ	572
アマデウス	アマデウス	570
メフィストフェレス	メフィストフェレス	570
エレシュキガル・オルタ	エレシュキガル・オルタ	568
アス	アス	568
シバの女王	シバの女王	557
パリス	パリス	556
コンスタンティノス	コンスタンティノス	555
ガラテア	ガラテア	555
ドン・キホーテ	ドン・キホーテ	554
蘆屋道満	蘆屋道満	551
子ギル	子ギル	550
バベッジ	バベッジ	546
九紋竜エリザ	九紋竜エリザ	545
インドラ	インドラ	545
リンボ	リンボ	542
テュフォン・エフェメロス	テュフォン・エフェメロス	540
山南敬助	山南敬助	537
渡辺綱	渡辺綱	536
ラスプーチン	ラスプーチン	536
千利休	千利休	536
フランソワ	フランソワ	536
デメテル	デメテル	533
黒姫	黒姫	531
弁慶	弁慶	521
ネモ・プロフェッサー	ネモ・プロフェッサー	520
由井正雪	由井正雪	518
永倉新八	永倉新八	514
出雲阿国	出雲阿国	514
煉獄	煉獄	514
ロクスタ	ロクスタ	506
ダビデ	ダビデ	505
フラン	フラン	504
サンタマルタ	サンタマルタ	504
スルーズ	スルーズ	500
アルジュナ・オルタ	アルジュナ・オルタ	498
ゲオルギウス	ゲオルギウス	497
ダ・ヴィンチちゃん	ダ・ヴィンチちゃん	496
ラニ＝ⅩⅡ	ラニ＝ⅩⅡ	490
アン	アン	483
ソロモン	ソロモン	483
杉谷善住坊	杉谷善住坊	483
メアリー	メアリー	482
[51ffff]ダ・ヴィンチ[-]	ダ・ヴィンチ	479
イスカンダル	イスカンダル	477
サンタオルタ	サンタオルタ	476
胤舜	胤舜	475
花咲翁	花咲翁	474
アタランテ	アタランテ	473
静謐のハサン	静謐のハサン	472
サロメ	サロメ	472
B：？？？	？？？	468
望月千代女	望月千代女	464
河上彦斎	河上彦斎	464
アデーレ	アデーレ	459
両儀式	両儀式	451
リチャード	リチャード	449
ライダー	ライダー	448
ジナコ	ジナコ	445
殺生院リリィ	殺生院リリィ	445
徴弐	徴弐	441
平景清	平景清	440
百貌のハサン	百貌のハサン	438
ペンテシレイア	ペンテシレイア	436
神父	神父	432
ヒロインＸＸ	ヒロインＸＸ	432
新宿のアサシン	新宿のアサシン	428
蘭丸Ｘ	蘭丸Ｘ	428
久遠寺有珠	久遠寺有珠	428
サンタカルナ	サンタカルナ	422
ディオスクロイ・カストロ	ディオスクロイ・カストロ	421
大統領	大統領	420
ルビー	ルビー	419
黄飛虎	黄飛虎	414
槻司鳶丸	槻司鳶丸	414
ツタンカーメン	ツタンカーメン	410
曲亭馬琴	曲亭馬琴	410
裁判長	裁判長	408
スパルタクス	スパルタクス	404
[B86349]ヘファイストス[-]	ヘファイストス	404
アシュタレト	アシュタレト	404
アルテラ	アルテラ	403
ゴルゴーン	ゴルゴーン	403
賢人グリム	賢人グリム	403
アーサー	アーサー	403
近藤勇	近藤勇	403
伊東甲子太郎	伊東甲子太郎	403
デイビット	デイビット	400
俵藤太	俵藤太	397
メカエリチャンⅡ号機	メカエリチャンⅡ号機	397
テル	テル	393
秦良玉	秦良玉	392
オキタ・Ｊ・ソウジ	オキタ・Ｊ・ソウジ	388
なぎこ	なぎこ	388
ジル	ジル	386
ローラン	ローラン	386
ムリアン	ムリアン	385
G：？？？	？？？	384
藤堂平助	藤堂平助	382
A：アマゾネスＣＥＯ	アマゾネスＣＥＯ	382
エウロペ	エウロペ	381
小野小町	小野小町	380
美遊	美遊	380
Ⅱ号機	Ⅱ号機	377
ハサン	ハサン	376
H：？？？	？？？	375
ゼウス	ゼウス	374
キングプロテア	キングプロテア	373
テノチティトラン	テノチティトラン	370
B：アヴェンジャー	アヴェンジャー	368
原田左之助	原田左之助	364
妖精騎士ランスロット	妖精騎士ランスロット	362
お竜さん	お竜さん	362
マリー・オルタ	マリー・オルタ	359
ナイチンゲール・サンタ	ナイチンゲール・サンタ	358
マリー・アントワネット	マリー・アントワネット	355
静希草十郎	静希草十郎	355
オルトリンデ	オルトリンデ	352
マナナン	マナナン	351
お栄	お栄	350
アレキサンダー	アレキサンダー	349
イヴァン雷帝	イヴァン雷帝	349
フィン・マックール	フィン・マックール	349
キャスター	キャスター	347
カリギュラ	カリギュラ	346
レオニダス	レオニダス	346
トネリコ	トネリコ	344
巌窟王モンテ・クリスト	巌窟王モンテ・クリスト	342
ドゥムジ	ドゥムジ	335
アステリオス	アステリオス	334
バニヤン	バニヤン	334
カリオストロ	カリオストロ	333
項羽	項羽	331
ペペロン伯爵	ペペロン伯爵	331
言峰綺礼	言峰綺礼	331
ネモサンタ	ネモサンタ	328
イスカリ	イスカリ	326
丑御前	丑御前	326
赤兎	赤兎	325
ステンノ	ステンノ	324
ゲルダ	ゲルダ	324
オベロン・ヴォーティガーン	オベロン・ヴォーティガーン	324
沖田	沖田	323
男	男	320
ヒルド	ヒルド	317
ＸＸ・オルタ	ＸＸ・オルタ	317
謎の代行者C.I.E.L	謎の代行者C.I.E.L	317
クロード	クロード	317
ハサラ	ハサラ	314
アイリーン	アイリーン	310
小次郎	小次郎	310
ウッドワス	ウッドワス	309
アポロン	アポロン	308
カマソッソ	カマソッソ	307
お路	お路	305
フェイカー	フェイカー	305
アニング	アニング	303
妖精騎士ガウェイン	妖精騎士ガウェイン	301
二人	二人	299
勝海舟	勝海舟	299
紅玉の書	紅玉の書	298
ボガード	ボガード	297
テセウス	テセウス	297
アイリスフィール	アイリスフィール	296
プロフェッサーＭ	プロフェッサーＭ	296
フィン	フィン	294
ときこ	ときこ	292
モレーちゃん	モレーちゃん	291
セレシェイラ	セレシェイラ	289
ネロ・ブライド	ネロ・ブライド	288
蛇竜人	蛇竜人	288
桂木千鍵	桂木千鍵	281
マリスビリー	マリスビリー	279
藤原香子	藤原香子	279
キングプロテア・オルタ	キングプロテア・オルタ	279
ドゥルガー	ドゥルガー	279
芹沢鴨	芹沢鴨	277
サクラ	サクラ	276
土方	土方	276
アナ	アナ	275
オーロラ	オーロラ	272
石田三成	石田三成	272
ディオスクロイ・ポルクス	ディオスクロイ・ポルクス	270
龍馬	龍馬	269
隈乃院ヨシスケ	隈乃院ヨシスケ	269
シエル	シエル	266
シラノ	シラノ	266
蛍	蛍	263
エジソン・オルタ	エジソン・オルタ	261
飛竜	飛竜	261
松永弾正	松永弾正	261
魔王信長	魔王信長	258
家老マシュ	家老マシュ	258
カーター	カーター	257
スプリガン	スプリガン	256
キリエ	キリエ	253
ジョン	ジョン	253
ザッハーク	ザッハーク	252
ファントム	ファントム	250
アショカ王	アショカ王	250
藤乃	藤乃	250
クリストファー君	クリストファー君	250
水着ノッブ	水着ノッブ	249
織田吉法師	織田吉法師	242
ラヴィニア	ラヴィニア	239
マキリ	マキリ	237
節分大将	節分大将	237
全員	全員	235
ヤラアーンドゥ	ヤラアーンドゥ	235
アナウンス	アナウンス	234
信長	信長	234
館長	館長	234
デュマ	デュマ	234
セイバー	セイバー	233
陳宮	陳宮	233
ホプキンス	ホプキンス	232
おぬい	おぬい	230
バーサーカー・衆合地獄	バーサーカー・衆合地獄	229
ヘファイスティオン	ヘファイスティオン	229
イプシロン	イプシロン	228
ブリトマート	ブリトマート	227
フレッカス	フレッカス	225
ジュリエット	ジュリエット	221
ＤＯＭＡＮ	ＤＯＭＡＮ	218
終わりのエリザベート	終わりのエリザベート	216
妖精騎士トリスタン	妖精騎士トリスタン	215
メリュジーヌ	メリュジーヌ	215
B：アマゾネスＣＥＯ	アマゾネスＣＥＯ	215
恐竜王	恐竜王	214
髭黒	髭黒	213
ライノール	ライノール	212
レフ	レフ	211
マリス	マリス	210
ジル・ド・レェ	ジル・ド・レェ	208
ニトクリス・オルタ	ニトクリス・オルタ	208
アンソニー	アンソニー	208
I：？？？	？？？	207
アグラヴェイン	アグラヴェイン	206
トラロック	トラロック	205
上杉謙信	上杉謙信	199
クラス・セイバー	クラス・セイバー	196
レッドラ・ビット	レッドラ・ビット	195
黄幡神・蘆屋道満	黄幡神・蘆屋道満	193
以蔵	以蔵	193
神たるアルジュナ	神たるアルジュナ	192
邪竜	邪竜	192
足軽ノッブ	足軽ノッブ	192
芥ヒナコ	芥ヒナコ	191
クラス・アサシン	クラス・アサシン	191
ブラヴァツキー	ブラヴァツキー	190
乙姫清姫	乙姫清姫	190
キングゥ	キングゥ	188
声	声	188
イシュキック	イシュキック	188
服部武雄	服部武雄	187
アーシャ	アーシャ	185
リンド	リンド	184
日比乃ひびき	日比乃ひびき	184
エフェメロス	エフェメロス	184
ロムルス	ロムルス	181
獅子王	獅子王	181
クラス・ライダー	クラス・ライダー	181
駒姫	駒姫	181
ファンタズムーン	ファンタズムーン	181
コスモティック・ビューティ夫人	コスモティック・ビューティ夫人	181
暗黒武者ＭＵＮＥＮＯＲＩ	暗黒武者ＭＵＮＥＮＯＲＩ	180
サバージオス	サバージオス	179
ネモ・エンジン	ネモ・エンジン	178
キャスター・リンボ	キャスター・リンボ	177
わらし	わらし	177
アズライール	アズライール	176
太歳星君	太歳星君	175
海幸彦	海幸彦	175
クコチヒコ	クコチヒコ	174
アルトリア・ルーラー	アルトリア・ルーラー	171
メフィスト	メフィスト	171
ふーやーちゃん	ふーやーちゃん	171
黒の剣士	黒の剣士	171
吉田総帥	吉田総帥	170
マシュ《ナレーター》	マシュ《ナレーター》	169
ミカ	ミカ	169
水妃モルガン	水妃モルガン	168
ライダー・黒縄地獄	ライダー・黒縄地獄	167
伍	伍	167
武市瑞山	武市瑞山	167
アフロディーテ	アフロディーテ	164
木乃美芳助	木乃美芳助	164
偽ゲオルギウス	偽ゲオルギウス	164
アトランティス防衛兵	アトランティス防衛兵	163
ロムルス・クィリヌス	ロムルス・クィリヌス	163
エルロン	エルロン	162
ノア	ノア	162
キレーちゃん	キレーちゃん	162
フランチェスカ	フランチェスカ	162
ロマニ・アーキマン	ロマニ・アーキマン	160
少女	少女	160
海賊	海賊	158
キャプテン	キャプテン	158
ランサー	ランサー	158
天塚先輩	天塚先輩	158
ヤガ叛逆軍	ヤガ叛逆軍	157
ユニヴァース・アポロン	ユニヴァース・アポロン	157
アサシン・パライソ	アサシン・パライソ	156
アーキタイプ：アース	アーキタイプ：アース	156
ミス・ブーツライン	ミス・ブーツライン	156
名無しの亀	名無しの亀	154
少年	少年	153
ウルズ	ウルズ	153
ＢＢリリィ	ＢＢリリィ	153
源為朝	源為朝	152
ムネーモシュネー	ムネーモシュネー	152
ローマ	ローマ	152
アーチャー	アーチャー	151
姫子	姫子	150
松平信綱	松平信綱	150
レオン	レオン	150
ゲーティア	ゲーティア	148
阿曇磯良	阿曇磯良	148
魔術師	魔術師	147
神官ヴクブ	神官ヴクブ	147
アマゾネスＣＥＯ	アマゾネスＣＥＯ	147
エリス	エリス	145
アムール	アムール	144
アンキ・エレシュキガル	アンキ・エレシュキガル	141
イシュタル実況	イシュタル実況	141
アッド	アッド	141
フラット	フラット	141
黒獅子	黒獅子	140
アントニオ	アントニオ	139
雑賀孫一	雑賀孫一	137
ＡＡＡ	ＡＡＡ	137
教授	教授	136
地右衛門	地右衛門	136
祭祀長シドゥリ	祭祀長シドゥリ	135
杉谷	杉谷	135
ネモ・ナース	ネモ・ナース	134
ホーソーン	ホーソーン	133
エリザベート（ブレイブ）	エリザベート（ブレイブ）	132
ケツァルマスク	ケツァルマスク	132
プロメテウス＝ヘファイストス	プロメテウス＝ヘファイストス	131
清子	清子	131
カリオストロ・ヘッド	カリオストロ・ヘッド	131
アンリマユ	アンリマユ	131
秋葉ねろ	秋葉ねろ	131
村人	村人	130
藤原道長	藤原道長	129
兵士	兵士	127
老人	老人	127
エドモン・ダンテス	エドモン・ダンテス	127
高長恭	高長恭	127
語り部のキャスター	語り部のキャスター	127
ゴージャスＰ	ゴージャスＰ	127
造形王	造形王	127
ワクチャン	ワクチャン	126
セイバーオルタ	セイバーオルタ	126
リカルド	リカルド	124
謎のレーサーＸ	謎のレーサーＸ	124
ナウクラテー	ナウクラテー	123
D：アマゾネスＣＥＯ	アマゾネスＣＥＯ	123
マイケル	マイケル	123
シーボルト	シーボルト	123
グランマリー	グランマリー	122
スペース徐福	スペース徐福	121
護法少女	護法少女	121
猪八戒	猪八戒	120
[93CA76]空中の文字[-]	空中の文字	118
歳刑神・平景清	歳刑神・平景清	118
山の翁	山の翁	117
ジャンヌ・ダルク	ジャンヌ・ダルク	117
ロブ	ロブ	117
スペース・オデュッセウス	スペース・オデュッセウス	117
長老	長老	117
アーチャー・インフェルノ	アーチャー・インフェルノ	116
信勝	信勝	116
叔母	叔母	115
騎士	騎士	115
ブラック・ケツァルマスク	ブラック・ケツァルマスク	115
サン	サン	115
神王ラックランド	神王ラックランド	115
デメテル・エリニュス	デメテル・エリニュス	115
解明者	解明者	114
千代女	千代女	114
大黒天	大黒天	114
妖精たち	妖精たち	113
執筆中の作家	執筆中の作家	113
トトロット	トトロット	112
ダユー	ダユー	111
果心居士	果心居士	111
スマホさん	スマホさん	110
一同	一同	109
エルン	エルン	109
エレノア	エレノア	109
ランサー・プルガトリオ	ランサー・プルガトリオ	108
サンタアイランド仮面	サンタアイランド仮面	108
韓信	韓信	108
灰纏い	灰纏い	108
アーノルド	アーノルド	107
ソニックマッハ・ジェッター	ソニックマッハ・ジェッター	107
サファイア	サファイア	106
羅刹王・髑髏烏帽子蘆屋道満	羅刹王・髑髏烏帽子蘆屋道満	105
カーリー	カーリー	105
明智光秀	明智光秀	105
今川義元	今川義元	105
ラニ＝Ｒ	ラニ＝Ｒ	104
A：[servantName 503400:ミドラーシュのキャスター:シバの女王]	シバの女王	104
判事	判事	103
カルデアスタッフ	カルデアスタッフ	103
イルス	イルス	103
鬼王朱裸	鬼王朱裸	103
アラン	アラン	103
小野篁	小野篁	102
店主の妖精	店主の妖精	101
皇女	皇女	100
北の軍神	北の軍神	100
チビーネ	チビーネ	100
伯爵	伯爵	99
記録者	記録者	99
両儀さん	両儀さん	99
妖術師	妖術師	98
クラス・キャスター	クラス・キャスター	98
ケツァル・コアトル・サンバ・サンタ	ケツァル・コアトル・サンバ・サンタ	98
アオイ	アオイ	98
リリィ	リリィ	97
ロクジョウ	ロクジョウ	97
テオブローマン	テオブローマン	97
佐々木小次郎	佐々木小次郎	96
沙悟浄	沙悟浄	96
コーラル	コーラル	96
蛇女房	蛇女房	96
ウルク兵士	ウルク兵士	95
ゴールデン・ヒュージ・ベアー号	ゴールデン・ヒュージ・ベアー号	95
J：？？？	？？？	95
謎の富豪	謎の富豪	95
ギャラハッド	ギャラハッド	94
エリザベート（ハロウィン）	エリザベート（ハロウィン）	94
玉兎	玉兎	94
Ｈ・Ｃ・Ａ	Ｈ・Ｃ・Ａ	94
C：アマゾネスＣＥＯ	アマゾネスＣＥＯ	94
ロベール	ロベール	94
アサシン	アサシン	93
子供	子供	93
ネモ・ベーカリー	ネモ・ベーカリー	93
テノチティトラン・バニー	テノチティトラン・バニー	93
A：[servantName 503300:オケアノスのキャスター:キルケー]	キルケー	93
アーロン	アーロン	93
バーサーカー	バーサーカー	92
雀	雀	92
キャスターのマスター	キャスターのマスター	91
オシリスの塵	オシリスの塵	91
耀星のハサン	耀星のハサン	91
A：[servantName 602900:アサシン・パライソ:望月千代女]	望月千代女	91
タカスギ	タカスギ	91
サラザール	サラザール	91
オボロ	オボロ	91
三人	三人	90
アクアマリー	アクアマリー	90
ダークえっちゃん	ダークえっちゃん	90
L：？？？	？？？	89
円卓軍の兵士	円卓軍の兵士	89
水着獅子王	水着獅子王	89
大黒天１号	大黒天１号	89
S：？？？	？？？	88
C：メルセデス	メルセデス	88
シュシャ	シュシャ	88
H：ダ・ヴィンチ	ダ・ヴィンチ	87
スペース・エレシュキガル	スペース・エレシュキガル	87
白い礼服の少女	白い礼服の少女	86
うりぼう	うりぼう	86
デュボワ夫人	デュボワ夫人	86
おたま	おたま	85
シートン（？）	シートン（？）	84
B：[servantName 602900:アサシン・パライソ:望月千代女]	望月千代女	84
ドーヴ	ドーヴ	84
テオ	テオ	83
えっちゃん	えっちゃん	83
衛士長	衛士長	82
人工知能	人工知能	82
氷雪の女王	氷雪の女王	81
B：岸波白野	岸波白野	81
羊のお兄さん	羊のお兄さん	81
人斬り新兵衛	人斬り新兵衛	81
マーブル	マーブル	80
ガルシア	ガルシア	80
摩玖主大僧正	摩玖主大僧正	80
四奸六賊	四奸六賊	80
エイリーク	エイリーク	79
ヘラクレス	ヘラクレス	79
[D9FF69]ナビゲーター[-]	ナビゲーター	79
メイヴ監獄長	メイヴ監獄長	79
イシドロ	イシドロ	79
お虎	お虎	79
エウリュステウス	エウリュステウス	79
B：プトレマイオス=spot[B,G]	プトレマイオス	78
ＣＥＯ	ＣＥＯ	78
フランケンシュタイン	フランケンシュタイン	77
村長ヤガ	村長ヤガ	77
幼子	幼子	77
デビルカレン	デビルカレン	77
H：うりぼう	うりぼう	77
アシュタレト・オリジン	アシュタレト・オリジン	77
ダレイオス三世	ダレイオス三世	76
クラス・アーチャー	クラス・アーチャー	76
発明王エジソン	発明王エジソン	76
ＢＢ／ＧＯ	ＢＢ／ＧＯ	76
アルクェイド	アルクェイド	76
太公望（実況）	太公望（実況）	76
エクター	エクター	75
【怠惰】	【怠惰】	75
イアソンくん	イアソンくん	75
Ｍ	Ｍ	75
ヘシアン	ヘシアン	74
長刀の剣士	長刀の剣士	73
海賊Ｃ	海賊Ｃ	73
E：アマゾネスＣＥＯ	アマゾネスＣＥＯ	73
[51ffff]アナウンス[-]	アナウンス	72
クラス・ランサー	クラス・ランサー	72
ゴールデンＢＢ	ゴールデンＢＢ	72
A：[servantName 602600:新宿のアサシン:燕青]	燕青	72
太刀の男	太刀の男	71
ニンキガル	ニンキガル	71
ハロウィン騎士	ハロウィン騎士	71
ミゲル	ミゲル	71
スタッフ	スタッフ	70
トリストラム	トリストラム	70
C：岸波白野	岸波白野	70
四不相	四不相	70
ニキチッチ（偽）	ニキチッチ（偽）	70
[51d4ff]アナウンス[-]	アナウンス	69
女	女	69
エリザ・パヴォニス	エリザ・パヴォニス	69
絶対勝利のジークフリート	絶対勝利のジークフリート	69
ＤＸ	ＤＸ	68
セイバー・リリィ	セイバー・リリィ	68
C：大黒天	大黒天	68
車掌	車掌	68
ユウガオ	ユウガオ	68
ティーチ	ティーチ	67
クーちゃん	クーちゃん	67
摩玖主のキャスター	摩玖主のキャスター	67
海道覇皇『ウジザネ』	海道覇皇『ウジザネ』	67
F：ヴァジュラ	ヴァジュラ	67
F：うりぼう	うりぼう	66
ハリエット	ハリエット	66
呂布	呂布	65
A：シオン	シオン	65
母	母	65
妹	妹	65
魔性菩薩	魔性菩薩	65
ミスターＫ	ミスターＫ	65
C：アーキタイプ：アース	アーキタイプ：アース	65
ヘシアン・ロボ	ヘシアン・ロボ	64
プラカシュ	プラカシュ	64
K：？？？	？？？	64
フーカ先生	フーカ先生	64
ナレーション	ナレーション	64
猿長者	猿長者	64
魔王ノッブ	魔王ノッブ	64
《秋葉原》のマスター	《秋葉原》のマスター	64
A：マシュ	マシュ	63
G：マシュ	マシュ	63
アマデウス・オルタ	アマデウス・オルタ	63
H：マシュ	マシュ	63
キニゴス	キニゴス	63
カリオストロ・オルタ	カリオストロ・オルタ	63
異星の巫女？	異星の巫女？	63
ケイネス	ケイネス	63
ケツァル・コアトル副監獄長	ケツァル・コアトル副監獄長	63
ウィツィロポチトリ	ウィツィロポチトリ	62
魔人アーチャー	魔人アーチャー	62
概要	概要	62
ジニー	ジニー	62
A：ガネーシャ	ガネーシャ	61
I：マシュ	マシュ	61
[FFFFFF]？？？[-]	？？？	61
怪人∞面相	怪人∞面相	61
クリス	クリス	61
F：ヒロインＸＸ	ヒロインＸＸ	61
謎のお兄さん	謎のお兄さん	61
サラリーマン	サラリーマン	61
吉田松陰	吉田松陰	61
鮮血のウィドウヒルト	鮮血のウィドウヒルト	61
市民	市民	60
B：シオン	シオン	60
機械化兵	機械化兵	60
鬼女紅葉	鬼女紅葉	60
アヴェンジャー	アヴェンジャー	60
ウェイバー	ウェイバー	60
G：うりぼう	うりぼう	60
助六	助六	60
[%1]	[%1]	59
精悍な青年	精悍な青年	59
ミラー	ミラー	59
ブリトマート・オルタ	ブリトマート・オルタ	59
チャッカリム	チャッカリム	59
モーリス	モーリス	59
名も無きアサシン	名も無きアサシン	59
牛魔王	牛魔王	58
尊子	尊子	58
マスカレイド伯爵	マスカレイド伯爵	58
時空を旅する紳士	時空を旅する紳士	57
アジャイ	アジャイ	57
スタルジオ	スタルジオ	57
I：モリアーティ	モリアーティ	57
斬ザブロー	斬ザブロー	57
愉快なライダー	愉快なライダー	57
レイヴン	レイヴン	57
ジャンヌオルタ	ジャンヌオルタ	56
アダムスカ	アダムスカ	56
竹取の翁	竹取の翁	56
カレンちゃん	カレンちゃん	56
Ｓ・ファンタズムーンＶ	Ｓ・ファンタズムーンＶ	56
エリザ・アルシア	エリザ・アルシア	56
ダゴン	ダゴン	56
ハイド	ハイド	55
[9bb9ff]アルテミス[-]	アルテミス	55
神殿音声	神殿音声	55
E：レディ	レディ	55
遊び人の金さん	遊び人の金さん	55
エリザベートＪＡＰＡＮ	エリザベートＪＡＰＡＮ	55
A：駒姫	駒姫	55
黒いマリー	黒いマリー	55
ゴッドカレン	ゴッドカレン	55
カロン	カロン	55
メイドイン彦斎	メイドイン彦斎	55
シータ	シータ	54
孫悟空	孫悟空	54
歳殺神・俵藤太	歳殺神・俵藤太	54
ワグ	ワグ	54
A：[servantName 202100:アーチャー・インフェルノ:巴御前]	巴御前	54
ドロシー	ドロシー	54
コン	コン	54
言峰神父	言峰神父	54
遮那王	遮那王	54
バーサーク・アサシン	バーサーク・アサシン	53
女性	女性	53
F：ヤガ市民	ヤガ市民	53
農夫Ａ	農夫Ａ	53
I：人工知能	人工知能	53
M：シオン	シオン	53
[6680ff]黒い影[-]	黒い影	53
スターシエル	スターシエル	53
D：[servantName 202300:新宿のアーチャー:モリアーティ]	モリアーティ	53
ダーニック	ダーニック	53
謎の少女	謎の少女	53
ミスター・チン	ミスター・チン	53
大黒天２号	大黒天２号	53
業炎のワタナベ	業炎のワタナベ	53
アマゾネス	アマゾネス	52
宣教師	宣教師	52
エルメロイⅡ世（少年）	エルメロイⅡ世（少年）	52
うりぼう長	うりぼう長	52
名も無きマスター	名も無きマスター	52
イシュタル・アシュタレト	イシュタル・アシュタレト	52
同人仙人	同人仙人	52
イシュタリン	イシュタリン	52
デメテル・オリジン	デメテル・オリジン	52
ラフム	ラフム	51
オプリチニキ	オプリチニキ	51
門番	門番	51
武田信玄	武田信玄	51
H：巌窟王	巌窟王	51
お猶	お猶	51
O：クー・フーリン	クー・フーリン	50
タラスク	タラスク	50
キャプテン・スカサハ	キャプテン・スカサハ	50
マックスウェル	マックスウェル	50
煉獄オルタ	煉獄オルタ	50
鮫	鮫	50
D：マシュ	マシュ	49
F：マシュ	マシュ	49
豹尾神・鈴鹿御前	豹尾神・鈴鹿御前	49
謎の青年	謎の青年	49
ベン	ベン	49
ケイン	ケイン	49
E：ダ・ヴィンチ	ダ・ヴィンチ	49
玉座に集まった妖精たち	玉座に集まった妖精たち	48
I：ダ・ヴィンチ	ダ・ヴィンチ	48
C：[servantName 503300:オケアノスのキャスター:キルケー]	キルケー	48
A：[servantName 202300:新宿のアーチャー:モリアーティ]	モリアーティ	48
徳川ゴルドルフ	徳川ゴルドルフ	48
I：千子村正	千子村正	48
[51d4ff]アナウンスＡ[-]	アナウンスＡ	47
妖精の少女	妖精の少女	47
デイノニクス11兄弟・七男	デイノニクス11兄弟・七男	47
アサシン？	アサシン？	47
エリザ・アスクレウス	エリザ・アスクレウス	47
今魔川兵	今魔川兵	47
船内ガイド	船内ガイド	46
アレクセイ	アレクセイ	46
SE.RA.PHキアラ	SE.RA.PHキアラ	46
デメテル？	デメテル？	46
ルシュド	ルシュド	45
スタッフＢ	スタッフＢ	45
魔神フェニクス	魔神フェニクス	45
G：イアソン	イアソン	45
妖精の衛士	妖精の衛士	45
ログレス	ログレス	45
ＬＳハンター・パープル	ＬＳハンター・パープル	45
謎のアラフィフ	謎のアラフィフ	45
サリエリ先生	サリエリ先生	44
鬼	鬼	44
テスタメント	テスタメント	44
カーミラ看守	カーミラ看守	44
女神コロンビア	女神コロンビア	44
A：[servantName 602700:不夜城のアサシン:武則天]	武則天	44
C：清少納言	清少納言	44
ソウスケ	ソウスケ	44
カイザー・ノブナガ	カイザー・ノブナガ	44
ガウェイン・ザ・マッシュ	ガウェイン・ザ・マッシュ	44
スイートウィッチ	スイートウィッチ	44
天逆神	天逆神	44
大焔炎伊吹童子	大焔炎伊吹童子	44
A：千利休	千利休	44
アステリオス？	アステリオス？	44
羅刹女	羅刹女	43
東部の子供たち	東部の子供たち	43
機械音声	機械音声	43
アニス	アニス	43
教頭	教頭	43
父親	父親	43
D：大黒天	大黒天	43
黒髭の鬼	黒髭の鬼	43
甘い女の声	甘い女の声	43
暴君	暴君	43
農夫Ｂ	農夫Ｂ	42
B：大黒天	大黒天	42
A：[servantName 402500:レジスタンスのライダー:コロンブス]	コロンブス	42
K：曲亭馬琴	曲亭馬琴	42
ミコケル	ミコケル	42
牛若丸？	牛若丸？	42
E：ヴァジュラ	ヴァジュラ	42
ちびノブ隊長	ちびノブ隊長	42
Z：[DA4A67]電話の主[-]	電話の主	42
ルキウス	ルキウス	41
ヤガ	ヤガ	41
C：マシュ	マシュ	41
[9bb9ff]アナウンス[-]	アナウンス	41
L：人工知能	人工知能	41
サンタズムーン	サンタズムーン	41
魔・沖田総司	魔・沖田総司	41
盗賊	盗賊	41
A：[ff69b4]エリザベート	エリザベート	41
エヴァ	エヴァ	41
蛇庄屋	蛇庄屋	41
アドリアナ	アドリアナ	41
D：[ff69b4]エリザベート	エリザベート	41
カルデア技師	カルデア技師	40
幼いわたし	幼いわたし	40
子供Ａ	子供Ａ	40
歌川豊国	歌川豊国	40
カジノ魔王	カジノ魔王	40
X：コン	コン	40
明里	明里	40
F：ドラコー	ドラコー	40
白衣の男性	白衣の男性	40
お瀧さん	お瀧さん	40
お兄さん	お兄さん	40
J：蛇竜人	蛇竜人	40
謎の不動産業者	謎の不動産業者	40
「Ｐ」	「Ｐ」	39
難民の男性	難民の男性	39
H：言峰綺礼	言峰綺礼	39
クリングゾール	クリングゾール	39
士官	士官	39
ドルセント	ドルセント	39
C：[servantName 402500:南国のライダー:コロンブス]	コロンブス	39
猿面の怪	猿面の怪	39
H：エリセ	エリセ	39
今川氏真	今川氏真	39
E：呼延灼	呼延灼	39
F：神父	神父	38
N：オリュンポス市民	オリュンポス市民	38
G：人工知能	人工知能	38
J：マルタ	マルタ	38
子供Ｂ	子供Ｂ	38
ランサーオルタ	ランサーオルタ	38
薄幸の巫女忍者	薄幸の巫女忍者	38
沖田さん	沖田さん	38
スーパー卑弥呼	スーパー卑弥呼	38
L：プトレマイオス	プトレマイオス	38
ビリー・ザ・フラッシュ	ビリー・ザ・フラッシュ	38
とおりすがりの麗人	とおりすがりの麗人	38
キングサンタ	キングサンタ	38
オデュッセウス・オルタ	オデュッセウス・オルタ	38
獅子心王	獅子心王	38
粛正騎士	粛正騎士	37
セリエナ	セリエナ	37
L：Dr.ロマン	Dr.ロマン	37
ゴッホの絵筆？	ゴッホの絵筆？	37
B：シャルロット・コルデー	シャルロット・コルデー	37
桜セイバー	桜セイバー	37
ブラックサンタ	ブラックサンタ	37
鞭の鬼	鞭の鬼	37
D：ガレス	ガレス	37
足軽沖田さん	足軽沖田さん	37
浅井茶々	浅井茶々	37
コスモキャット・キャット	コスモキャット・キャット	37
ムラサキ	ムラサキ	37
チビドラゴン	チビドラゴン	37
紅孩児	紅孩児	36
B：マシュ	マシュ	36
ティミ	ティミ	36
フードの男	フードの男	36
医者	医者	36
机の上の虫	机の上の虫	36
紅閻魔・オルタ	紅閻魔・オルタ	36
源満仲	源満仲	36
女王騎士	女王騎士	36
女武者	女武者	36
B：蒼崎青子	蒼崎青子	36
アーサメ	アーサメ	36
I：ランスロット	ランスロット	36
talkie	talkie	36
アヤ＝メル・ケーカ社長	アヤ＝メル・ケーカ社長	36
I：サンタマルタ	サンタマルタ	36
ふじのん	ふじのん	36
O：藤堂平助	藤堂平助	36
ジャック（バーサーカー）	ジャック（バーサーカー）	36
アスカラポス	アスカラポス	36
城勤めの武士	城勤めの武士	35
女性の声	女性の声	35
騎士ポーチュン	騎士ポーチュン	35
悪しきガルラ霊	悪しきガルラ霊	35
アネト号	アネト号	35
お花	お花	35
O：クー・フーリン・オルタ	クー・フーリン・オルタ	35
海賊Ａ	海賊Ａ	34
酷吏	酷吏	34
B：村人	村人	34
ヤガ（子供）	ヤガ（子供）	34
女の子	女の子	34
E：マシュ	マシュ	34
書記官メルディック	書記官メルディック	34
モリアーティ（？）	モリアーティ（？）	34
テオドリック・オルタ	テオドリック・オルタ	34
C：パッションリップ	パッションリップ	34
トマス・ドウティ	トマス・ドウティ	34
D：[servantName 503400:獣耳のキャスター:シバの女王]	シバの女王	34
ナイチンゲール看守	ナイチンゲール看守	34
柴田勝家	柴田勝家	34
鬼柴田	鬼柴田	34
B：卑弥呼	卑弥呼	34
B：ニコラ・テスラ	ニコラ・テスラ	34
E：ＸＸ・オルタ	ＸＸ・オルタ	34
毛の生えた蛇竜人	毛の生えた蛇竜人	34
マスター	マスター	33
畑の妖精	畑の妖精	33
ロンディニウムの少年	ロンディニウムの少年	33
ラニ＝Ｔ	ラニ＝Ｔ	33
G：ドゥリーヨダナ	ドゥリーヨダナ	33
折田さん	折田さん	33
罪人	罪人	33
N：マシュ	マシュ	33
町民	町民	33
ヴィクター	ヴィクター	33
天の衣	天の衣	33
G：エリザベート	エリザベート	33
工場長	工場長	33
盗賊頭	盗賊頭	33
I：エリセ	エリセ	33
I：エリザベート	エリザベート	33
奇兵隊員	奇兵隊員	33
Y：コン	コン	33
マーリン（解説）	マーリン（解説）	33
がっしりした蛇竜人	がっしりした蛇竜人	33
佐々木	佐々木	33
P：フランソワ	フランソワ	33
バーサーク・ランサー	バーサーク・ランサー	32
F：モリアーティ	モリアーティ	32
ティテュバ	ティテュバ	32
ミノタウロス	ミノタウロス	32
オーロラの声	オーロラの声	32
T：船内ガイド	船内ガイド	32
男性	男性	32
謎の黒騎士	謎の黒騎士	32
南光坊天海	南光坊天海	32
ライオンマン	ライオンマン	32
雨の魔女トネリコ	雨の魔女トネリコ	32
魔獣ルクスリア	魔獣ルクスリア	32
A：ライネス	ライネス	32
D：ジャガーマン	ジャガーマン	32
トキオミという名の男	トキオミという名の男	32
ウィリアム	ウィリアム	32
マイク	マイク	32
第１６代将軍・徳川クロフネ	第１６代将軍・徳川クロフネ	32
A：プトレマイオス	プトレマイオス	32
手下の妖女	手下の妖女	31
A：イヴァン雷帝	イヴァン雷帝	31
炎の快男児	炎の快男児	31
G：シオン	シオン	31
異星の巫女	異星の巫女	31
B：通信記録	通信記録	31
源氏郎等	源氏郎等	31
ウィンキー	ウィンキー	31
魔猪	魔猪	31
ミズ・ロンドン	ミズ・ロンドン	31
A：ミラー／イリヤ	ミラー／イリヤ	31
バベジン	バベジン	31
K：プトレマイオス	プトレマイオス	31
C：メタトロン・ジャンヌ	メタトロン・ジャンヌ	31
トキオミ教授	トキオミ教授	31
アマノサカガミ	アマノサカガミ	31
[tRoute 94087902 10 玉藻の前,11 タマモちゃんサマー,玉藻の前]	玉藻の前	31
トントゥ	トントゥ	31
ネコアルクＶ	ネコアルクＶ	31
魔神バアル	魔神バアル	30
羊飼い	羊飼い	30
ローブの人物	ローブの人物	30
B：ペルセイス島住民	ペルセイス島住民	30
黄金の大武者	黄金の大武者	30
H：テペウ	テペウ	30
F：太歳星君	太歳星君	30
シドニー・ハーバート	シドニー・ハーバート	30
F：シオン	シオン	30
E：メフィストフェレス	メフィストフェレス	30
織田信勝（ノッブIN）	織田信勝（ノッブIN）	30
D：市民	市民	30
H：ククルカン	ククルカン	30
目慈恵怒	目慈恵怒	30
黒いイシュタル？	黒いイシュタル？	30
お国	お国	30
テュフォン	テュフォン	30
ハロバロミア	ハロバロミア	29
司会者の妖精	司会者の妖精	29
カルデアの者	カルデアの者	29
M：テペウ	テペウ	29
D：ジャンヌ・オルタ	ジャンヌ・オルタ	29
N：？？？	？？？	29
観測装置	観測装置	29
トリムマウ	トリムマウ	29
デミ・フェット	デミ・フェット	29
G：エミヤ	エミヤ	29
小動物	小動物	29
大いなる石像神	大いなる石像神	29
ストリートアイドル・少女Ａ	ストリートアイドル・少女Ａ	29
森蘭丸	森蘭丸	29
武市半平太	武市半平太	29
超千利休	超千利休	29
暗がりの商人	暗がりの商人	29
黒い少女	黒い少女	29
逸れのルーラー	逸れのルーラー	29
士郎さん	士郎さん	29
かしんこちゃん	かしんこちゃん	29
『神父』の使い魔	『神父』の使い魔	29
トントゥたち	トントゥたち	29
A：魔神フラウロス	魔神フラウロス	28
セイバー・エンピレオ	セイバー・エンピレオ	28
獨角兕大王	獨角兕大王	28
太上老君	太上老君	28
A：ヘラクレス島住民	ヘラクレス島住民	28
O：マシュ	マシュ	28
ドーガ	ドーガ	28
名なしの妖精	名なしの妖精	28
ソールズベリーの兵士・Ａ	ソールズベリーの兵士・Ａ	28
失意の庭のアルトリア	失意の庭のアルトリア	28
配膳ロボット	配膳ロボット	28
アン＆メアリー	アン＆メアリー	28
李白	李白	28
ゴースト	ゴースト	28
C：ジャガーマン	ジャガーマン	28
ヒロインＸ	ヒロインＸ	28
B：[e5bc7c]エリザベート	エリザベート	28
女魔術師	女魔術師	28
Q：高杉晋作	高杉晋作	28
女王	女王	28
マリー？	マリー？	28
超ベイビィカレン	超ベイビィカレン	28
E：[e5bc7c]エリザベート	エリザベート	28
ウァレンティヌス	ウァレンティヌス	28
黒幕	黒幕	28
黒い服の男	黒い服の男	28
駒鳥	駒鳥	28
お姉さん	お姉さん	28
I：光のコヤンスカヤ	光のコヤンスカヤ	28
ホテルスタッフ	ホテルスタッフ	28
ローマ兵	ローマ兵	27
C：ロマニ・アーキマン	ロマニ・アーキマン	27
K：マシュ	マシュ	27
黒騎士	黒騎士	27
P：？？？	？？？	27
F：メドゥーサ	メドゥーサ	27
ひび割れた男	ひび割れた男	27
M：？？？	？？？	27
D：オルガマリー	オルガマリー	27
シリウス	シリウス	27
神霊アストライア	神霊アストライア	27
ゴッド・ブレス・エジソン	ゴッド・ブレス・エジソン	27
真田エミ村	真田エミ村	27
ゴリウー系女王	ゴリウー系女王	27
観客	観客	27
D：[servantName 202100:アーチャー・インフェルノ:巴御前]	巴御前	27
E：清姫	清姫	27
虎名主	虎名主	27
A：ビショーネ	ビショーネ	27
フジツボ	フジツボ	27
ミス・クレーン（本質体）	ミス・クレーン（本質体）	27
チョコレートの精霊	チョコレートの精霊	27
E：カレン	カレン	27
C：エルメロイⅡ世	エルメロイⅡ世	27
テオ＝ツタンカーメン	テオ＝ツタンカーメン	27
J：闇のコヤンスカヤ	闇のコヤンスカヤ	27
プレラーティズ	プレラーティズ	27
アスカラポス＝アケローン	アスカラポス＝アケローン	27
サーヴァント	サーヴァント	26
牧師	牧師	26
H：アビゲイル	アビゲイル	26
真紅の大武者	真紅の大武者	26
７人目の妖精	７人目の妖精	26
王の氏族たち	王の氏族たち	26
ハーゲン	ハーゲン	26
F：アーユス	アーユス	26
D：サクラ	サクラ	26
J：ヨハンナ	ヨハンナ	26
マックスウェルの悪魔	マックスウェルの悪魔	26
紳士と獅子	紳士と獅子	26
クリシュナ	クリシュナ	26
獣人	獣人	26
隊士	隊士	26
Ｚ	Ｚ	26
レディ	レディ	26
武士	武士	26
A：北斎の娘	北斎の娘	26
A：[servantName 702700:エルドラドのバーサーカー:ペンテシレイア]	ペンテシレイア	26
E：[servantName 602900:アサシン・パライソ:望月千代女]	望月千代女	26
雀（五官）	雀（五官）	26
真祖の姫	真祖の姫	26
玉兎輝夜	玉兎輝夜	26
従業員	従業員	26
クリストファー	クリストファー	26
スパルタクスＰ・Ｘ	スパルタクスＰ・Ｘ	26
エロース	エロース	26
神秘的な美女	神秘的な美女	26
官軍	官軍	26
第七天魔王ノブナカッツ	第七天魔王ノブナカッツ	26
K：ラーマ	ラーマ	26
E：大統領	大統領	26
難民の女性	難民の女性	25
ウル市民	ウル市民	25
市民Ａ	市民Ａ	25
女王の家来	女王の家来	25
ヤガ市民	ヤガ市民	25
オリュンポスの双子	オリュンポスの双子	25
村長	村長	25
失意のあなた	失意のあなた	25
クアウトリ	クアウトリ	25
D：アンデルセン	アンデルセン	25
J：アイリーン	アイリーン	25
ゲーリュオーン	ゲーリュオーン	25
スペーストシゾー	スペーストシゾー	25
F：ダ・ヴィンチ	ダ・ヴィンチ	25
G：ダ・ヴィンチ	ダ・ヴィンチ	25
マスク・ド・バリツ	マスク・ド・バリツ	25
スターシップ・アフロディーテ	スターシップ・アフロディーテ	25
スターシップ・デメテル	スターシップ・デメテル	25
キャスター・リンボ？	キャスター・リンボ？	25
C：うりぼう	うりぼう	25
光秀	光秀	25
第六天魔王・明智光秀	第六天魔王・明智光秀	25
奄美少将	奄美少将	25
兵卒	兵卒	25
C：[servantName 503000:語り部のキャスター:シェヘラザード]	シェヘラザード	25
E：ケツァル・コアトル	ケツァル・コアトル	25
ライトアーム課長	ライトアーム課長	25
高千穂の大蛇	高千穂の大蛇	25
店員さん	店員さん	25
チカちゃん	チカちゃん	25
謎の老婆	謎の老婆	25
C：マガツ弾正=spot[C,E]	マガツ弾正	25
開祖の霊	開祖の霊	25
船員“眼帯”	船員“眼帯”	24
A：ヤガ市民	ヤガ市民	24
ペルセイス島の狩人	ペルセイス島の狩人	24
K：人工知能	人工知能	24
赤髪の妖精	赤髪の妖精	24
E：メドゥーサ	メドゥーサ	24
O：ダ・ヴィンチ=spot[T,F]	ダ・ヴィンチ	24
B：茨木童子	茨木童子	24
過去のジキル	過去のジキル	24
C：ニトクリス	ニトクリス	24
ガブリエラ	ガブリエラ	24
謎の少年	謎の少年	24
量産型コロンブス	量産型コロンブス	24
謎の影Ａ	謎の影Ａ	24
F：プトレマイオス	プトレマイオス	24
キザな蛇竜人	キザな蛇竜人	24
信徒	信徒	24
バーサーク・セイバー	バーサーク・セイバー	23
ジウスドゥラ	ジウスドゥラ	23
魔神ラウム	魔神ラウム	23
チンピラＡ	チンピラＡ	23
合成音声	合成音声	23
女王軍・騎士	女王軍・騎士	23
失意の庭の[%1]	失意の庭の[%1]	23
ネモ・マリーンＢ	ネモ・マリーンＢ	23
ランサーのマスター	ランサーのマスター	23
メヒコの王	メヒコの王	23
B：パッションリップ	パッションリップ	23
E：コン	コン	23
G：源頼光	源頼光	23
B：語り手	語り手	23
ロビン	ロビン	23
悪メフィスト	悪メフィスト	23
善メフィスト	善メフィスト	23
E：うりぼう	うりぼう	23
ローリー	ローリー	23
B：アスクレピオス	アスクレピオス	23
仔犬	仔犬	23
F：桂木千鍵	桂木千鍵	23
C：近藤勇	近藤勇	23
本	本	23
水着沖田さん	水着沖田さん	23
J：クコチヒコ	クコチヒコ	23
ＰＢ	ＰＢ	23
お捨	お捨	23
F：カロン	カロン	23
キングサンタ１０８	キングサンタ１０８	23
バーサーク・ライダー	バーサーク・ライダー	22
店主	店主	22
ウルク市民	ウルク市民	22
老婆	老婆	22
女海賊	女海賊	22
カーター《ラウム》	カーター《ラウム》	22
男の声	男の声	22
I：シオン	シオン	22
M：マシュ	マシュ	22
若武者	若武者	22
ノリッジの憲兵	ノリッジの憲兵	22
[FFFFFF]玉座に集まった妖精たち[-]	玉座に集まった妖精たち	22
牙の氏族の頭	牙の氏族の頭	22
クラス・バーサーカー	クラス・バーサーカー	22
ネモ・マリーンＡ	ネモ・マリーンＡ	22
穏やかなディノス	穏やかなディノス	22
ラニ＝Ｂ	ラニ＝Ｂ	22
アビゲイル・サンタ	アビゲイル・サンタ	22
ナーサリー・ライム（？）	ナーサリー・ライム（？）	22
語り手	語り手	22
手紙	手紙	22
毛利メディナリ	毛利メディナリ	22
間桐雁夜	間桐雁夜	22
偽アルテラ	偽アルテラ	22
E：レディ／クロエ	レディ／クロエ	22
京極	京極	22
ご隠居	ご隠居	22
忠義の鬼	忠義の鬼	22
鬼の従業員	鬼の従業員	22
B：ヒロインＸＸ	ヒロインＸＸ	22
店員	店員	22
B：太歳星君	太歳星君	22
黄天化	黄天化	22
B：ビショーネ	ビショーネ	22
G：日比乃ひびき	日比乃ひびき	22
G：ヴァジュラ	ヴァジュラ	22
キングエリザ	キングエリザ	22
混ざり合った囁き声	混ざり合った囁き声	22
A：カーマ	カーマ	22
リュウ	リュウ	22
交換所の女性	交換所の女性	22
集落の女性	集落の女性	22
ダーク・ラン	ダーク・ラン	22
九郎判官源義経	九郎判官源義経	22
家臣	家臣	22
J：坂本龍馬	坂本龍馬	22
E：ラムダ	ラムダ	22
U：九紋龍史進	九紋龍史進	22
魔獣赫・真体	魔獣赫・真体	22
花心	花心	22
D：エルメロイⅡ世	エルメロイⅡ世	22
T：蛇竜人	蛇竜人	22
ヴァジュラ	ヴァジュラ	22
三河屋のハサン	三河屋のハサン	22
平助の母	平助の母	22
アーテー	アーテー	22
H：デュマ	デュマ	22
警官	警官	21
F：[51ffff]アナウンス[-]	アナウンス	21
B：アルジュナ	アルジュナ	21
B：ペペロンチーノ	ペペロンチーノ	21
オリュンポス兵	オリュンポス兵	21
技術開発部部長	技術開発部部長	21
友人	友人	21
B：Ｕ－オルガマリー	Ｕ－オルガマリー	21
青髭	青髭	21
I：ジナコ	ジナコ	21
X：アーキタイプ：アース	アーキタイプ：アース	21
司馬懿	司馬懿	21
A：ときこ	ときこ	21
A：大黒天	大黒天	21
J：コン	コン	21
星王女エウロペ	星王女エウロペ	21
フラン（？）	フラン（？）	21
偽茨木童子	偽茨木童子	21
スズカ	スズカ	21
格ロエさん	格ロエさん	21
黒コートの男	黒コートの男	21
ミステリアン・サーヴァント１号	ミステリアン・サーヴァント１号	21
警備員	警備員	21
黄天祥	黄天祥	21
ファン	ファン	21
A：岸波白野	岸波白野	21
優雅な海賊	優雅な海賊	21
H：風魔小太郎	風魔小太郎	21
９６８５番	９６８５番	21
C：虞美人	虞美人	21
楊貴妃Ａ	楊貴妃Ａ	21
D：坂本龍馬	坂本龍馬	21
田中新兵衛	田中新兵衛	21
アクマ	アクマ	21
謎の男	謎の男	21
セレブな客Ａ	セレブな客Ａ	21
伊吹姉さん	伊吹姉さん	21
G：モレー	モレー	21
謎のエリちゃん	謎のエリちゃん	21
Y：デメテル	デメテル	21
フランチェスカ？	フランチェスカ？	21
冥府の王	冥府の王	21
D：ソロモン	ソロモン	20
雀蜂	雀蜂	20
E：ソロモン	ソロモン	20
子供たち	子供たち	20
G：エレティコス	エレティコス	20
A：ペルセイス島住民	ペルセイス島住民	20
C：オリュンポス市民	オリュンポス市民	20
人間の衛士	人間の衛士	20
ガウェインの兵士	ガウェインの兵士	20
R：？？？	？？？	20
『太陽の教え』	『太陽の教え』	20
E：カーマ	カーマ	20
ラストスロット	ラストスロット	20
E：カズラドロップ	カズラドロップ	20
I：ソロモン	ソロモン	20
クリプター	クリプター	20
B：始皇帝	始皇帝	20
コロンブス？	コロンブス？	20
ヴィシュヌ	ヴィシュヌ	20
F：コン	コン	20
K：コン	コン	20
D：ダ・ヴィンチ	ダ・ヴィンチ	20
ピエロ	ピエロ	20
I：カーマ	カーマ	20
臓硯	臓硯	20
鬼壱	鬼壱	20
ワイアット・アープ	ワイアット・アープ	20
マシュ？	マシュ？	20
A：[servantName 503000:不夜城のキャスター:シェヘラザード]	シェヘラザード	20
謎の護法少女	謎の護法少女	20
ケリィ	ケリィ	20
スペースナゴン	スペースナゴン	20
A：エリザベート	エリザベート	20
Q：お路	お路	20
お茶だ以蔵	お茶だ以蔵	20
山の神	山の神	20
現地人	現地人	20
D：蒼崎青子	蒼崎青子	20
I：蒼崎青子	蒼崎青子	20
Q：ロウヒ	ロウヒ	20
細い蛇竜人	細い蛇竜人	20
エレノアの父	エレノアの父	20
A：両儀式	両儀式	20
マガツ弾正	マガツ弾正	20
若き騎士	若き騎士	20
男Ａ	男Ａ	19
アサシンの声	アサシンの声	19
真紅の機神	真紅の機神	19
京の女	京の女	19
カール大帝	カール大帝	19
オセロトル	オセロトル	19
バーサーカーのマスター	バーサーカーのマスター	19
男の子	男の子	19
ムーン・ドバイ市民	ムーン・ドバイ市民	19
巨人	巨人	19
O：モリアーティ	モリアーティ	19
I：裁判長	裁判長	19
スタッフ（？）	スタッフ（？）	19
L：マリスビリー	マリスビリー	19
ズェピア	ズェピア	19
司会	司会	19
偽信長	偽信長	19
A：ノッブ	ノッブ	19
西郷エジモリ	西郷エジモリ	19
桂・テスラ	桂・テスラ	19
B：フローラ	フローラ	19
バルガス	バルガス	19
長尾為景	長尾為景	19
H：パッションリップ	パッションリップ	19
楊貴妃Ｂ	楊貴妃Ｂ	19
あふれ出る景清	あふれ出る景清	19
D：天逆鉾	天逆鉾	19
O：パラケルスス	パラケルスス	19
Z：コン	コン	19
蘆屋道満（アシスタント）	蘆屋道満（アシスタント）	19
テンシ	テンシ	19
H：マルタ	マルタ	19
ドライノッブ	ドライノッブ	19
O：蒼崎青子	蒼崎青子	19
D：海幸彦=spot[D,I]	海幸彦	19
G：オベロン	オベロン	19
サメドレッド	サメドレッド	19
加齢怒様	加齢怒様	19
J：張角	張角	19
クリスティーヌ	クリスティーヌ	18
メガロス	メガロス	18
A：村人	村人	18
B：神父	神父	18
ヤガ市長	ヤガ市長	18
御使い	御使い	18
女の声	女の声	18
A：全員	全員	18
R：マシュ	マシュ	18
京の子供	京の子供	18
牙の氏族	牙の氏族	18
J：ダ・ヴィンチ	ダ・ヴィンチ	18
ディノスたち	ディノスたち	18
ロボ	ロボ	18
I：ＢＢドバイ	ＢＢドバイ	18
P：ゴルドルフ	ゴルドルフ	18
謎の剣鬼	謎の剣鬼	18
先生	先生	18
マリー・アントワネット？	マリー・アントワネット？	18
アナスタシア（？）	アナスタシア（？）	18
メフィストフェレス（敵）	メフィストフェレス（敵）	18
A：シゲルソン	シゲルソン	18
D：うりぼう	うりぼう	18
スーパーイシュタル	スーパーイシュタル	18
謎のお手紙	謎のお手紙	18
ＢＢペレ	ＢＢペレ	18
C：茨木童子	茨木童子	18
黄天禄	黄天禄	18
黄天爵	黄天爵	18
B：原田左之助	原田左之助	18
本物信長	本物信長	18
武蔵？	武蔵？	18
ドック・キュケオン	ドック・キュケオン	18
呪われし少女幽霊	呪われし少女幽霊	18
B：[FFFFFF]？？？[-]	？？？	18
P：クー・フーリン・オルタ	クー・フーリン・オルタ	18
謎の影Ｂ	謎の影Ｂ	18
太閤秀吉	太閤秀吉	18
Ｋ・ラスプーチン	Ｋ・ラスプーチン	18
神官黒髭	神官黒髭	18
M：槻司鳶丸	槻司鳶丸	18
エレノアの母	エレノアの母	18
許婚アプスー	許婚アプスー	18
I：沖田総司	沖田総司	18
F：原田左之助	原田左之助	18
古代火星人	古代火星人	18
エリザベート=spot[B,I]	エリザベート	18
ペトルス・バルトロメオ	ペトルス・バルトロメオ	18
荒野の敗残者	荒野の敗残者	18
I：デュマ	デュマ	18
セルハン	セルハン	17
魔神アンドロマリウス	魔神アンドロマリウス	17
アマゾネスＢ	アマゾネスＢ	17
アブサラム	アブサラム	17
２人	２人	17
B：[51ffff]アナウンス[-]	アナウンス	17
G：オフェリア	オフェリア	17
A：クサントス	クサントス	17
美しき肉食獣	美しき肉食獣	17
シェフィールドの衛士	シェフィールドの衛士	17
シェフィールドの兵士	シェフィールドの兵士	17
妖精騎士トトロット	妖精騎士トトロット	17
ヴィイ	ヴィイ	17
E：テペウ	テペウ	17
T：？？？	？？？	17
R：サクラ	サクラ	17
電話の声	電話の声	17
機械化した従業員	機械化した従業員	17
I：エジソン・オルタ	エジソン・オルタ	17
F：キングプロテア・オルタ	キングプロテア・オルタ	17
E：言峰綺礼	言峰綺礼	17
白い礼服の少年	白い礼服の少年	17
狼	狼	17
E：ダンテ	ダンテ	17
オルガマリー？	オルガマリー？	17
I：コン	コン	17
ミル・ドスカラス	ミル・ドスカラス	17
獣国の皇女	獣国の皇女	17
D：アスクレピオス	アスクレピオス	17
B：アーチャー	アーチャー	17
町同心“八丁堀”	町同心“八丁堀”	17
謎の声	謎の声	17
殺人の鬼	殺人の鬼	17
北斎	北斎	17
C：ラムダ	ラムダ	17
K：バーヴァン・シー	バーヴァン・シー	17
B：ゴッホ	ゴッホ	17
シエル先生	シエル先生	17
D：花咲翁	花咲翁	17
メディア店長	メディア店長	17
入り口アナウンス	入り口アナウンス	17
工場アナウンス	工場アナウンス	17
リースＸＰ	リースＸＰ	17
ディーラー	ディーラー	17
清少納言？	清少納言？	17
ダーオカ	ダーオカ	17
モブＩ？	モブＩ？	17
N：山南敬助	山南敬助	17
現地の古精霊	現地の古精霊	17
観光客Ａ	観光客Ａ	17
講釈師	講釈師	17
ひびき	ひびき	17
大黒天１号＆２号	大黒天１号＆２号	17
T：美遊	美遊	17
匿名希望	匿名希望	17
J：河上彦斎	河上彦斎	17
ツチノコ	ツチノコ	17
A：マシュ（43）=spot[A,M,N,O]	マシュ	17
D：モレーちゃん	モレーちゃん	17
異星の神	異星の神	17
聖都軍兵士	聖都軍兵士	16
管制室スタッフ	管制室スタッフ	16
G：オプリチニキ	オプリチニキ	16
叔父	叔父	16
人影	人影	16
オンファム	オンファム	16
土の氏族	土の氏族	16
L：テペウ	テペウ	16
H：サクラ	サクラ	16
石像	石像	16
C：岸波白野=spot[E,C]	岸波白野	16
ベックマン	ベックマン	16
C：ＢＢドバイ	ＢＢドバイ	16
B：カドック	カドック	16
罪兵士	罪兵士	16
H：モリアーティ	モリアーティ	16
D：モリアーティ	モリアーティ	16
艦内アナウンス	艦内アナウンス	16
C：沖田総司	沖田総司	16
C：コン	コン	16
切り離された炎	切り離された炎	16
ナーサリー・ライム？	ナーサリー・ライム？	16
C：織田信長	織田信長	16
白龍馬	白龍馬	16
トゥルッフ・トゥルウィス	トゥルッフ・トゥルウィス	16
うりぼうｓ	うりぼうｓ	16
[de5052]二人	二人	16
A：メカエリチャン	メカエリチャン	16
鬼の従業員たち	鬼の従業員たち	16
E：ケツァルマスク？	ケツァルマスク？	16
B：アビゲイル・サンタ	アビゲイル・サンタ	16
A：メタトロン・ジャンヌ	メタトロン・ジャンヌ	16
E：ライネス	ライネス	16
ごろつき	ごろつき	16
A：黒いイシュタル？	黒いイシュタル？	16
メカ学長	メカ学長	16
観客Ａ	観客Ａ	16
関白秀吉	関白秀吉	16
獣頭の男	獣頭の男	16
モルガン（解説）	モルガン（解説）	16
魔獣フォルネウス	魔獣フォルネウス	16
Ｋ・ラスプーチン（ゲスト解説）	Ｋ・ラスプーチン（ゲスト解説）	16
A：[FFFFFF]プトレマイオス[-]	プトレマイオス	16
K：杉谷	杉谷	16
ワニ兵士	ワニ兵士	16
パーフェクト・エリザベート	パーフェクト・エリザベート	16
黒霧纏う騎士達の万雷	黒霧纏う騎士達の万雷	16
海賊たち	海賊たち	15
E：少年の声	少年の声	15
魔神ゼパル	魔神ゼパル	15
アマゾネスＡ	アマゾネスＡ	15
仮面の英霊	仮面の英霊	15
御使いたち	御使いたち	15
G：ゴルドルフ	ゴルドルフ	15
E：アルテミス	アルテミス	15
L：オリュンポス市民	オリュンポス市民	15
J：人工知能	人工知能	15
D：シオン	シオン	15
精悍な男	精悍な男	15
オベロン？	オベロン？	15
ムリアンの声	ムリアンの声	15
モルガンの後継者	モルガンの後継者	15
L：Ｕ－オルガマリー	Ｕ－オルガマリー	15
R：カドック	カドック	15
オールド・ドバイ自警団	オールド・ドバイ自警団	15
K：リリス	リリス	15
図書館管理者	図書館管理者	15
地球人類	地球人類	15
L：ネモ	ネモ	15
エリザベート（シンデレラ）	エリザベート（シンデレラ）	15
スルト	スルト	15
時計	時計	15
幽霊	幽霊	15
パラケルスス？	パラケルスス？	15
K：クー・フーリン	クー・フーリン	15
B：紫式部	紫式部	15
清姫（？）	清姫（？）	15
C：女性	女性	15
タマモキャット１	タマモキャット１	15
毛利メディナガ	毛利メディナガ	15
バッファロー・ビル	バッファロー・ビル	15
アロハな男	アロハな男	15
ＸＸ	ＸＸ	15
D：ロビンフッド	ロビンフッド	15
C：ジャンヌ	ジャンヌ	15
小為朝	小為朝	15
F：インドラ	インドラ	15
E：テュフォン・エフェメロス	テュフォン・エフェメロス	15
B：ログレス	ログレス	15
綾	綾	15
僧兵らしき男	僧兵らしき男	15
D：風魔小太郎	風魔小太郎	15
モッヒーエース	モッヒーエース	15
優雅な紳士	優雅な紳士	15
闇の新選組隊士	闇の新選組隊士	15
局長	局長	15
土田御前	土田御前	15
観客Ｂ	観客Ｂ	15
謎の副官	謎の副官	15
E：盗賊団のボス	盗賊団のボス	15
キンノブ	キンノブ	15
S：フェイカー	フェイカー	15
酒場の主	酒場の主	15
O：エルキドゥ	エルキドゥ	15
H：メドゥーサ	メドゥーサ	15
キングプレシオサウルスくん	キングプレシオサウルスくん	15
レディ・アヴァロン（レポーター）	レディ・アヴァロン（レポーター）	15
清姫？	清姫？	15
観光客Ｂ	観光客Ｂ	15
青岩院	青岩院	15
歴史研究家マシュ・キリエライト博士	歴史研究家マシュ・キリエライト博士	15
A：若き剣士	若き剣士	15
N：スタッフ	スタッフ	15
J：久遠寺有珠	久遠寺有珠	15
K：蒼崎青子	蒼崎青子	15
謎のウェイトレス	謎のウェイトレス	15
ユタ	ユタ	15
A：ジャガーマン=spot[A,Z]	ジャガーマン	15
I：蛇竜人	蛇竜人	15
H：蛇竜人	蛇竜人	15
C：オデュッセウス・オルタ=spot[C,M]	オデュッセウス・オルタ	15
M：ネモ	ネモ	15
N：マガツ弾正=spot[N,P]	マガツ弾正	15
J：エレシュキガル・オルタ	エレシュキガル・オルタ	15
N：フローラ	フローラ	15
ペルセポネ	ペルセポネ	15
ピエール・コーション	ピエール・コーション	14
海賊Ｂ	海賊Ｂ	14
セレブ	セレブ	14
丸顔の神父	丸顔の神父	14
F：ジャンヌ・オルタ	ジャンヌ・オルタ	14
F：男	男	14
冷ややかな剣鬼	冷ややかな剣鬼	14
C：村人	村人	14
金角	金角	14
ヤガ盗賊	ヤガ盗賊	14
G：神父	神父	14
末の戦乙女	末の戦乙女	14
農婦Ａ	農婦Ａ	14
B：ヘラクレス島住民	ヘラクレス島住民	14
A：パリス	パリス	14
オリュンポス正規兵	オリュンポス正規兵	14
J：マシュ	マシュ	14
歳殺神	歳殺神	14
シェフィールドの妖精	シェフィールドの妖精	14
歌う妖精たち	歌う妖精たち	14
オーロラの衛士たち	オーロラの衛士たち	14
近衛騎士	近衛騎士	14
侍女	侍女	14
デイノニクス11兄弟	デイノニクス11兄弟	14
K：男	男	14
F：神官ヴクブ	神官ヴクブ	14
J：ラスプーチン	ラスプーチン	14
B：ドゥリーヨダナ	ドゥリーヨダナ	14
揺らめく影	揺らめく影	14
ブーディカ？	ブーディカ？	14
G：ジャンヌ・オルタ	ジャンヌ・オルタ	14
上級市民たち	上級市民たち	14
スポーツジムのお兄さん	スポーツジムのお兄さん	14
ブルジュ・ハリファの声	ブルジュ・ハリファの声	14
L：アショカ王	アショカ王	14
[51d4ff]カルデアス[-]	カルデアス	14
E：オルガマリー	オルガマリー	14
D：河上彦斎	河上彦斎	14
H：オルガマリー	オルガマリー	14
肉食獣じみた影	肉食獣じみた影	14
山吹御前	山吹御前	14
D：エミヤ・オルタ	エミヤ・オルタ	14
禿（アビゲイル）	禿（アビゲイル）	14
J：杉谷善住坊	杉谷善住坊	14
A：司馬懿	司馬懿	14
ワトソン	ワトソン	14
島津セタンタ	島津セタンタ	14
偽タマモキャット	偽タマモキャット	14
サンタム	サンタム	14
魔神柱アンドラス	魔神柱アンドラス	14
キュケオーンのキャスター	キュケオーンのキャスター	14
C：ヒロインＸＸ	ヒロインＸＸ	14
G：[servantName 402500:レジスタンスのライダー:コロンブス]	コロンブス	14
B：ＢＢ	ＢＢ	14
A：キングプロテア	キングプロテア	14
コメント	コメント	14
黒い巨人	黒い巨人	14
通りすがりのセレブ	通りすがりのセレブ	14
カジノ魔王Ⅱ世	カジノ魔王Ⅱ世	14
魔女	魔女	14
アキバガード	アキバガード	14
B：森蘭丸	森蘭丸	14
K：坂本龍馬	坂本龍馬	14
テオブロマの怪物	テオブロマの怪物	14
ＢＢナビ	ＢＢナビ	14
坂田金時？	坂田金時？	14
青年	青年	14
C：ＸＸ・オルタ	ＸＸ・オルタ	14
F：ツタンカーメン	ツタンカーメン	14
蛇竜人=spot[J]	蛇竜人	14
元気な蛇竜人	元気な蛇竜人	14
I：近藤勇	近藤勇	14
M：松永弾正	松永弾正	14
A：マガツ弾正=spot[A,C]	マガツ弾正	14
修学旅行マシュ	修学旅行マシュ	14
H：モレー	モレー	14
E：メカエリチャンⅡ号機	メカエリチャンⅡ号機	14
S：フローラ	フローラ	14
R：おみぃさん	おみぃさん	14
B：宮本伊織（31）=spot[B,Q,R,S]	宮本伊織	14
G：由井正雪（70）=spot[G,N,O,P]	由井正雪	14
E：[DA4A67]電話の主[-]	電話の主	14
天牛の欠片	天牛の欠片	14
魔神柱	魔神柱	13
レジスタンスの少年	レジスタンスの少年	13
C：冷ややかな剣鬼	冷ややかな剣鬼	13
少女たち	少女たち	13
看守	看守	13
ジャンヌ《マシュ》	ジャンヌ《マシュ》	13
[51d4ff]ダ・ヴィンチ[-]	ダ・ヴィンチ	13
ペルセイス島住民	ペルセイス島住民	13
E：オリュンポス市民	オリュンポス市民	13
M：人工知能	人工知能	13
H：人工知能	人工知能	13
ヤガの男	ヤガの男	13
家人	家人	13
垢溜まりの魔女	垢溜まりの魔女	13
Q：？？？	？？？	13
N：神官ヴクブ	神官ヴクブ	13
N：ネモ・マリーン	ネモ・マリーン	13
M：ダ・ヴィンチ	ダ・ヴィンチ	13
K：モリアーティ	モリアーティ	13
E：ＢＢドバイ	ＢＢドバイ	13
I：カドック	カドック	13
E：オデュッセウス	オデュッセウス	13
B：オルガマリー	オルガマリー	13
B：ダンテ	ダンテ	13
A：ジナコ	ジナコ	13
赫瞳の剣士	赫瞳の剣士	13
Ｅ・フラン	Ｅ・フラン	13
E：[servantName 202300:新宿のアーチャー:モリアーティ]	モリアーティ	13
豊臣ギル吉	豊臣ギル吉	13
偽沖田	偽沖田	13
版元“西村屋”	版元“西村屋”	13
用心棒“お萌”	用心棒“お萌”	13
D：以蔵	以蔵	13
アヴェンジャー・淀	アヴェンジャー・淀	13
C：ロビンフッド	ロビンフッド	13
F：トネリコ	トネリコ	13
A：蒼崎青子	蒼崎青子	13
H：ヴァジュラ	ヴァジュラ	13
大奥女中Ａ	大奥女中Ａ	13
自動アナウンス	自動アナウンス	13
A：知らない女の子	知らない女の子	13
集落の子供	集落の子供	13
H：虞美人	虞美人	13
L：ダ・ヴィンチ	ダ・ヴィンチ	13
メイド	メイド	13
ナレーター	ナレーター	13
戦国維新ナガオカゲトラ	戦国維新ナガオカゲトラ	13
S：モードレッド	モードレッド	13
新選組隊士	新選組隊士	13
G：ドラコー	ドラコー	13
H：トラロック	トラロック	13
H：テノチティトラン	テノチティトラン	13
Q：杉谷善住坊	杉谷善住坊	13
B：プトレマイオス	プトレマイオス	13
【朱之介】=spot[G,A]	【朱之介】	13
N：ワンジナ	ワンジナ	13
C：ワンジナ	ワンジナ	13
J：ワンジナ	ワンジナ	13
E：蛍	蛍	13
おじいさん	おじいさん	13
悪の高杉社長	悪の高杉社長	13
A：ヤマトタケル	ヤマトタケル	13
シャイニースター	シャイニースター	13
F：モレー	モレー	13
H：海幸彦	海幸彦	13
ジャガーマン=spot[A,Z]	ジャガーマン	13
D：スターシエル	スターシエル	13
蛇竜人=spot[G]	蛇竜人	13
G：イスカンダル	イスカンダル	13
放送用ゲイザー	放送用ゲイザー	13
H：松永弾正	松永弾正	13
J：近藤勇	近藤勇	13
A：宮部鼎蔵	宮部鼎蔵	13
H：河上彦斎	河上彦斎	13
N：ソニックマッハ・ジェッター	ソニックマッハ・ジェッター	13
E：坂田金時（21）=spot[E,N,O,P]	坂田金時	13
黒髭（45）=spot[D,K,L,M]	黒髭	13
派手な男	派手な男	13
連合兵	連合兵	12
機械化歩兵	機械化歩兵	12
H：ソロモン	ソロモン	12
チンピラ	チンピラ	12
女海賊Ｂ	女海賊Ｂ	12
町人の男	町人の男	12
左近	左近	12
船員“白旗”	船員“白旗”	12
船員“錨番”	船員“錨番”	12
B：警官	警官	12
ピックマン夫人	ピックマン夫人	12
F：村人	村人	12
H：ヤガ市民	ヤガ市民	12
H：ゴルドルフ	ゴルドルフ	12
G：ネモ・マリーン	ネモ・マリーン	12
B：アトランティス防衛兵	アトランティス防衛兵	12
オリュンポス市民	オリュンポス市民	12
M：オリュンポス市民	オリュンポス市民	12
年若い娘	年若い娘	12
C：精悍な声	精悍な声	12
C：妖精の行商団	妖精の行商団	12
フード姿の妖精	フード姿の妖精	12
ウェールズの妖精	ウェールズの妖精	12
スプリガンの衛士	スプリガンの衛士	12
駆けつけてきた兵士	駆けつけてきた兵士	12
初代妖精騎士	初代妖精騎士	12
牙の氏族たち	牙の氏族たち	12
村の妖精	村の妖精	12
武器商人	武器商人	12
デイノニクス11兄弟・六男	デイノニクス11兄弟・六男	12
ニトクリス・オルタ（真）	ニトクリス・オルタ（真）	12
G：伯爵	伯爵	12
H：キングプロテア	キングプロテア	12
D：機械化兵団	機械化兵団	12
D：アーキタイプ：アース	アーキタイプ：アース	12
X：？？？	？？？	12
Q：マシュ	マシュ	12
M：ＢＢコスモ	ＢＢコスモ	12
F：カドック	カドック	12
J：メタトロン・ジャンヌ	メタトロン・ジャンヌ	12
O：エルロン	エルロン	12
G：メドゥーサ	メドゥーサ	12
L：ウルズ	ウルズ	12
魔物	魔物	12
サメ兵士	サメ兵士	12
B：トリスタン	トリスタン	12
C：[servantName 202100:アーチャー・インフェルノ:巴御前]	巴御前	12
J：クー・フーリン	クー・フーリン	12
女たちの声	女たちの声	12
グレンデル	グレンデル	12
H：源頼光	源頼光	12
今川よしつね	今川よしつね	12
長宗我部エミチカ	長宗我部エミチカ	12
[F4906D]？？？	？？？	12
偽ジャック	偽ジャック	12
相棒のキャスター	相棒のキャスター	12
用心棒	用心棒	12
エルドラドのバーサーカー	エルドラドのバーサーカー	12
歌川広重	歌川広重	12
B：[servantName 503000:不夜城のキャスター:シェヘラザード]	シェヘラザード	12
D：[servantName 602900:アサシン・パライソ:望月千代女]	望月千代女	12
千歳市民のお父さん	千歳市民のお父さん	12
シーフードの鬼	シーフードの鬼	12
黄金竜	黄金竜	12
E：[servantName 702700:サンタ狙いのバーサーカー:ペンテシレイア]	ペンテシレイア	12
H：司書	司書	12
B：ドラコー	ドラコー	12
C：ぐっ様人形	ぐっ様人形	12
B：ヴァジュラ	ヴァジュラ	12
モブ足軽	モブ足軽	12
長尾晴景	長尾晴景	12
ナレーションマシュ	ナレーションマシュ	12
F：エリセ	エリセ	12
店長	店長	12
もうひとりのミス・クレーン	もうひとりのミス・クレーン	12
壺（ＤＯＭＡＮ）	壺（ＤＯＭＡＮ）	12
[FFFFFF]H：？？？[-]	？？？	12
もう１人のエリザベート	もう１人のエリザベート	12
弥生維新・卑弥呼	弥生維新・卑弥呼	12
E：マイケル	マイケル	12
ネモ・ガレス	ネモ・ガレス	12
祖獣	祖獣	12
F：ヨハンナ	ヨハンナ	12
K：モレー	モレー	12
プトレマイオス=spot[B,G]	プトレマイオス	12
R：プトレマイオス	プトレマイオス	12
不死殺しの円環	不死殺しの円環	12
Q：スーパーバニヤン	スーパーバニヤン	12
永倉巡査	永倉巡査	12
D：久遠寺有珠	久遠寺有珠	12
まさごちゃん	まさごちゃん	12
B：シバの女王=spot[B,Z]	シバの女王	12
K：蛇竜人	蛇竜人	12
L：アスクレピオス	アスクレピオス	12
K：オデュッセウス・オルタ=spot[K,A]	オデュッセウス・オルタ	12
A：マガツ弾正=spot[A,Y]	マガツ弾正	12
M：河上彦斎	河上彦斎	12
オリュンポス山の村人	オリュンポス山の村人	12
P：おみぃさん	おみぃさん	12
ツチノコたち	ツチノコたち	12
R：わらし	わらし	12
M：花咲翁	花咲翁	12
C：茨木童子（13）=spot[C,N,O,P]	茨木童子	12
D：黒髭（45）=spot[D,K,L,M]	黒髭	12
謎の老人	謎の老人	12
難民たち	難民たち	11
砦の兵士Ａ	砦の兵士Ａ	11
魔神アモン	魔神アモン	11
新宿のライダー	新宿のライダー	11
カブラギ	カブラギ	11
レジスタンス男Ｂ	レジスタンス男Ｂ	11
レジスタンス男Ａ	レジスタンス男Ａ	11
もじゃ髪の博士	もじゃ髪の博士	11
カルデア職員	カルデア職員	11
A：田助	田助	11
B：田助	田助	11
H：城勤めの女	城勤めの女	11
怪物	怪物	11
D：女の声	女の声	11
[51ffff]ダ・ヴィンチ	ダ・ヴィンチ	11
H：ネモ・マリーン	ネモ・マリーン	11
F：人工知能	人工知能	11
G：ニコラ・テスラ	ニコラ・テスラ	11
北欧の少女	北欧の少女	11
J：レイシフト適合者	レイシフト適合者	11
L：マシュ	マシュ	11
検非違使たち	検非違使たち	11
豹尾神	豹尾神	11
ある魔術師	ある魔術師	11
C：妖精の少女	妖精の少女	11
風の氏族	風の氏族	11
床屋の主人（人間）	床屋の主人（人間）	11
土の氏族の鍛冶師	土の氏族の鍛冶師	11
エディンバラの住人	エディンバラの住人	11
仮面の妖精たち	仮面の妖精たち	11
妙漣寺鴉郎	妙漣寺鴉郎	11
横になったハベトロット	横になったハベトロット	11
太陽の騎士	太陽の騎士	11
どう見ても恐竜	どう見ても恐竜	11
あごをさするディノス	あごをさするディノス	11
[FF0000]トリスメギストスⅡ[-]	トリスメギストスⅡ	11
総合統括ＡＩ	総合統括ＡＩ	11
G：サクラ	サクラ	11
M：セレシェイラ	セレシェイラ	11
J：アーユス	アーユス	11
B：家令	家令	11
檻の中の市民Ｄ	檻の中の市民Ｄ	11
展望台アナウンス	展望台アナウンス	11
K：カドック	カドック	11
O：リリス	リリス	11
H：アイリーン	アイリーン	11
H：マリスビリー	マリスビリー	11
O：ゴルドルフ	ゴルドルフ	11
カワタ	カワタ	11
愉快なアサシン	愉快なアサシン	11
亡霊	亡霊	11
ロベスピエール・ゴースト	ロベスピエール・ゴースト	11
お米のひと	お米のひと	11
シャドウサーヴァント	シャドウサーヴァント	11
陽炎太夫（楊貴妃）	陽炎太夫（楊貴妃）	11
G：サンチョ	サンチョ	11
F：オジマンディアス	オジマンディアス	11
キルケー？	キルケー？	11
F：ニキチッチ	ニキチッチ	11
闇のコヤンスカヤ	闇のコヤンスカヤ	11
G：ニキチッチ	ニキチッチ	11
司会者	司会者	11
サンソン（？）	サンソン（？）	11
スペース丁稚	スペース丁稚	11
将軍	将軍	11
母親	母親	11
怨霊	怨霊	11
検事	検事	11
鬼弐	鬼弐	11
後藤セタンタ	後藤セタンタ	11
カルデア通信士	カルデア通信士	11
イリ助さん	イリ助さん	11
A：メイヴ？	メイヴ？	11
場内アナウンス	場内アナウンス	11
燎原の鬼	燎原の鬼	11
H：ブラダマンテ	ブラダマンテ	11
J：解説	解説	11
不届きな魔（仮）	不届きな魔（仮）	11
客	客	11
ファン？	ファン？	11
E：ゴッホ	ゴッホ	11
A：ヴァジュラ	ヴァジュラ	11
酔っぱらいの浪人	酔っぱらいの浪人	11
エルメロイⅡ世？	エルメロイⅡ世？	11
C：シオン	シオン	11
蛇神様	蛇神様	11
前田セタンタ	前田セタンタ	11
女剣士	女剣士	11
客Ａ	客Ａ	11
第六天魔王・卑弥呼	第六天魔王・卑弥呼	11
勇者・壱与	勇者・壱与	11
大蛇	大蛇	11
最も恐ろしきもの	最も恐ろしきもの	11
刑部姫Ａ	刑部姫Ａ	11
J：エリザベート	エリザベート	11
四人	四人	11
派手な姿の少女	派手な姿の少女	11
維新まじん・オルタ妹	維新まじん・オルタ妹	11
街頭テレビ	街頭テレビ	11
A：紙袋のゴッデス	紙袋のゴッデス	11
M：ギルガメッシュ	ギルガメッシュ	11
作業員	作業員	11
K：ゴルドルフ	ゴルドルフ	11
ケルベロス	ケルベロス	11
参加者たち	参加者たち	11
B：【景市】=spot[H,B]	【景市】	11
F：ネモ・プロフェッサー	ネモ・プロフェッサー	11
G：アンドロメダ	アンドロメダ	11
O：久遠寺有珠	久遠寺有珠	11
G：槻司鳶丸	槻司鳶丸	11
ワニ親方	ワニ親方	11
日比乃ひびき？	日比乃ひびき？	11
A：ジャガーマン=spot[A,C]	ジャガーマン	11
B：ぐっ様人形	ぐっ様人形	11
B：黒姫	黒姫	11
セレブな客Ｂ	セレブな客Ｂ	11
H：ヘファイスティオン	ヘファイスティオン	11
N：テュフォン・エフェメロス	テュフォン・エフェメロス	11
K：グレイ	グレイ	11
F：黒髭	黒髭	11
B：攘夷志士	攘夷志士	11
N：松永弾正	松永弾正	11
M：織田信長	織田信長	11
スペース・サンタさん	スペース・サンタさん	11
M：ソニックマッハ・ジェッター	ソニックマッハ・ジェッター	11
I：エレシュキガル・オルタ	エレシュキガル・オルタ	11
D：酒呑童子（61）=spot[D,N,O,P]	酒呑童子	11
J：望月千代女（27）=spot[J,N,O,P]	望月千代女	11
D：[DA4A67]電話の主[-]	電話の主	11
一般兵	一般兵	11
X：デュマ	デュマ	11
黒獅子もどき	黒獅子もどき	11
ドクター	ドクター	10
煙酔のハサン	煙酔のハサン	10
砦の兵士	砦の兵士	10
砦の兵士Ｂ	砦の兵士Ｂ	10
E：子供たち	子供たち	10
H：ウルク兵士	ウルク兵士	10
C：魔神ガープ	魔神ガープ	10
男Ｂ	男Ｂ	10
D：胤舜	胤舜	10
G：艶やかな少女の声	艶やかな少女の声	10
魔神柱ラウム	魔神柱ラウム	10
船員	船員	10
メディア《マタ・ハリ》	メディア《マタ・ハリ》	10
農村駐在	農村駐在	10
F：ホームズ	ホームズ	10
ネモ・マリーンたち	ネモ・マリーンたち	10
E：ネモ・マリーン	ネモ・マリーン	10
B：[B86349]ヘファイストス[-]	ヘファイストス	10
F：オリュンポス市民	オリュンポス市民	10
G：少年	少年	10
ミネルヴァ	ミネルヴァ	10
A：アトランティス防衛兵	アトランティス防衛兵	10
N：人工知能	人工知能	10
F：宮中の僧	宮中の僧	10
古き神	古き神	10
嘆きの騎士	嘆きの騎士	10
ガウェインの兵士・Ａ	ガウェインの兵士・Ａ	10
グロスターの下級妖精たち	グロスターの下級妖精たち	10
ロブ＆ワグ	ロブ＆ワグ	10
妖精	妖精	10
妖精士官	妖精士官	10
エイケン・ドラム	エイケン・ドラム	10
モルガンに集まった妖精たち	モルガンに集まった妖精たち	10
竜骸	竜骸	10
湖の騎士	湖の騎士	10
M：クラス・アサシン	クラス・アサシン	10
L：ホームズ	ホームズ	10
デイノニクス11兄弟・右	デイノニクス11兄弟・右	10
神官職ディノス	神官職ディノス	10
D：テスカトリポカ	テスカトリポカ	10
C：テペウ	テペウ	10
J：デイビット	デイビット	10
K：ドゥリーヨダナ	ドゥリーヨダナ	10
I：平景清	平景清	10
A：巌窟王の声	巌窟王の声	10
月笑騎士団たち	月笑騎士団たち	10
オールド・ドバイ自警団Ａ	オールド・ドバイ自警団Ａ	10
H：ＢＢコスモ	ＢＢコスモ	10
M：ニキチッチ	ニキチッチ	10
檻の中の市民Ｃ	檻の中の市民Ｃ	10
B：キングプロテア・オルタ	キングプロテア・オルタ	10
J：オールド・ドバイ市民	オールド・ドバイ市民	10
天使	天使	10
イライザ	イライザ	10
M：ダンテ	ダンテ	10
地獄の番人	地獄の番人	10
カヤン	カヤン	10
A：[%1]	[%1]	10
白い医師たち	白い医師たち	10
P：オルガマリー	オルガマリー	10
O：Dr.ロマン	Dr.ロマン	10
過去	過去	10
現在	現在	10
未来	未来	10
C：杉谷善住坊	杉谷善住坊	10
みんな	みんな	10
孔明な武術家	孔明な武術家	10
B：太公望	太公望	10
光のコヤンスカヤ	光のコヤンスカヤ	10
人さらい	人さらい	10
E：アイリスフィール	アイリスフィール	10
ドッペルゲンガー	ドッペルゲンガー	10
モブ女たち	モブ女たち	10
I：[FFFFFF]カーマ	カーマ	10
鋼鉄始皇帝	鋼鉄始皇帝	10
ちびノブ	ちびノブ	10
悪いノッブ	悪いノッブ	10
[FFE3B6]？？？	？？？	10
魔神アンドラス	魔神アンドラス	10
ちびノブ？	ちびノブ？	10
謎の長宗我部ヒロインⅩ	謎の長宗我部ヒロインⅩ	10
オペレーター	オペレーター	10
ケモミミの女王	ケモミミの女王	10
ゲーム中のアーチャー	ゲーム中のアーチャー	10
A：[servantName 1100500:新宿のアヴェンジャー:ヘシアン・ロボ]	ヘシアン・ロボ	10
片桐メドゥ元	片桐メドゥ元	10
G：[servantName 602900:アサシン・パライソ:望月千代女]	望月千代女	10
最後のマネージャー	最後のマネージャー	10
A：ダ・ヴィンチ	ダ・ヴィンチ	10
シノ	シノ	10
E：ミコケル	ミコケル	10
F：ゴッホ	ゴッホ	10
E：日比乃ひびき	日比乃ひびき	10
E：シオン	シオン	10
オキタソージ	オキタソージ	10
虎千代	虎千代	10
謎の鎧武者	謎の鎧武者	10
百地ハサン太夫	百地ハサン太夫	10
ローマ大名ネロ	ローマ大名ネロ	10
F：ラムダ	ラムダ	10
黒髪のカウガール	黒髪のカウガール	10
D：Ｓイシュタル	Ｓイシュタル	10
埴輪	埴輪	10
B：光り輝く埴輪	光り輝く埴輪	10
C：名無しの弟	名無しの弟	10
O：[FFFFFF]虞美人[-]	虞美人	10
A：ネモ・マリーン	ネモ・マリーン	10
G：牛若丸	牛若丸	10
アキバガードＢ	アキバガードＢ	10
謎の船長	謎の船長	10
維新新選組・オキタ	維新新選組・オキタ	10
L：コン	コン	10
W：コン	コン	10
バニヤン？	バニヤン？	10
C：イルス	イルス	10
E：石田三成	石田三成	10
淀の方	淀の方	10
A：ヨハンナ	ヨハンナ	10
ジャンヌ・ダルク？	ジャンヌ・ダルク？	10
I：セタンタ	セタンタ	10
B：ルビー	ルビー	10
K：健康博士=spot[K,J]	健康博士	10
誹謗中傷の源	誹謗中傷の源	10
領民	領民	10
雑賀孫市	雑賀孫市	10
D：[FFFFFF]ワンジナ[-]	ワンジナ	10
斎藤警部	斎藤警部	10
O：ネモサンタ	ネモサンタ	10
D：宮本伊織	宮本伊織	10
I：カーリー	カーリー	10
F：隈乃院ヨシスケ	隈乃院ヨシスケ	10
日比乃ひびき＆桂木千鍵	日比乃ひびき＆桂木千鍵	10
U：お瀧さん	お瀧さん	10
U：ドゥリーヨダナ	ドゥリーヨダナ	10
L：ゴッホ	ゴッホ	10
トントゥ？	トントゥ？	10
B：ダ・ヴィンチ=spot[B,H]	ダ・ヴィンチ	10
蛇竜人=spot[H]	蛇竜人	10
B：エリザベート	エリザベート	10
T：小野小町	小野小町	10
O：テュフォン・エフェメロス	テュフォン・エフェメロス	10
E：オデュッセウス・オルタ	オデュッセウス・オルタ	10
L：インドラ	インドラ	10
ネモ？	ネモ？	10
J：松永弾正	松永弾正	10
G：メカエリチャンⅡ号機	メカエリチャンⅡ号機	10
P：フローラ	フローラ	10
H：メイヴ（18）=spot[H,T,U,V]	メイヴ	10
P：[DA4A67]電話の主[-]	電話の主	10
H：フランソワ	フランソワ	10
F：ヒッポリュテ	ヒッポリュテ	10
穢れた騎士達=spot[G,H,I,M,N,O,P,Q,R]	穢れた騎士達	10
Q：偽ゲオルギウス	偽ゲオルギウス	10
黒獅子？	黒獅子？	10
D：ジャック（アサシン）	ジャック（アサシン）	10
L：神王ラックランド	神王ラックランド	10
B：ジョン	ジョン	10
G：ジョン	ジョン	10
G：ウルク兵士	ウルク兵士	9
D：陽気な声	陽気な声	9
紐を弄くる老人	紐を弄くる老人	9
生真面目な紳士	生真面目な紳士	9
レジスタンス	レジスタンス	9
レジスタンス男達	レジスタンス男達	9
ダユー？	ダユー？	9
町人の女	町人の女	9
木曾義仲	木曾義仲	9
但馬の侍衆	但馬の侍衆	9
A：水夫長	水夫長	9
マルガレータ	マルガレータ	9
D：サンソン	サンソン	9
E：カルデアスタッフ	カルデアスタッフ	9
E：ヤガ市民Ｃ	ヤガ市民Ｃ	9
大人	大人	9
ヘスティア島住民	ヘスティア島住民	9
G：ヘスティア島住民	ヘスティア島住民	9
A：アポロン	アポロン	9
ディオスクロイ	ディオスクロイ	9
E：妖精の行商団	妖精の行商団	9
B：段蔵	段蔵	9
通りすがりの妖精	通りすがりの妖精	9
官司たち	官司たち	9
妖精の兵士	妖精の兵士	9
通り一番の靴屋	通り一番の靴屋	9
ロンディニウムの少女	ロンディニウムの少女	9
買い物中の妖精	買い物中の妖精	9
[FFFFFF]仮面の妖精たち[-]	仮面の妖精たち	9
女王の騎士	女王の騎士	9
妖精騎士メリュジーヌ	妖精騎士メリュジーヌ	9
G：テペウ	テペウ	9
デイノニクス11兄弟・一男	デイノニクス11兄弟・一男	9
首をかしげるディノス	首をかしげるディノス	9
地上のオセロトルたち	地上のオセロトルたち	9
カルデア職員Ｂ	カルデア職員Ｂ	9
A：生産部ＡＩ	生産部ＡＩ	9
Q：メドゥーサ	メドゥーサ	9
H：サリエリ	サリエリ	9
A：カリオストロ・オルタ	カリオストロ・オルタ	9
エデ	エデ	9
オールド・ドバイ自警団Ｂ	オールド・ドバイ自警団Ｂ	9
J：岸波白野	岸波白野	9
白野ふたり	白野ふたり	9
K：ダ・ヴィンチ	ダ・ヴィンチ	9
H：駒姫	駒姫	9
L：異星の巫女？	異星の巫女？	9
G：ヨハンナ	ヨハンナ	9
N：インドラ	インドラ	9
イリヤ＆クロエ	イリヤ＆クロエ	9
パライソ	パライソ	9
竜種	竜種	9
モードレッド？	モードレッド？	9
A：ガネコ？	ガネコ？	9
高名な武術家	高名な武術家	9
アルトリア？	アルトリア？	9
コンスタンティノープル	コンスタンティノープル	9
A：オデュッセウス？	オデュッセウス？	9
C：燕青	燕青	9
黒アイリ	黒アイリ	9
アイランド仮面	アイランド仮面	9
偽酒呑童子	偽酒呑童子	9
偽アストルフォ	偽アストルフォ	9
H：子供	子供	9
B：土方歳三	土方歳三	9
オリオン？	オリオン？	9
白竜	白竜	9
ゲシュティンアンナ	ゲシュティンアンナ	9
D：刑部姫	刑部姫	9
D：イリ助さん	イリ助さん	9
B：ジャガーマン	ジャガーマン	9
第六天魔王・織田信長	第六天魔王・織田信長	9
沖田オルタ？	沖田オルタ？	9
はぐれサーヴァント	はぐれサーヴァント	9
B：坂本龍馬	坂本龍馬	9
加藤メディ明	加藤メディ明	9
謎の七本槍・糟屋ヒロインＸ	謎の七本槍・糟屋ヒロインＸ	9
C：[servantName 202300:新宿のアーチャー:モリアーティ]	モリアーティ	9
G：謎の女の子	謎の女の子	9
漁村の老人	漁村の老人	9
C：エリザベート	エリザベート	9
コブンゴ	コブンゴ	9
L：スルーズ	スルーズ	9
B：アルトリア・キャスター	アルトリア・キャスター	9
B：ツタンカーメン	ツタンカーメン	9
ギャング	ギャング	9
B：ジュネス	ジュネス	9
B：ゴルドルフ	ゴルドルフ	9
暗殺者	暗殺者	9
ちびノブ達	ちびノブ達	9
僧兵？	僧兵？	9
摩玖主の村人	摩玖主の村人	9
摩玖主僧兵	摩玖主僧兵	9
D：足軽ノッブ	足軽ノッブ	9
客Ｂ	客Ｂ	9
謎のアルターエゴＰ	謎のアルターエゴＰ	9
I：宮本伊織	宮本伊織	9
A：武蔵	武蔵	9
A：セイバー	セイバー	9
ハンドレッドフェイス秘書子	ハンドレッドフェイス秘書子	9
女性市民	女性市民	9
A：卑弥呼	卑弥呼	9
I：虞美人	虞美人	9
巴の声	巴の声	9
C：アルジュナ	アルジュナ	9
３人	３人	9
謎のイゾーＯ	謎のイゾーＯ	9
維新まじん・オルタ姉	維新まじん・オルタ姉	9
ギガプレシオサウルスくんΩ	ギガプレシオサウルスくんΩ	9
新三姉妹	新三姉妹	9
K：ジャンヌ・オルタ	ジャンヌ・オルタ	9
K：モリアーティ（ヤング）	モリアーティ（ヤング）	9
P：山南敬助	山南敬助	9
F：壱与	壱与	9
S：駒姫	駒姫	9
N：グレイ	グレイ	9
B：久坂玄瑞	久坂玄瑞	9
I：太公望	太公望	9
通りすがりの名も無き英霊	通りすがりの名も無き英霊	9
W：アナウンス	アナウンス	9
サバフェス仙人	サバフェス仙人	9
I：呼延灼	呼延灼	9
J：アスクレピオス	アスクレピオス	9
F：委員長	委員長	9
A：【朱之介】=spot[G,A]	【朱之介】	9
商人	商人	9
今魔川代官	今魔川代官	9
土御門泰広	土御門泰広	9
C：カロン	カロン	9
K：シラノ	シラノ	9
M：久遠寺有珠	久遠寺有珠	9
E：カレンちゃん	カレンちゃん	9
夢をみている男	夢をみている男	9
V：シーボルト	シーボルト	9
J：坂田金時	坂田金時	9
H：黄天祥	黄天祥	9
R：ロウヒ	ロウヒ	9
B：トントゥ	トントゥ	9
H：[FFFFFF]ランスロット	ランスロット	9
K：黒姫	黒姫	9
M：おみぃさん	おみぃさん	9
K：アスクレピオス	アスクレピオス	9
V：小野小町	小野小町	9
東洋の客Ｂ	東洋の客Ｂ	9
B：ジニー	ジニー	9
H：インドラ	インドラ	9
サメ兵士Ａ	サメ兵士Ａ	9
P：大統領	大統領	9
常連客の猟師	常連客の猟師	9
N：織田信長	織田信長	9
マガツ茶々ノカミ	マガツ茶々ノカミ	9
宣伝マン	宣伝マン	9
綺麗なオカダ	綺麗なオカダ	9
P：松永弾正	松永弾正	9
N：キングエリザ	キングエリザ	9
H：わらし	わらし	9
T：メイヴ（18）=spot[T,W,X,Y]	メイヴ	9
F：オジマンディアス（69）=spot[F,M,N,O]	オジマンディアス	9
A：マシュ（43）=spot[A,X,Y,Z]	マシュ	9
D：フランソワ	フランソワ	9
B：一般兵	一般兵	9
X：リチャード	リチャード	9
I：フランソワ	フランソワ	9
I：ヒッポリュテ	ヒッポリュテ	9
H：ギルガメッシュ	ギルガメッシュ	9
U：ジル・ド・レェ	ジル・ド・レェ	9
E：ゲオルギウス	ゲオルギウス	9
G：アス	アス	9
E：バーヴァン・シー	バーヴァン・シー	9
G：ジル	ジル	8
山の民	山の民	8
ウルク兵士Ａ	ウルク兵士Ａ	8
研究員Ａ	研究員Ａ	8
スタッフＡ	スタッフＡ	8
女海賊Ａ	女海賊Ａ	8
城下の人々	城下の人々	8
G：田助	田助	8
女王の兵士	女王の兵士	8
B：少女	少女	8
警備兵	警備兵	8
D：アマデウス・オルタ	アマデウス・オルタ	8
レイシフト適合者	レイシフト適合者	8
ソールズベリーの兵士・Ｂ	ソールズベリーの兵士・Ｂ	8
庭の衛士	庭の衛士	8
交換屋の妖精	交換屋の妖精	8
カフェ・赤髭の給仕	カフェ・赤髭の給仕	8
C：ウッドワス軍・兵士	ウッドワス軍・兵士	8
店の主人	店の主人	8
戴冠式に向かう妖精たち	戴冠式に向かう妖精たち	8
グロスターの妖精	グロスターの妖精	8
ネモ・マリーン（計測係）	ネモ・マリーン（計測係）	8
E：カール大帝	カール大帝	8
ベッドの上の少年	ベッドの上の少年	8
ネモ・マリーンＣ	ネモ・マリーンＣ	8
E：デイノニクス11兄弟	デイノニクス11兄弟	8
オセロトルたち	オセロトルたち	8
デイノニクス11兄弟・二男	デイノニクス11兄弟・二男	8
多感なるディノス	多感なるディノス	8
M：ビーマ	ビーマ	8
F：サリエリ	サリエリ	8
H：カズラドロップ	カズラドロップ	8
檻の中の市民Ｂ	檻の中の市民Ｂ	8
元帝王パーシマ	元帝王パーシマ	8
G：テノチティトラン・バニー	テノチティトラン・バニー	8
J：裁判長	裁判長	8
G：裁判長	裁判長	8
B：メタトロン・ジャンヌ	メタトロン・ジャンヌ	8
T：[51d4ff]アナウンス[-]	アナウンス	8
I：オルガマリー	オルガマリー	8
E：グランマリー	グランマリー	8
G：ネモ=spot[G,F]	ネモ	8
ステラマリー	ステラマリー	8
N：ウルズ	ウルズ	8
L：オルガマリー	オルガマリー	8
縄で縛られた茨木童子	縄で縛られた茨木童子	8
ケルト兵	ケルト兵	8
G：大黒天	大黒天	8
A：ジナーシャ？	ジナーシャ？	8
F：杉谷善住坊	杉谷善住坊	8
E：モリアーティ	モリアーティ	8
フワワ？	フワワ？	8
キャプテン・キッド	キャプテン・キッド	8
E：市民	市民	8
E：キルケー	キルケー	8
ちびハサン	ちびハサン	8
G：盗賊	盗賊	8
武蔵坊雪斎	武蔵坊雪斎	8
黒田メフィスト	黒田メフィスト	8
A：ブリュンヒルデ	ブリュンヒルデ	8
エジソン君	エジソン君	8
モヒカン	モヒカン	8
[FFFFFF]C：？？？[-]	？？？	8
ネルガル	ネルガル	8
F：お栄	お栄	8
節分女将	節分女将	8
岡っ引き“貌”	岡っ引き“貌”	8
C：龍馬	龍馬	8
E：ロビンフッド	ロビンフッド	8
メイヴ親衛隊	メイヴ親衛隊	8
H：[servantName 202300:新宿のアーチャー:モリアーティ]	モリアーティ	8
D：[servantName 602700:サンタ狙いの女帝:武則天]	武則天	8
D：ブラダマンテ	ブラダマンテ	8
魔猿	魔猿	8
瘤のある老人	瘤のある老人	8
E：エリセ	エリセ	8
C：美遊	美遊	8
F：パールヴァティー？	パールヴァティー？	8
大奥女中Ｂ	大奥女中Ｂ	8
解説	解説	8
兵士？	兵士？	8
ビッグノッブ	ビッグノッブ	8
H：浅井家足軽	浅井家足軽	8
足軽	足軽	8
伊達ジャンヌ・オルタ	伊達ジャンヌ・オルタ	8
蠣崎シトナイ	蠣崎シトナイ	8
E：カーミラ	カーミラ	8
集落の老人	集落の老人	8
O：？？？	？？？	8
B：[FFFFFF]ネモ・マリーン	ネモ・マリーン	8
C：サラリーマン	サラリーマン	8
ファンＡ	ファンＡ	8
暗黒の仔山羊	暗黒の仔山羊	8
アルテラ・ザ・サン（タ）	アルテラ・ザ・サン（タ）	8
C：坂本龍馬	坂本龍馬	8
U：？？？	？？？	8
維新新選組・フジタ	維新新選組・フジタ	8
謎の維新ライダーＭ	謎の維新ライダーＭ	8
おいしい巨大卵	おいしい巨大卵	8
町の住民	町の住民	8
プレシオサウルスくん	プレシオサウルスくん	8
A：仔犬	仔犬	8
謎の平安女子Ａ	謎の平安女子Ａ	8
モリアーティ（アラフィフ）	モリアーティ（アラフィフ）	8
I：デスソードファイア	デスソードファイア	8
屋台の親父	屋台の親父	8
E：ドラコー	ドラコー	8
Q：黒い少女	黒い少女	8
J：[FFFFFF]プトレマイオス[-]	プトレマイオス	8
E：プトレマイオス	プトレマイオス	8
巫女＆神官	巫女＆神官	8
H：新選組隊士	新選組隊士	8
H：兵卒	兵卒	8
G：宮本伊織	宮本伊織	8
怪異	怪異	8
J：逸れのルーラー	逸れのルーラー	8
セバスチャン	セバスチャン	8
G：ワニ親方	ワニ親方	8
イネ	イネ	8
F：エレシュキガル	エレシュキガル	8
M：エレシュキガル	エレシュキガル	8
F：カズラドロップ	カズラドロップ	8
G：黄天爵	黄天爵	8
C：ツタンカーメン	ツタンカーメン	8
『術師』の使い魔	『術師』の使い魔	8
H：ツタンカーメン	ツタンカーメン	8
L：ナウクラテー	ナウクラテー	8
C：トントゥ	トントゥ	8
ネモサンタ（中継）	ネモサンタ（中継）	8
R：ビショーネ	ビショーネ	8
二人=spot[G,H]	二人	8
東洋の客Ａ	東洋の客Ａ	8
C：オデュッセウス・オルタ	オデュッセウス・オルタ	8
K：アイリスフィール	アイリスフィール	8
O：ライネス	ライネス	8
I：パッションリップ	パッションリップ	8
G：大統領	大統領	8
アナウンスの声	アナウンスの声	8
N：ミカ	ミカ	8
Ｕプレジデントシップ	Ｕプレジデントシップ	8
I：松永弾正	松永弾正	8
怪しい男	怪しい男	8
L：藤堂平助	藤堂平助	8
L：魔王信長	魔王信長	8
J：織田信長	織田信長	8
J：藤堂平助	藤堂平助	8
H：？？？=spot[H]	？？？	8
マシュ（43）=spot[A,N,O,P]	マシュ	8
D：ニトクリス（19）=spot[D,M,N,O]	ニトクリス	8
E：ティアマト（16）=spot[E,T,U,V]	ティアマト	8
執事モレー	執事モレー	8
B：マシュ（43）=spot[B,K,L,M]	マシュ	8
D：テュフォン・エフェメロス（14）=spot[D,Q,R,S]	テュフォン・エフェメロス	8
F：フランソワ	フランソワ	8
穢れた騎士達	穢れた騎士達	8
ジャック（アサシン）	ジャック（アサシン）	8
J：千子村正	千子村正	8
1：ネロ	ネロ	8
[51d4ff]アナウンスＢ[-]	アナウンスＢ	7
F：サーヴァント	サーヴァント	7
G：トータ	トータ	7
連合軍兵士	連合軍兵士	7
魔獣	魔獣	7
G：キングゥ	キングゥ	7
第一の門	第一の門	7
魔神ナベリウス	魔神ナベリウス	7
魔神サブナック	魔神サブナック	7
C：魔神フラウロス	魔神フラウロス	7
B：魔神柱	魔神柱	7
[51d4ff]アナウンス	アナウンス	7
部下Ａ	部下Ａ	7
D：田助	田助	7
里の老婆	里の老婆	7
E：雅な芸妓	雅な芸妓	7
F：淑やかな姫君	淑やかな姫君	7
町の人々	町の人々	7
兵士たち	兵士たち	7
軍法務士官	軍法務士官	7
F：警官	警官	7
H：村人	村人	7
レベッカ	レベッカ	7
H：女王の家来	女王の家来	7
[51ffff]アナウンスＡ[-]	アナウンスＡ	7
E：オフェリア	オフェリア	7
G：ムニエル	ムニエル	7
A：コヤンスカヤ	コヤンスカヤ	7
G：ペペロンチーノ	ペペロンチーノ	7
F：マンドリカルド	マンドリカルド	7
G：オリュンポス市民	オリュンポス市民	7
査問官	査問官	7
牛車の中の貴人	牛車の中の貴人	7
京の男	京の男	7
動物のような妖精	動物のような妖精	7
顔のいい妖精	顔のいい妖精	7
D：妖精の行商団	妖精の行商団	7
モース	モース	7
鳥の姿をした妖精	鳥の姿をした妖精	7
I：シェフィールドの衛士	シェフィールドの衛士	7
棚の下に隠れている靴屋の妖精	棚の下に隠れている靴屋の妖精	7
書記官イットリー	書記官イットリー	7
北の妖精	北の妖精	7
ウッドワス軍・兵士	ウッドワス軍・兵士	7
ノクナレア軍・士官	ノクナレア軍・士官	7
見張りの妖精Ａ	見張りの妖精Ａ	7
K：王の氏族になった妖精	王の氏族になった妖精	7
逃げる妖精	逃げる妖精	7
サーヴァントたち	サーヴァントたち	7
S：クラス・アサシン	クラス・アサシン	7
ディノス	ディノス	7
デイノニクス11兄弟・真ん中	デイノニクス11兄弟・真ん中	7
デイノニクス11兄弟・左	デイノニクス11兄弟・左	7
闘士ワクチャン	闘士ワクチャン	7
キングプロテア？	キングプロテア？	7
P：テペウ	テペウ	7
H：警防タイプ筆頭ＡＩ	警防タイプ筆頭ＡＩ	7
P：アーユス	アーユス	7
J：セイバー	セイバー	7
B：ラニ＝Ｋ	ラニ＝Ｋ	7
[image berserker_language_8]	[image berserker_language_8]	7
E：ニトクリス	ニトクリス	7
Q：キリエ	キリエ	7
P：ジャンヌ・オルタ	ジャンヌ・オルタ	7
O：従者の女	従者の女	7
C：伯爵	伯爵	7
A：ジャンヌ・オルタ	ジャンヌ・オルタ	7
仮面の巌窟王	仮面の巌窟王	7
叔母の声	叔母の声	7
仮面の男	仮面の男	7
オールド・ドバイ市民Ａ	オールド・ドバイ市民Ａ	7
帝王パーシマ	帝王パーシマ	7
案内ロボット	案内ロボット	7
E：檻の中の市民Ａ	檻の中の市民Ａ	7
オールド・ドバイ市民Ｂ	オールド・ドバイ市民Ｂ	7
バスの運転手	バスの運転手	7
L：クレオパトラ	クレオパトラ	7
L：ダンテ	ダンテ	7
F：言峰綺礼	言峰綺礼	7
O：ダ・ヴィンチ	ダ・ヴィンチ	7
マーカス	マーカス	7
L：ミス・クレーン	ミス・クレーン	7
D：俵藤太	俵藤太	7
メジェドｓ	メジェドｓ	7
L：ナポレオン	ナポレオン	7
M：ドゥルガー	ドゥルガー	7
クー・フーリン？	クー・フーリン？	7
高名な武術家の弟子	高名な武術家の弟子	7
セネカ	セネカ	7
若者	若者	7
N：サンチョ	サンチョ	7
E：オジマンディアス	オジマンディアス	7
D：アーサー	アーサー	7
D：ナーサリー・ライム	ナーサリー・ライム	7
F：エミヤ	エミヤ	7
E：燕青	燕青	7
C：[servantName 503400:ミドラーシュのキャスター:シバの女王]	シバの女王	7
教師	教師	7
アステリオス（？）	アステリオス（？）	7
巴御前？	巴御前？	7
松平アーラシュ	松平アーラシュ	7
上杉アルトリア	上杉アルトリア	7
H：全員	全員	7
D：女性	女性	7
教会の少女	教会の少女	7
デビー・クロケット	デビー・クロケット	7
レオニマス一世	レオニマス一世	7
ネルガルの悪意	ネルガルの悪意	7
[servantName 503400:商売人の女王:シバの女王]	シバの女王	7
H：ルビー	ルビー	7
福島エミノリ	福島エミノリ	7
平野えっちゃん	平野えっちゃん	7
G：ロビンフッド	ロビンフッド	7
D：ヒロインＸＸ	ヒロインＸＸ	7
D：ジャンヌ	ジャンヌ	7
D：サーファー	サーファー	7
浜辺のクールガイ	浜辺のクールガイ	7
ミステリアン・サーヴァント２号	ミステリアン・サーヴァント２号	7
H：[servantName 602700:サンタ狙いの女帝:武則天]	武則天	7
E：新ケツァルマスク	新ケツァルマスク	7
達人	達人	7
少女メドゥーサ	少女メドゥーサ	7
A：ラムダ	ラムダ	7
A：山南先生	山南先生	7
D：言峰神父	言峰神父	7
C：黒姫	黒姫	7
C：フローラ	フローラ	7
D：フローラ	フローラ	7
A：リチャード	リチャード	7
B：鬼柴田	鬼柴田	7
E：家老マシュ	家老マシュ	7
大魔王オキタ・オルタ	大魔王オキタ・オルタ	7
ＳＰ１	ＳＰ１	7
D：ラムダ	ラムダ	7
スペースモッヒー	スペースモッヒー	7
C：Ｘ	Ｘ	7
G：アシュタレト	アシュタレト	7
ミスター・チンの声	ミスター・チンの声	7
アマゾネスＣ	アマゾネスＣ	7
集落の人	集落の人	7
偽の壱与	偽の壱与	7
H：卑弥呼	卑弥呼	7
クー・フーリン＆子ギル＆マシュ	クー・フーリン＆子ギル＆マシュ	7
マネージャー人形	マネージャー人形	7
ファンＢ	ファンＢ	7
音怨リーダー・ソロウ	音怨リーダー・ソロウ	7
D：アナスタシア	アナスタシア	7
K：清少納言	清少納言	7
水着カッツ	水着カッツ	7
D：エリザベート	エリザベート	7
レアお菓子ゴーレム	レアお菓子ゴーレム	7
神官	神官	7
O：サンソン	サンソン	7
S：メドゥーサ	メドゥーサ	7
O：モードレッド	モードレッド	7
コスモギルガメス	コスモギルガメス	7
O：スペース・オデュッセウス	スペース・オデュッセウス	7
D：リンド	リンド	7
三姉妹	三姉妹	7
五人	五人	7
Q：沖田総司	沖田総司	7
伝令お茶ノッブ	伝令お茶ノッブ	7
釈妙英	釈妙英	7
E：歌舞伎弁士・阿国	歌舞伎弁士・阿国	7
L：呼延灼	呼延灼	7
ドレイク？	ドレイク？	7
魔神柱？	魔神柱？	7
魔獣フラウロス	魔獣フラウロス	7
クー・フーリン・オルタ？	クー・フーリン・オルタ？	7
M：ミス・ブーツライン	ミス・ブーツライン	7
U：[FFFFFF]プトレマイオス[-]	プトレマイオス	7
N：オベロン	オベロン	7
暴徒たち	暴徒たち	7
黒犬	黒犬	7
B：【㭍六】=spot[J,B]	【㭍六】	7
沖田巡査長	沖田巡査長	7
G：紅玉の書	紅玉の書	7
H：大黒天	大黒天	7
K：久遠寺有珠	久遠寺有珠	7
O：海幸彦	海幸彦	7
I：エレシュキガル	エレシュキガル	7
K：パッションリップ	パッションリップ	7
B：マシュの声	マシュの声	7
F：パッションリップ	パッションリップ	7
E：黄天禄	黄天禄	7
T：ロウヒ	ロウヒ	7
C：アルクェイド（？）	アルクェイド（？）	7
A：アルクェイド	アルクェイド	7
L：おみぃさん	おみぃさん	7
F：ダンテ	ダンテ	7
B：司馬懿	司馬懿	7
D：サバージオス	サバージオス	7
N：両儀式	両儀式	7
I：サバージオス=spot[I,O]	サバージオス	7
H：司馬懿	司馬懿	7
サメ騎士	サメ騎士	7
G：クリームヒルト	クリームヒルト	7
D：ティアマト	ティアマト	7
U：ジーク	ジーク	7
C：三河屋のハサン	三河屋のハサン	7
常連客Ａ	常連客Ａ	7
P：レイヴン	レイヴン	7
ボンバーノッブ	ボンバーノッブ	7
I：Ｕプレジデントシップ	Ｕプレジデントシップ	7
爆発した女	爆発した女	7
G：藤堂平助	藤堂平助	7
B：マガツ弾正=spot[B,Y]	マガツ弾正	7
カブキマスター阿国	カブキマスター阿国	7
E：マガツ利休ノカミ	マガツ利休ノカミ	7
H：古代火星人	古代火星人	7
古代火星人Ａ	古代火星人Ａ	7
O：メカエリチャンⅡ号機	メカエリチャンⅡ号機	7
L：終わりのエリザベート	終わりのエリザベート	7
太陽のパリス	太陽のパリス	7
B：メカエリチャンⅡ号機	メカエリチャンⅡ号機	7
G：河上彦斎	河上彦斎	7
I：花咲翁	花咲翁	7
O：フローラ	フローラ	7
A：ジャンヌ・オルタ・サンタ・リリィ（11）=spot[A,R,S,T]	ジャンヌ・オルタ・サンタ・リリィ	7
黒髭（45）=spot[M,N,O,P]	黒髭	7
黒髭（45）=spot[C,M,N,O]	黒髭	7
F：黒髭（45）=spot[F,T,U,V]	黒髭	7
F：伊吹童子（22）=spot[F,T,U,V]	伊吹童子	7
G：柳生但馬守（02）=spot[G,N,O,P]	柳生但馬守	7
C：茨木童子（13）=spot[C,Q,R,S]	茨木童子	7
I：宮本伊織（31）=spot[I,N,O,P]	宮本伊織	7
G：[DA4A67]電話の主[-]	電話の主	7
J：オルガマリー	オルガマリー	7
マシュ（43）=spot[B,K,L,M]	マシュ	7
源頼光（19）=spot[I,K,L,M]	源頼光	7
I：源頼光（19）=spot[I,K,L,M]	源頼光	7
C：黒獅子	黒獅子	7
E：エルキドゥ	エルキドゥ	7
K：ペンテシレイア	ペンテシレイア	7
G：サーヴァント	サーヴァント	6
ジャック・ザ・リッパー	ジャック・ザ・リッパー	6
難民の子供	難民の子供	6
聖都軍兵士Ｂ	聖都軍兵士Ｂ	6
連合軍兵士たち	連合軍兵士たち	6
シュメル人	シュメル人	6
第四の門	第四の門	6
ベル・ラフム	ベル・ラフム	6
第五の門	第五の門	6
ウルク門番	ウルク門番	6
魔神オセ	魔神オセ	6
魔神フォルネウス	魔神フォルネウス	6
ボンベ	ボンベ	6
D：Dr.ロマン	Dr.ロマン	6
C：魔神グシオン	魔神グシオン	6
C：魔神クロケル	魔神クロケル	6
C：スタッフＢ	スタッフＢ	6
チンピラＢ	チンピラＢ	6
D：スタッフＡ	スタッフＡ	6
D：スタッフＢ	スタッフＢ	6
レジスタンス男	レジスタンス男	6
E：男	男	6
C：田助	田助	6
B：女の子	女の子	6
D：アーチャー・インフェルノ	アーチャー・インフェルノ	6
一枚摺売り	一枚摺売り	6
E：田助	田助	6
G：軍判事	軍判事	6
ルドルフ	ルドルフ	6
H：メディア《マタ・ハリ》	メディア《マタ・ハリ》	6
F：少女	少女	6
瀕死のカーター《ラウム》	瀕死のカーター《ラウム》	6
G：アビゲイル	アビゲイル	6
C：マシュ《プロンプト》	マシュ《プロンプト》	6
牧師《食屍鬼》	牧師《食屍鬼》	6
C：銀角	銀角	6
批評家	批評家	6
劇場高級会員	劇場高級会員	6
D：コヤンスカヤ	コヤンスカヤ	6
C：神父	神父	6
農婦Ｂ	農婦Ｂ	6
A：始皇帝	始皇帝	6
[9bb9ff]？？？[-]	？？？	6
E：ヘラクレス島住民	ヘラクレス島住民	6
G：シャルロット・コルデー	シャルロット・コルデー	6
I：ニコラ・テスラ？	ニコラ・テスラ？	6
P：マシュ	マシュ	6
ヘファイストス	ヘファイストス	6
O：人工知能	人工知能	6
中国の馬	中国の馬	6
[B86349]プロメテウス＝ヘファイストス[-]	プロメテウス＝ヘファイストス	6
B：[93CA76]空中の文字[-]	空中の文字	6
轍の嬰児	轍の嬰児	6
C：オベロン	オベロン	6
土の妖精	土の妖精	6
牙の妖精	牙の妖精	6
人間の兵士	人間の兵士	6
円卓軍の伝令兵	円卓軍の伝令兵	6
外で集まっている妖精たち	外で集まっている妖精たち	6
恰幅のいい人間	恰幅のいい人間	6
ウッドワス軍・伝令兵	ウッドワス軍・伝令兵	6
魔術師マーリン	魔術師マーリン	6
ジェニー	ジェニー	6
J：バーゲスト	バーゲスト	6
反乱軍の兵士	反乱軍の兵士	6
兵士の声Ａ	兵士の声Ａ	6
騎士の声	騎士の声	6
N：オーロラの声	オーロラの声	6
ネモ・マリーン（観測手・左）	ネモ・マリーン（観測手・左）	6
[FFFFFF]A：？？？[-]	？？？	6
O：クラス・アサシン	クラス・アサシン	6
マシュ＆ハベトロット	マシュ＆ハベトロット	6
D：デイノニクス11兄弟	デイノニクス11兄弟	6
C：デイノニクス11兄弟	デイノニクス11兄弟	6
E：デイノニクス11兄弟・真ん中	デイノニクス11兄弟・真ん中	6
G：デイノニクス11兄弟・七男	デイノニクス11兄弟・七男	6
F：ラスプーチン	ラスプーチン	6
デイノニクス11兄弟・三男	デイノニクス11兄弟・三男	6
うなずくディノス	うなずくディノス	6
J：うなずいていたディノス	うなずいていたディノス	6
F：テペウ	テペウ	6
B：テペウ	テペウ	6
カルデア職員Ｃ	カルデア職員Ｃ	6
C：アーユス	アーユス	6
D：メドゥーサ	メドゥーサ	6
不思議そうなディノス	不思議そうなディノス	6
Y：ビーマ	ビーマ	6
C：ラニ＝Ｋ	ラニ＝Ｋ	6
D：ラニ＝Ｋ	ラニ＝Ｋ	6
G：エルロン	エルロン	6
フーカ先生？	フーカ先生？	6
E：サリエリ	サリエリ	6
E：平景清	平景清	6
C：巌窟王モンテ・クリスト	巌窟王モンテ・クリスト	6
騎士団員マッドネス	騎士団員マッドネス	6
S：ＢＢドバイ	ＢＢドバイ	6
檻の中の市民たち	檻の中の市民たち	6
D：テノチティトラン・バニー	テノチティトラン・バニー	6
J：ハサラ	ハサラ	6
檻の中の市民Ａ	檻の中の市民Ａ	6
N：バーソロミュー	バーソロミュー	6
I：船内ガイド	船内ガイド	6
E：アイリーン	アイリーン	6
B：言峰綺礼	言峰綺礼	6
J：リリス	リリス	6
D：スペース・エレシュキガル	スペース・エレシュキガル	6
ムーン・ドバイ市民Ｂ	ムーン・ドバイ市民Ｂ	6
あるムーン・ドバイ市民	あるムーン・ドバイ市民	6
N：ヨハンナ	ヨハンナ	6
T：アストライア	アストライア	6
G：リリス	リリス	6
P：モリアーティ	モリアーティ	6
B：伯爵	伯爵	6
G：マリスビリー	マリスビリー	6
F：オルガマリー	オルガマリー	6
W：マシュ=spot[U,F]	マシュ	6
かすれた声	かすれた声	6
M：Ｘ・オルタ	Ｘ・オルタ	6
E：ツタンカーメン	ツタンカーメン	6
B：テスカトリポカ	テスカトリポカ	6
A：ときこ=spot[J,A]	ときこ	6
B：ムニエル	ムニエル	6
C：ウルズ	ウルズ	6
F：ウルズ	ウルズ	6
Q：エジソン	エジソン	6
D：コン	コン	6
ネモたち	ネモたち	6
極悪非道の盗賊	極悪非道の盗賊	6
H：コン	コン	6
名状しがたき異形	名状しがたき異形	6
ランスロット？	ランスロット？	6
A：エミヤ・オルタ	エミヤ・オルタ	6
G：モリアーティ	モリアーティ	6
L：カーリー	カーリー	6
F：大黒天	大黒天	6
A：葛飾北斎	葛飾北斎	6
Dr．ロマン	Dr．ロマン	6
F：イシュタル	イシュタル	6
D：マスク・ド・バリツ	マスク・ド・バリツ	6
K：コンスタンティノス	コンスタンティノス	6
ファウスト	ファウスト	6
H：クー・フーリン	クー・フーリン	6
ロード・エルメロイⅡ世	ロード・エルメロイⅡ世	6
H：[FFFFFF]カーマ	カーマ	6
C：ダ・ヴィンチ	ダ・ヴィンチ	6
真人始皇帝	真人始皇帝	6
アマデウス仮面	アマデウス仮面	6
竹中アンデルセン	竹中アンデルセン	6
良いノッブ	良いノッブ	6
G：両儀式	両儀式	6
死霊	死霊	6
羊	羊	6
布団	布団	6
看護師	看護師	6
A：鈴鹿御前	鈴鹿御前	6
不夜城のキャスター	不夜城のキャスター	6
ドゥン・スタリオン	ドゥン・スタリオン	6
G：お栄	お栄	6
チョコラミス	チョコラミス	6
カルデア職員（男性）	カルデア職員（男性）	6
D：沖田総司	沖田総司	6
A：アヴェンジャー・淀	アヴェンジャー・淀	6
加藤書文	加藤書文	6
D：織田信勝	織田信勝	6
E：名も無きカメラマンのみなさん	名も無きカメラマンのみなさん	6
サバフェス海賊	サバフェス海賊	6
少女騎士	少女騎士	6
エジソン兵	エジソン兵	6
千歳市民の男の子	千歳市民の男の子	6
ハンバーグの鬼	ハンバーグの鬼	6
町民Ａ	町民Ａ	6
G：マルタ	マルタ	6
謎の宣教師Ａ	謎の宣教師Ａ	6
A：虎面の怪	虎面の怪	6
D：雀	雀	6
天魔武蔵	天魔武蔵	6
Ｘ・オルタ・オーバーロード	Ｘ・オルタ・オーバーロード	6
謎のディーラーΛ	謎のディーラーΛ	6
シンベエ	シンベエ	6
H：リンド	リンド	6
B：ワンジナ	ワンジナ	6
銀河警察	銀河警察	6
F：ヤマトタケル	ヤマトタケル	6
B：呼延灼	呼延灼	6
V：ネモ・プロフェッサー	ネモ・プロフェッサー	6
B：リチャード	リチャード	6
C：あちらのお客さま	あちらのお客さま	6
大奥女中Ｃ	大奥女中Ｃ	6
ダイゾー	ダイゾー	6
摩玖主大本尊	摩玖主大本尊	6
D：マックスウェル	マックスウェル	6
前田クー・フーリン・オルタ	前田クー・フーリン・オルタ	6
A：足軽沖田さん	足軽沖田さん	6
真田エミ幸	真田エミ幸	6
源義経	源義経	6
I：葛飾北斎	葛飾北斎	6
I：カーミラ	カーミラ	6
B：葛飾北斎	葛飾北斎	6
C：葛飾北斎	葛飾北斎	6
音声ガイド	音声ガイド	6
F：アシュタレト	アシュタレト	6
B：イシュタル	イシュタル	6
手下達	手下達	6
市民Ｃ	市民Ｃ	6
非モテ警察達	非モテ警察達	6
メジェド？	メジェド？	6
C：エリセ	エリセ	6
埴輪ノッブ	埴輪ノッブ	6
狗神	狗神	6
悪夢のウィリアム	悪夢のウィリアム	6
虞美人ｓ	虞美人ｓ	6
ネモ・マリーン（偽）	ネモ・マリーン（偽）	6
幸寿前	幸寿前	6
E：？？？（二人目）	？？？（二人目）	6
D：エロース	エロース	6
アキバガードＡ	アキバガードＡ	6
M：メイド	メイド	6
L：市民	市民	6
中岡慎太郎	中岡慎太郎	6
E：お国	お国	6
A：フェイカー	フェイカー	6
住民Ａ	住民Ａ	6
P：アルジュナ・オルタ	アルジュナ・オルタ	6
O：メドゥーサ	メドゥーサ	6
コンたち	コンたち	6
P：コン	コン	6
Q：コン	コン	6
キングプレシオサウルスくん？	キングプレシオサウルスくん？	6
D：ニンジャ	ニンジャ	6
D：《自由を求める者》	《自由を求める者》	6
犬士たち	犬士たち	6
ネモ・アスクレピオス	ネモ・アスクレピオス	6
ネモ・レディ・アヴァロン	ネモ・レディ・アヴァロン	6
ボイジャー（イアソン）	ボイジャー（イアソン）	6
検使	検使	6
T：マシュ	マシュ	6
花の魔術師	花の魔術師	6
J：モレー	モレー	6
黒髭？	黒髭？	6
バビロン兵	バビロン兵	6
N：モレー	モレー	6
A：魔獣ドラコー	魔獣ドラコー	6
魔獣ナベリウス	魔獣ナベリウス	6
H：プトレマイオス	プトレマイオス	6
祭神の巫女	祭神の巫女	6
ニワトコ	ニワトコ	6
O：ランスロット	ランスロット	6
C：ゴルドルフ	ゴルドルフ	6
B：伊東甲子太郎	伊東甲子太郎	6
F：由井正雪	由井正雪	6
宮本伊織？	宮本伊織？	6
B：宮本伊織	宮本伊織	6
I：かしんこちゃん	かしんこちゃん	6
J：静希草十郎	静希草十郎	6
K：静希草十郎	静希草十郎	6
J：杉谷	杉谷	6
ヨシスケ	ヨシスケ	6
D：男性	男性	6
S：乙姫清姫	乙姫清姫	6
K：日比乃ひびき	日比乃ひびき	6
U：乙姫清姫	乙姫清姫	6
トレーナーのお兄さん	トレーナーのお兄さん	6
M：ＣＥＯ	ＣＥＯ	6
F：黄天化	黄天化	6
G：ゴッホ	ゴッホ	6
C：謎の代行者C.I.E.L	謎の代行者C.I.E.L	6
蛇竜人=spot[I]	蛇竜人	6
E：おみぃさん	おみぃさん	6
L：蛇竜人	蛇竜人	6
蛇竜人たちの声	蛇竜人たちの声	6
U：蛇竜人	蛇竜人	6
V：蛇竜人	蛇竜人	6
K：小野篁	小野篁	6
モノローグ（ＣＶ：呼延灼）	モノローグ（ＣＶ：呼延灼）	6
S：クリームヒルト	クリームヒルト	6
B：ジークフリート	ジークフリート	6
G：イプシロン	イプシロン	6
P：イプシロン	イプシロン	6
N：テュフォン・エフェメロス=spot[N,M]	テュフォン・エフェメロス	6
K：テュフォン・エフェメロス	テュフォン・エフェメロス	6
サバージオス=spot[A,N]	サバージオス	6
J：オデュッセウス・オルタ	オデュッセウス・オルタ	6
J：オデュッセウス・オルタ=spot[J,I]	オデュッセウス・オルタ	6
J：アルジュナ	アルジュナ	6
N：大統領	大統領	6
サメ兵士Ｂ	サメ兵士Ｂ	6
J：ジュネス	ジュネス	6
H：キレーちゃん	キレーちゃん	6
駐在さん	駐在さん	6
常連客Ｂ	常連客Ｂ	6
顧客達の声	顧客達の声	6
J：ノア	ノア	6
K：松永弾正	松永弾正	6
P：黒の剣士	黒の剣士	6
S：原田左之助	原田左之助	6
B：マガツ弾正	マガツ弾正	6
信徒？	信徒？	6
フリーダムと呼ばれた男	フリーダムと呼ばれた男	6
I：フレッカス	フレッカス	6
M：ユニヴァース・アポロン	ユニヴァース・アポロン	6
K：花咲翁	花咲翁	6
Q：ダ・ヴィンチ（12）=spot[R,N,O,P]	ダ・ヴィンチ	6
A：マシュ（43）=spot[A,W,X,Y]	マシュ	6
C：黒髭（45）=spot[C,W,X,Y]	黒髭	6
マシュ（43）=spot[A,M,N,O]	マシュ	6
A：マシュ（43）=spot[A,Q,R,S]	マシュ	6
マシュ（43）=spot[C,Q,R,S]	マシュ	6
H：胤舜（35）=spot[H,N,O,P]	胤舜	6
D：黒髭（45）=spot[D,N,O,P]	黒髭	6
F：百貌のハサン（39）=spot[F,M,N,O]	百貌のハサン	6
Z：デュボワ夫人	デュボワ夫人	6
U：クロード	クロード	6
C：ロクスタ（22）=spot[C,M,N,O]	ロクスタ	6
J：一般兵	一般兵	6
G：ヒッポリュテ	ヒッポリュテ	6
T：フランソワ	フランソワ	6
L：天牛の欠片	天牛の欠片	6
K：デメテル・オリジン	デメテル・オリジン	6
H：グレイ	グレイ	6
擬機神デメテル・オリジン	擬機神デメテル・オリジン	6
L：ペルセポネ	ペルセポネ	6
骸骨兵	骸骨兵	5
H：難民たち	難民たち	5
第二の門	第二の門	5
E：ラフム	ラフム	5
スタッフＣ	スタッフＣ	5
F：アマゾネスＣ	アマゾネスＣ	5
D：セレブＢ	セレブＢ	5
レジスタンス少年	レジスタンス少年	5
女海賊Ｃ	女海賊Ｃ	5
D：レジスタンス男Ｃ	レジスタンス男Ｃ	5
G：肉食獣じみた男	肉食獣じみた男	5
足軽達	足軽達	5
D：村人	村人	5
軍判事	軍判事	5
老ピックマン	老ピックマン	5
A：警官	警官	5
ジャイルズ	ジャイルズ	5
B：村人たち	村人たち	5
D：警官	警官	5
カルデアスタッフＡ	カルデアスタッフＡ	5
警備兵・通信	警備兵・通信	5
E：ヤガ市民Ａ	ヤガ市民Ａ	5
D：子供たち	子供たち	5
E：大人たち	大人たち	5
巨いなる番人	巨いなる番人	5
B：子供たち	子供たち	5
F：蘭陵王	蘭陵王	5
B：モードレッド	モードレッド	5
C：荊軻	荊軻	5
A：少女	少女	5
C：ペペロンチーノ	ペペロンチーノ	5
[9bb9ff]アルテミス	アルテミス	5
D：オリュンポス正規兵	オリュンポス正規兵	5
大江山の客人	大江山の客人	5
外からの声	外からの声	5
広場からの声	広場からの声	5
J：牙の妖精Ｂ	牙の妖精Ｂ	5
白い狼	白い狼	5
I：囚われた人間	囚われた人間	5
６人の妖精	６人の妖精	5
シェフィールドの妖精たち	シェフィールドの妖精たち	5
ドラケイ	ドラケイ	5
モルガン軍兵士	モルガン軍兵士	5
S：司会者の妖精	司会者の妖精	5
もうひとりの競り手	もうひとりの競り手	5
C：ムリアン	ムリアン	5
ウェールズの妖精たち	ウェールズの妖精たち	5
ノリッジの使い	ノリッジの使い	5
裏路地の妖精	裏路地の妖精	5
教官	教官	5
妖精たちの歌声	妖精たちの歌声	5
E：走ってくるレッドラ・ビット	走ってくるレッドラ・ビット	5
C：その背中に乗ったガレス	その背中に乗ったガレス	5
騎士見習いの少女	騎士見習いの少女	5
円卓軍の妖精兵士	円卓軍の妖精兵士	5
D：賢人グリム	賢人グリム	5
B：下級妖精たち	下級妖精たち	5
風の氏族の兵士	風の氏族の兵士	5
G：ネモ・マリーン（観測手・左）	ネモ・マリーン（観測手・左）	5
村の妖精たち	村の妖精たち	5
A：ネモ・マリーン（観測手・左）	ネモ・マリーン（観測手・左）	5
H：トトロット	トトロット	5
M：クラス・セイバー	クラス・セイバー	5
W：神官ヴクブ	神官ヴクブ	5
イスカリと呼ばれた青年	イスカリと呼ばれた青年	5
A：ワクチャン	ワクチャン	5
F：恐竜王	恐竜王	5
グレートデスクロー	グレートデスクロー	5
O：オセロトル	オセロトル	5
D：テペウ	テペウ	5
青のテスカトリポカ	青のテスカトリポカ	5
集まってきたディノス	集まってきたディノス	5
E：ドゥリーヨダナ	ドゥリーヨダナ	5
M：ランサーのマスター	ランサーのマスター	5
E：アーユス	アーユス	5
B：キャスター	キャスター	5
A：ラニ＝Ｔ	ラニ＝Ｔ	5
B：ラニ＝Ｔ	ラニ＝Ｔ	5
[6680ff]黒い影の声[-]	黒い影の声	5
[6680ff]黒い影	黒い影	5
B：吹奏楽部女子	吹奏楽部女子	5
サリエリ？	サリエリ？	5
A：マリー？	マリー？	5
D：ＢＢ	ＢＢ	5
ご機嫌なムーン・ドバイ市民	ご機嫌なムーン・ドバイ市民	5
上級市民	上級市民	5
檻の中の市民	檻の中の市民	5
C：テノチティトラン	テノチティトラン	5
F：月笑騎士団たち	月笑騎士団たち	5
X：ジナコ	ジナコ	5
W：アンデルセン	アンデルセン	5
B：プレジデント臨時秘書	プレジデント臨時秘書	5
D：シエル	シエル	5
J：カドック	カドック	5
L：黒髭	黒髭	5
アイン	アイン	5
ツヴァイ	ツヴァイ	5
うなだれたムーン・ドバイ市民たち	うなだれたムーン・ドバイ市民たち	5
F：罪人	罪人	5
E：メタトロン・ジャンヌ	メタトロン・ジャンヌ	5
カドック（？）	カドック（？）	5
J：ゴルドルフ	ゴルドルフ	5
彼女	彼女	5
E：スカサハ＝スカディ	スカサハ＝スカディ	5
E：フィン・マックール	フィン・マックール	5
O：テスカトリポカ	テスカトリポカ	5
考えるディノス	考えるディノス	5
H：エリザベート	エリザベート	5
無銘	無銘	5
G：アルジュナ	アルジュナ	5
L：アズライール	アズライール	5
G：男の子	男の子	5
影からの声	影からの声	5
C：ネモ・マリーン	ネモ・マリーン	5
E：徴弐	徴弐	5
H：解説	解説	5
J：スカサハ＝スカディＡ	スカサハ＝スカディＡ	5
I：ドゥルガー	ドゥルガー	5
ウェルキンゲトリクス・ゴースト	ウェルキンゲトリクス・ゴースト	5
I：ニキチッチ	ニキチッチ	5
オートマタ	オートマタ	5
人形の姫君	人形の姫君	5
宇宙に漂うエウロペ？	宇宙に漂うエウロペ？	5
魔神柱ハーゲンティ	魔神柱ハーゲンティ	5
王様	王様	5
呪腕のハサン（？）	呪腕のハサン（？）	5
C：盗賊	盗賊	5
武術家	武術家	5
モブ女Ａ	モブ女Ａ	5
H：カーマ	カーマ	5
A：看護師	看護師	5
真田メドゥーサ	真田メドゥーサ	5
メディアリリィ	メディアリリィ	5
京人	京人	5
[image NPC_font001a][image NPC_font001b]	[image NPC_font001a][image NPC_font001b]	5
銀角	銀角	5
C：アルトリア？	アルトリア？	5
D：お菓子の国の住人	お菓子の国の住人	5
A：クー・フーリン	クー・フーリン	5
メカノッブ	メカノッブ	5
ノブ選組	ノブ選組	5
明石えっちゃん	明石えっちゃん	5
名前を喪った男	名前を喪った男	5
ＢＢ？	ＢＢ？	5
不夜城のアサシン	不夜城のアサシン	5
名羊ツェルコ	名羊ツェルコ	5
ガルラ霊	ガルラ霊	5
F：アマゾネスＣＥＯ	アマゾネスＣＥＯ	5
“公方様”	“公方様”	5
H：お栄	お栄	5
F：鈴鹿御前	鈴鹿御前	5
E：葛飾北斎	葛飾北斎	5
町人・甲	町人・甲	5
E：格ロエさん	格ロエさん	5
C：沖田オルタ	沖田オルタ	5
G：黒コートの男	黒コートの男	5
H：超絶かわいい案内人	超絶かわいい案内人	5
D：織田信勝？	織田信勝？	5
E：[servantName 503000:語り部のキャスター:シェヘラザード]	シェヘラザード	5
E：ＢＢペレ	ＢＢペレ	5
H：ジキル	ジキル	5
審査員	審査員	5
B：黒髭の鬼	黒髭の鬼	5
千歳市民のお母さん	千歳市民のお母さん	5
A：名羊ツェルコ	名羊ツェルコ	5
B：[servantName 402500:レジスタンスのライダー:コロンブス]	コロンブス	5
雀たち	雀たち	5
玉藻の前＆巴御前＆清姫	玉藻の前＆巴御前＆清姫	5
お爺さん	お爺さん	5
A：蛇面の怪	蛇面の怪	5
B：神託の声	神託の声	5
ありがたい石像	ありがたい石像	5
エリザベート（ランサー）	エリザベート（ランサー）	5
L：バーゲスト	バーゲスト	5
A：アビゲイル・サンタ	アビゲイル・サンタ	5
C：宮本伊織	宮本伊織	5
B：河上彦斎	河上彦斎	5
H：イプシロン	イプシロン	5
F：テュフォン・エフェメロス	テュフォン・エフェメロス	5
ギャングＣ	ギャングＣ	5
I：グレイ	グレイ	5
甲斐の兵	甲斐の兵	5
魔導僧兵	魔導僧兵	5
足軽ノッブ？	足軽ノッブ？	5
E：刑部姫	刑部姫	5
I：刑部姫	刑部姫	5
館内アナウンス	館内アナウンス	5
匿名の戦士	匿名の戦士	5
J：宮本伊織	宮本伊織	5
C：風魔小太郎	風魔小太郎	5
スペースモッヒーＢ	スペースモッヒーＢ	5
C：Ｓイシュタル	Ｓイシュタル	5
C：暗黒武者ＭＵＮＥＮＯＲＩ	暗黒武者ＭＵＮＥＮＯＲＩ	5
E：アルテラ	アルテラ	5
謎の暴走剣士	謎の暴走剣士	5
アマゾネスたち	アマゾネスたち	5
市民Ｂ	市民Ｂ	5
A：元気な女の子	元気な女の子	5
ノッブＰ	ノッブＰ	5
暗黒邪馬台国人	暗黒邪馬台国人	5
B：カルデアスタッフ	カルデアスタッフ	5
M：集落の人々	集落の人々	5
P：集落の子供	集落の子供	5
名無しの弟	名無しの弟	5
悪夢のスパルタクスＰ・Ｘ	悪夢のスパルタクスＰ・Ｘ	5
J：虞美人	虞美人	5
ゾンビ	ゾンビ	5
A：虞美人	虞美人	5
B：巴御前	巴御前	5
I：ヒロインＸＸ	ヒロインＸＸ	5
C：楊貴妃Ｂ	楊貴妃Ｂ	5
C：ネモ・マリーン[FFFFFF]	ネモ・マリーン	5
エリちゃんｓ	エリちゃんｓ	5
警備員Ａ	警備員Ａ	5
警備員Ｂ	警備員Ｂ	5
E：市民[FFFFFF]	市民	5
人形メイド	人形メイド	5
小タラスク	小タラスク	5
リーダー型コロンブス	リーダー型コロンブス	5
O：エリザベート	エリザベート	5
J：カーミラ	カーミラ	5
K：沖田オルタ	沖田オルタ	5
G：坂本龍馬	坂本龍馬	5
ジャンヌ？	ジャンヌ？	5
F：ゴルドルフ	ゴルドルフ	5
アストライア＆メドゥーサ	アストライア＆メドゥーサ	5
住民Ｃ	住民Ｃ	5
J：太歳星君	太歳星君	5
アニング？	アニング？	5
F：歌姫	歌姫	5
モブＡ？	モブＡ？	5
マーリン（幻覚）	マーリン（幻覚）	5
E：お路	お路	5
ワルキューレ？？？	ワルキューレ？？？	5
B：エルン	エルン	5
A：ジャンヌ	ジャンヌ	5
R：カーミラ	カーミラ	5
お茶ノッブ	お茶ノッブ	5
K：邪馬台国人	邪馬台国人	5
A：盗賊	盗賊	5
Z：千利休	千利休	5
O：千利休	千利休	5
Q：マンドリカルド	マンドリカルド	5
長州藩士	長州藩士	5
アルテラ？	アルテラ？	5
B：セタンタ	セタンタ	5
I：第１６代将軍・徳川クロフネ	第１６代将軍・徳川クロフネ	5
T：高杉晋作	高杉晋作	5
H：セタンタ	セタンタ	5
K：スルーズ	スルーズ	5
J：メドゥーサ	メドゥーサ	5
影の騎士	影の騎士	5
U：プトレマイオス	プトレマイオス	5
J：プトレマイオス	プトレマイオス	5
獣神の神官	獣神の神官	5
Ｄ・Ｂ・クロエ	Ｄ・Ｂ・クロエ	5
C：鈴鹿御前	鈴鹿御前	5
J：アルトリア・キャスター	アルトリア・キャスター	5
K：燕青	燕青	5
E：妖精騎士トリスタン	妖精騎士トリスタン	5
ミス・クレーン＆ハベトロット	ミス・クレーン＆ハベトロット	5
L：ワンジナ	ワンジナ	5
F：ドライノッブ	ドライノッブ	5
F：御陵衛士	御陵衛士	5
異人の少女	異人の少女	5
C：武田晴信	武田晴信	5
G：ドライノッブ	ドライノッブ	5
C：新選組隊士	新選組隊士	5
K：紅玉の書	紅玉の書	5
I：ネモサンタ	ネモサンタ	5
T：丑御前	丑御前	5
B：スセリツカ	スセリツカ	5
T：槻司鳶丸	槻司鳶丸	5
L：槻司鳶丸	槻司鳶丸	5
夢をみた男	夢をみた男	5
N：杉谷	杉谷	5
B：エルメロイⅡ世？	エルメロイⅡ世？	5
謎の女	謎の女	5
E：静希草十郎	静希草十郎	5
O：ＣＥＯ	ＣＥＯ	5
H：海幸彦=spot[H,J]	海幸彦	5
L：日比乃ひびき	日比乃ひびき	5
M：桂木千鍵	桂木千鍵	5
I：ウィレム	ウィレム	5
W：？？？	？？？	5
K：ロウヒ	ロウヒ	5
I：ククルカン	ククルカン	5
C：スターシエル	スターシエル	5
E：ランスロット	ランスロット	5
蛇竜人たち	蛇竜人たち	5
A：黒姫	黒姫	5
蛇竜人の声	蛇竜人の声	5
チビーネ=spot[A,B]	チビーネ	5
ビショーネ=spot[R]	ビショーネ	5
蛇竜人=spot[Q]	蛇竜人	5
K：小野小町	小野小町	5
小野小町？	小野小町？	5
東洋の客	東洋の客	5
H：エレノア	エレノア	5
支配人	支配人	5
謎の人斬り	謎の人斬り	5
F：エレノアの父	エレノアの父	5
F：イプシロン	イプシロン	5
M：イプシロン	イプシロン	5
I：テュフォン・エフェメロス=spot[I,M]	テュフォン・エフェメロス	5
A：オデュッセウス・オルタ=spot[A,J]	オデュッセウス・オルタ	5
L：テュフォン・エフェメロス	テュフォン・エフェメロス	5
マケドニア兵たち	マケドニア兵たち	5
L：サバージオス	サバージオス	5
外からの声Ｂ	外からの声Ｂ	5
H：ヴリトラ	ヴリトラ	5
K：ビーマ	ビーマ	5
N：サバージオス	サバージオス	5
H：ラーマ	ラーマ	5
I：ジュネス	ジュネス	5
X：パッションリップ	パッションリップ	5
イマジナリー紫式部	イマジナリー紫式部	5
観光客Ｃ	観光客Ｃ	5
修学旅行生	修学旅行生	5
観光客	観光客	5
Q：テスカトリポカ	テスカトリポカ	5
G：ノッブ	ノッブ	5
C：攘夷志士	攘夷志士	5
P：魔王信長	魔王信長	5
T：原田左之助	原田左之助	5
O：近藤勇	近藤勇	5
L：松永弾正	松永弾正	5
一般辻斬りマン	一般辻斬りマン	5
J：原田左之助	原田左之助	5
古代火星人Ｂ	古代火星人Ｂ	5
L：メカエリチャンⅡ号機	メカエリチャンⅡ号機	5
E：エリザベート	エリザベート	5
G：鮮血のウィドウヒルト	鮮血のウィドウヒルト	5
A：マガツ弾正=spot[A,M]	マガツ弾正	5
N：ロビンフッド	ロビンフッド	5
Q：エレシュキガル・オルタ	エレシュキガル・オルタ	5
J：カズラドロップ	カズラドロップ	5
I：張角	張角	5
B：エレシュキガル・オルタ	エレシュキガル・オルタ	5
H：蛇女房	蛇女房	5
A：マシュ（43）=spot[A,R,S,T]	マシュ	5
D：ロウヒ（90）=spot[D,W,X,Y]	ロウヒ	5
マシュ（43）=spot[A,W,X,Y]	マシュ	5
ニトクリス（19）=spot[D,M,N,O]	ニトクリス	5
C：黒髭（45）=spot[C,M,N,O]	黒髭	5
D：カイニス（60）=spot[D,Q,R,S]	カイニス	5
マシュ（43）=spot[A,Q,R,S]	マシュ	5
F：丑御前（14）=spot[F,Q,R,S]	丑御前	5
E：ヤマトタケル（16）=spot[E,N,O,P]	ヤマトタケル	5
E：呪腕のハサン（30）=spot[E,M,N,O]	呪腕のハサン	5
呪腕のハサン（30）=spot[E,M,N,O]	呪腕のハサン	5
K：執事モレー	執事モレー	5
I：レオン	レオン	5
N：ジキル（29）=spot[N,X,Y,Z]	ジキル	5
エミヤ（EX）=spot[F,Q,S]	エミヤ（EX）	5
N：蘆屋道満（61）=spot[N,K,L,M]	蘆屋道満	5
M：デュボワ夫人	デュボワ夫人	5
C：黒髭（45）=spot[C,S,T,U]	黒髭	5
Q：葛飾北斎（17）=spot[Q,S,T,U]	葛飾北斎	5
E：フランチェスカ	フランチェスカ	5
ドレッドノート	ドレッドノート	5
O：ヒッポリュテ	ヒッポリュテ	5
アンティオキアの騎士	アンティオキアの騎士	5
通りすがりの兵士	通りすがりの兵士	5
穢れた殺戮者達	穢れた殺戮者達	5
H：百貌のハサン	百貌のハサン	5
J：ペンテシレイア	ペンテシレイア	5
C：黒獅子に非ず	黒獅子に非ず	5
K：徐福	徐福	5
J：デュマ	デュマ	5
I：アス	アス	5
M：カリオストロ	カリオストロ	5
G：グレイ	グレイ	5
K：アス	アス	5
C：兵士	兵士	4
「Ｂ」	「Ｂ」	4
斥候	斥候	4
牧場主Ｂの証言	牧場主Ｂの証言	4
牧場主Ｃの証言	牧場主Ｃの証言	4
牧場主Ｄの証言	牧場主Ｄの証言	4
ウルク兵士たち	ウルク兵士たち	4
F：ウルク兵士	ウルク兵士	4
第三の門	第三の門	4
E：牛若丸	牛若丸	4
E：ウルク市民	ウルク市民	4
魔神バルバトス	魔神バルバトス	4
魔神フラウロス	魔神フラウロス	4
魔神ハルファス	魔神ハルファス	4
F：ティアマト	ティアマト	4
A：モリアーティ	モリアーティ	4
A：ダユー	ダユー	4
C：胤舜	胤舜	4
弓使いの女	弓使いの女	4
C：天草四郎	天草四郎	4
武蔵＆佐々木小次郎	武蔵＆佐々木小次郎	4
女王の侍女	女王の侍女	4
獣	獣	4
E：村人	村人	4
A：怪物・男	怪物・男	4
C：怪物・老人	怪物・老人	4
村人たち	村人たち	4
オズボーン	オズボーン	4
D：シバの女王	シバの女王	4
A：カーター	カーター	4
G：ホームズ	ホームズ	4
E：パツシィ	パツシィ	4
D：神父	神父	4
カルデアスタッフＢ	カルデアスタッフＢ	4
ヤガ叛逆軍（男）	ヤガ叛逆軍（男）	4
ヤガ叛逆軍（女）	ヤガ叛逆軍（女）	4
D：[51ffff]ダ・ヴィンチ[-]	ダ・ヴィンチ	4
E：ヤガ市民Ｂ	ヤガ市民Ｂ	4
E：ヤガ市民	ヤガ市民	4
父	父	4
C：ヤガ市民	ヤガ市民	4
C：子供たち	子供たち	4
F：大人たち	大人たち	4
F：子供たち	子供たち	4
B：[51ffff]ダ・ヴィンチ[-]	ダ・ヴィンチ	4
A：子供たち	子供たち	4
F：紫水晶の女	紫水晶の女	4
D：ブリュンヒルデ	ブリュンヒルデ	4
ヴィハーン	ヴィハーン	4
J：哪吒	哪吒	4
壁の向こうからの声	壁の向こうからの声	4
D：ゴルドルフ	ゴルドルフ	4
I：ヘスティア島住民	ヘスティア島住民	4
少年の声	少年の声	4
G：アデーレ	アデーレ	4
P：人工知能	人工知能	4
B：オリュンポス兵	オリュンポス兵	4
ドクター？	ドクター？	4
E：カドック	カドック	4
陰陽師たち	陰陽師たち	4
A：安倍晴明	安倍晴明	4
F：衛兵	衛兵	4
甲冑を着た妖精	甲冑を着た妖精	4
酒場に集まった妖精	酒場に集まった妖精	4
天幕の奥からの声	天幕の奥からの声	4
出店の妖精	出店の妖精	4
O：ノリッジの憲兵	ノリッジの憲兵	4
妖精の士官・オーラリア	妖精の士官・オーラリア	4
妖精の官司	妖精の官司	4
通りの妖精	通りの妖精	4
ロンディニウム・見張り兵士	ロンディニウム・見張り兵士	4
大通りの商人	大通りの商人	4
エディンバラの衛士	エディンバラの衛士	4
上級妖精たち	上級妖精たち	4
D：上級妖精たち	上級妖精たち	4
観客たち	観客たち	4
予言の歌	予言の歌	4
D：ペペロン伯爵	ペペロン伯爵	4
兵士の声	兵士の声	4
B：オベロン	オベロン	4
L：ソールズベリーの騎士	ソールズベリーの騎士	4
O：ソールズベリーの騎士	ソールズベリーの騎士	4
N：風に乗って響く声	風に乗って響く声	4
手足をもがれた少女	手足をもがれた少女	4
[FFFFFF]モルガンに集まった妖精たち[-]	モルガンに集まった妖精たち	4
ネモ・マリーン（観測手）	ネモ・マリーン（観測手）	4
スプリガンの衛士Ｂ	スプリガンの衛士Ｂ	4
G：クラス・セイバー	クラス・セイバー	4
H：ドン・キホーテ	ドン・キホーテ	4
A：シートン（？）	シートン（？）	4
E：百貌のハサン	百貌のハサン	4
K：シャルルマーニュ	シャルルマーニュ	4
たおやかなディノス	たおやかなディノス	4
G：デイノニクス11兄弟	デイノニクス11兄弟	4
観客席のディノスたち	観客席のディノスたち	4
M：神官ヴクブ	神官ヴクブ	4
K：武器商人	武器商人	4
言峰監督	言峰監督	4
J：テペウ	テペウ	4
G：紅閻魔・オルタ	紅閻魔・オルタ	4
L：コヤンスカヤ	コヤンスカヤ	4
D：Ｕ－オルガマリー	Ｕ－オルガマリー	4
A：一同	一同	4
Y：ニトクリス	ニトクリス	4
A：ゴルドルフ	ゴルドルフ	4
微笑むディノス	微笑むディノス	4
逆臣たち	逆臣たち	4
F：カーマ	カーマ	4
J：ＤＸ	ＤＸ	4
星詠みのディノス	星詠みのディノス	4
A：トラロック	トラロック	4
ラニ＝Ｋ	ラニ＝Ｋ	4
F：セレシェイラ	セレシェイラ	4
ハサンの声	ハサンの声	4
A：教頭	教頭	4
B：ジャンヌ・オルタ	ジャンヌ・オルタ	4
マリーの声	マリーの声	4
従者の女	従者の女	4
D：平景清	平景清	4
謎のアストロノーツ	謎のアストロノーツ	4
D：オールド・ドバイ市民Ｂ	オールド・ドバイ市民Ｂ	4
機械化兵団	機械化兵団	4
色の違う機械化兵	色の違う機械化兵	4
監視機械	監視機械	4
月笑騎士団・過激派Ａ	月笑騎士団・過激派Ａ	4
月笑騎士団・過激派Ｂ	月笑騎士団・過激派Ｂ	4
N：パッションリップ	パッションリップ	4
K：月笑騎士団Ｃ	月笑騎士団Ｃ	4
じゃあくビースト	じゃあくビースト	4
月笑騎士団・特殊工作隊	月笑騎士団・特殊工作隊	4
P：アンソニー	アンソニー	4
手を止めない老人	手を止めない老人	4
D：白い礼服の少女	白い礼服の少女	4
G：天草四郎	天草四郎	4
L：カドック	カドック	4
D：ダンテ	ダンテ	4
ドライ	ドライ	4
ムーン・ドバイ市民Ｃ	ムーン・ドバイ市民Ｃ	4
T：ダンテ	ダンテ	4
S：ヨハンナ	ヨハンナ	4
B：全員	全員	4
Q：マシュ=spot[Q,F]	マシュ	4
M：モリアーティ	モリアーティ	4
J：ダンテ	ダンテ	4
Q：カドック	カドック	4
I：リリス	リリス	4
G：ハベトロット	ハベトロット	4
G：ダンテ	ダンテ	4
C：モリアーティ	モリアーティ	4
Q：メタトロン・ジャンヌ	メタトロン・ジャンヌ	4
A：伯爵	伯爵	4
J：ロマニ・アーキマン	ロマニ・アーキマン	4
空洞に響く声	空洞に響く声	4
F：マリスビリー	マリスビリー	4
L：[#遺分體:エレメンツ]	[#遺分體:エレメンツ]	4
P：シオン	シオン	4
Q：ソロモン	ソロモン	4
V：ゴルドルフ	ゴルドルフ	4
トマリン	トマリン	4
オクタヴィア	オクタヴィア	4
チン	チン	4
A：ホームズ=spot[B]	ホームズ	4
女神	女神	4
O：マリス	マリス	4
F：クー・フーリン	クー・フーリン	4
温厚なディノス	温厚なディノス	4
ネモ・マリーンＤ	ネモ・マリーンＤ	4
M：ソロモン	ソロモン	4
O：異星の巫女？	異星の巫女？	4
S：ムニエル	ムニエル	4
M：ダビデ	ダビデ	4
K：ときこ	ときこ	4
K：ウルズ	ウルズ	4
L：ダビデ	ダビデ	4
アーサー王	アーサー王	4
妖しき声	妖しき声	4
武器屋の親父	武器屋の親父	4
異常変異体	異常変異体	4
F：異常変異体	異常変異体	4
E：ナイチンゲール	ナイチンゲール	4
ガウェイン？	ガウェイン？	4
元老院議員	元老院議員	4
町人	町人	4
A：解説	解説	4
おねえさん	おねえさん	4
終末概念	終末概念	4
ダ・ヴィンチ？	ダ・ヴィンチ？	4
ローマ市民	ローマ市民	4
ブッルス	ブッルス	4
元気な声	元気な声	4
P：サンチョ	サンチョ	4
N：ロクスタ	ロクスタ	4
獅子と紳士	獅子と紳士	4
基底のザイード	基底のザイード	4
ナーサリー・ライムの声	ナーサリー・ライムの声	4
燕青（？）	燕青（？）	4
A：燕青（？）	燕青（？）	4
証言者Ａ	証言者Ａ	4
証言者Ｃ	証言者Ｃ	4
証言者Ｅ	証言者Ｅ	4
どこからか響いてくる声	どこからか響いてくる声	4
仙台藩士	仙台藩士	4
F：エレナ	エレナ	4
武田ダレイオス	武田ダレイオス	4
ステンノ・エウリュアレ	ステンノ・エウリュアレ	4
銅角	銅角	4
金角　銀角	金角　銀角	4
モンク	モンク	4
A：アナウンス	アナウンス	4
織田信長？	織田信長？	4
ノッブＵＦＯ	ノッブＵＦＯ	4
ガイド音声	ガイド音声	4
ブラックアイドル	ブラックアイドル	4
H：数学教授（五十代・独身）	数学教授（五十代・独身）	4
ネロ＆アルトリア・オルタ	ネロ＆アルトリア・オルタ	4
C：ＢＢ	ＢＢ	4
A：源頼光	源頼光	4
A：マシュ？	マシュ？	4
D：物売りの声	物売りの声	4
D：町人	町人	4
F：版元の男	版元の男	4
H：ご隠居	ご隠居	4
G：鈴鹿御前	鈴鹿御前	4
B：イリヤ	イリヤ	4
カルデア職員（女性）	カルデア職員（女性）	4
カルデア職員（男性・女性）	カルデア職員（男性・女性）	4
C：織田信勝	織田信勝	4
脇坂カツハル	脇坂カツハル	4
シェリンガム	シェリンガム	4
人斬り以蔵	人斬り以蔵	4
D：ＸＸ	ＸＸ	4
G：ＸＸ	ＸＸ	4
G：ヒロインＸＸ	ヒロインＸＸ	4
通りすがりのＯＬ	通りすがりのＯＬ	4
E：茨木童子	茨木童子	4
F：源頼光	源頼光	4
水着のサーヴァント	水着のサーヴァント	4
ウクレレ名人	ウクレレ名人	4
男の声１	男の声１	4
男の声２	男の声２	4
D：茨木童子	茨木童子	4
華美羅夫人	華美羅夫人	4
町民Ｂ	町民Ｂ	4
H：ケツァルマスク	ケツァルマスク	4
謎の来訪者ドラゴンエックス	謎の来訪者ドラゴンエックス	4
H：ノッブ	ノッブ	4
雀（変成）	雀（変成）	4
ミニクーちゃん	ミニクーちゃん	4
クサントス	クサントス	4
謎の怨霊	謎の怨霊	4
心のモルガン	心のモルガン	4
ＲＳＦしか出さない王	ＲＳＦしか出さない王	4
ダイカク	ダイカク	4
ドウセツ	ドウセツ	4
E：レディ・アヴァロン	レディ・アヴァロン	4
部屋の外からの声	部屋の外からの声	4
B：果心居士	果心居士	4
B：徐福	徐福	4
D：ＢＢコスモ	ＢＢコスモ	4
E：インドラ	インドラ	4
B：両儀式	両儀式	4
J：イプシロン	イプシロン	4
I：イプシロン	イプシロン	4
B：デメテル	デメテル	4
H：フローラ	フローラ	4
マシュ（妄想）	マシュ（妄想）	4
A：エルメロイⅡ世？	エルメロイⅡ世？	4
C：サラザール	サラザール	4
D：レフ？	レフ？	4
H：魔神柱	魔神柱	4
魔王軍足軽	魔王軍足軽	4
A：上杉家臣	上杉家臣	4
B：謎の鎧武者	謎の鎧武者	4
アイリの方	アイリの方	4
真田イリ之	真田イリ之	4
武田アタランテ・オルタ	武田アタランテ・オルタ	4
北条アルトリア・オルタ	北条アルトリア・オルタ	4
名も知れぬライオン	名も知れぬライオン	4
H：ごろつき	ごろつき	4
E：水着沖田さん	水着沖田さん	4
客Ｃ	客Ｃ	4
F：風魔小太郎	風魔小太郎	4
D：沖田さん？	沖田さん？	4
女性客Ａ	女性客Ａ	4
女性客Ｂ	女性客Ｂ	4
B：水着新選組一番隊隊長	水着新選組一番隊隊長	4
スペースモッヒーＡ	スペースモッヒーＡ	4
F：水着新選組臨時隊士マシュ	水着新選組臨時隊士マシュ	4
金髪のカウガール	金髪のカウガール	4
シグルド門下生	シグルド門下生	4
B：名門のお嬢様	名門のお嬢様	4
横たわるアシュタレト	横たわるアシュタレト	4
C：優雅な紳士	優雅な紳士	4
怪人	怪人	4
市民Ｄ	市民Ｄ	4
D：オリオン	オリオン	4
M：《新宿》の住人	《新宿》の住人	4
弟の亀	弟の亀	4
L：卑弥呼	卑弥呼	4
C：織田家臣	織田家臣	4
集落の民	集落の民	4
凶つ神	凶つ神	4
ワルキューレｓ	ワルキューレｓ	4
悪夢のクリストファー	悪夢のクリストファー	4
B：[FFFFFF]虞美人[-]	虞美人	4
F：虞美人	虞美人	4
魔性	魔性	4
獣人？	獣人？	4
A：楊貴妃	楊貴妃	4
K：エリザベート	エリザベート	4
人形店員	人形店員	4
R：ゴルドルフ	ゴルドルフ	4
B：黒髭	黒髭	4
怪しい連中	怪しい連中	4
通りすがりの海賊	通りすがりの海賊	4
７人	７人	4
カッツ	カッツ	4
社員	社員	4
[FFFFFF]坂本龍馬[-]	坂本龍馬	4
第六小魔王カッツ	第六小魔王カッツ	4
マルタ？	マルタ？	4
L：普通のお菓子ゴーレム	普通のお菓子ゴーレム	4
謎の仮面美女	謎の仮面美女	4
ジャンヌ・オルタ？	ジャンヌ・オルタ？	4
C：伊吹童子	伊吹童子	4
D：伊吹童子	伊吹童子	4
住民Ｂ	住民Ｂ	4
[%1]＆アストライア＆メドゥーサ	[%1]＆アストライア＆メドゥーサ	4
O：アルジュナ・オルタ	アルジュナ・オルタ	4
S：アルジュナ・オルタ	アルジュナ・オルタ	4
S：パラケルスス	パラケルスス	4
S：サンソン	サンソン	4
バンニップ	バンニップ	4
E：《鉄道員》	《鉄道員》	4
I：ネモ	ネモ	4
I：謎の平安女子Ｂ	謎の平安女子Ｂ	4
G：美遊	美遊	4
M：ジャンヌ	ジャンヌ	4
I：新選組隊士	新選組隊士	4
L：ブリトマート	ブリトマート	4
好漢	好漢	4
X：高杉晋作	高杉晋作	4
A：ネロ？	ネロ？	4
E：セタンタ	セタンタ	4
L：ロクスタ	ロクスタ	4
N：アルジュナ	アルジュナ	4
G：セタンタ	セタンタ	4
ジャック？	ジャック？	4
A：ドラコー？	ドラコー？	4
魔獣ドラコー	魔獣ドラコー	4
C：ルビー	ルビー	4
E：ライダー	ライダー	4
ゲオルギウス？	ゲオルギウス？	4
スカサハ？	スカサハ？	4
イマジナリーシバの女王	イマジナリーシバの女王	4
E：メイヴ	メイヴ	4
J：Ⅱ号機	Ⅱ号機	4
K：トラロック	トラロック	4
K：テノチティトラン	テノチティトラン	4
K：ライダー	ライダー	4
W：バーヴァン・シー	バーヴァン・シー	4
D：プトレマイオス	プトレマイオス	4
V：[FFFFFF]プトレマイオス[-]	プトレマイオス	4
ヒュドラ	ヒュドラ	4
丘ファーの男	丘ファーの男	4
遠くから聞こえるアナウンス	遠くから聞こえるアナウンス	4
レース仙人	レース仙人	4
世界の破壊者、トリスタン	世界の破壊者、トリスタン	4
信者Ｂ	信者Ｂ	4
K：健康博士=spot[J,K]	健康博士	4
R：ナイチンゲール	ナイチンゲール	4
O：アニング	アニング	4
魔犬バーゲスト	魔犬バーゲスト	4
E：バーゲスト	バーゲスト	4
カーマ（右）	カーマ（右）	4
一般参加者	一般参加者	4
【景市】=spot[H,B]	【景市】	4
E：【舌兪】=spot[K,E]	【舌兪】	4
H：曲亭馬琴	曲亭馬琴	4
G：斎藤一	斎藤一	4
S：ワンジナ	ワンジナ	4
E：御陵衛士	御陵衛士	4
A：武田晴信	武田晴信	4
今魔川残党	今魔川残党	4
武田信繁	武田信繁	4
土方副長	土方副長	4
山南警部補	山南警部補	4
E：今魔川兵	今魔川兵	4
M：武田晴信	武田晴信	4
C：永倉新八	永倉新八	4
峠の魔物Ｒ	峠の魔物Ｒ	4
武田信虎	武田信虎	4
U：ドライノッブ	ドライノッブ	4
人斬りオカダー	人斬りオカダー	4
悪徳商人	悪徳商人	4
F：紅玉の書	紅玉の書	4
一家言ある老人	一家言ある老人	4
M：スタッフ	スタッフ	4
N：ブラダマンテ	ブラダマンテ	4
T：シャルルマーニュ	シャルルマーニュ	4
G：隈乃院ヨシスケ	隈乃院ヨシスケ	4
D：隈乃院ヨシスケ	隈乃院ヨシスケ	4
D：士郎さん	士郎さん	4
L：隈乃院ヨシスケ	隈乃院ヨシスケ	4
N：槻司鳶丸	槻司鳶丸	4
L：静希草十郎	静希草十郎	4
L：蒼崎青子	蒼崎青子	4
T：木乃美芳助	木乃美芳助	4
ＡＤ（仮）	ＡＤ（仮）	4
エルメロイⅡ世＆清少納言＆[%1]	エルメロイⅡ世＆清少納言＆[%1]	4
Z：？？？	？？？	4
V：阿曇磯良	阿曇磯良	4
E：イネ	イネ	4
P：エレシュキガル	エレシュキガル	4
I：ＸＸ・オルタ	ＸＸ・オルタ	4
I：坂田金時	坂田金時	4
X：シグルド	シグルド	4
D：パーシヴァル	パーシヴァル	4
D：オベロン	オベロン	4
D：ゴッホ	ゴッホ	4
U：ツタンカーメン	ツタンカーメン	4
I：カエサル	カエサル	4
V：ロウヒ	ロウヒ	4
E：耀星のハサン	耀星のハサン	4
F：ファンタズムーン	ファンタズムーン	4
D：トントゥ	トントゥ	4
S：おみぃさん	おみぃさん	4
蛇竜人=spot[F]	蛇竜人	4
ザッハーク=spot[K,L,R]	ザッハーク	4
B：メドゥーサ	メドゥーサ	4
蛇竜人=spot[R]	蛇竜人	4
H：清少納言	清少納言	4
G：小野小町	小野小町	4
ビショーネ？	ビショーネ？	4
G：仮面の男	仮面の男	4
佐々木仮面	佐々木仮面	4
P：謎の富豪	謎の富豪	4
Q：謎の不動産業者	謎の不動産業者	4
R：謎のアラフィフ	謎のアラフィフ	4
H：ドゥリーヨダナ	ドゥリーヨダナ	4
G：イアソン（翻訳）	イアソン（翻訳）	4
M：イアソン	イアソン	4
H：ドゥリーヨダナ（翻訳）	ドゥリーヨダナ（翻訳）	4
I：モリアーティ（翻訳）	モリアーティ（翻訳）	4
D：エレノア	エレノア	4
I：テュフォン・エフェメロス	テュフォン・エフェメロス	4
オデュッセウス・オルタ=spot[K,A]	オデュッセウス・オルタ	4
M：両儀式	両儀式	4
M：サバージオス	サバージオス	4
O：オデュッセウス・オルタ	オデュッセウス・オルタ	4
M：ヴリトラ	ヴリトラ	4
I：アルジュナ	アルジュナ	4
L：アルジュナ	アルジュナ	4
O：トラロック	トラロック	4
H：クリームヒルト	クリームヒルト	4
I：ルビー	ルビー	4
H：サメ騎士	サメ騎士	4
K：サメ兵士	サメ兵士	4
P：修学旅行生	修学旅行生	4
ギーゼルヘア	ギーゼルヘア	4
M：呼延灼	呼延灼	4
D：藤乃	藤乃	4
黒桐（？）	黒桐（？）	4
H：ミカ	ミカ	4
Q：斎藤一	斎藤一	4
A：ネモ？	ネモ？	4
M：ノア	ノア	4
E：ティアマト	ティアマト	4
H：沖田総司	沖田総司	4
F：藤堂平助	藤堂平助	4
神剣組隊士	神剣組隊士	4
Q：織田信長	織田信長	4
マガツヒトノカミ	マガツヒトノカミ	4
M：原田左之助	原田左之助	4
N：河上彦斎	河上彦斎	4
L：レイヴン	レイヴン	4
K：織田信長	織田信長	4
京の町人	京の町人	4
N：黒の剣士	黒の剣士	4
A：古代火星人	古代火星人	4
N：フレッカス	フレッカス	4
L：黒の剣士	黒の剣士	4
J：ちびノブ隊長	ちびノブ隊長	4
M：古代火星人	古代火星人	4
古代火星人=spot[I,J,K,L]	古代火星人	4
R：張角	張角	4
O：花咲翁	花咲翁	4
N：おみぃさん	おみぃさん	4
Q：花咲翁	花咲翁	4
F：わらし	わらし	4
F：おみぃさん	おみぃさん	4
A：蛇女房=spot[H]	蛇女房	4
L：デメテル	デメテル	4
M：黒髭（45）=spot[M,N,O,P]	黒髭	4
A：マシュ（43）=spot[A,N,O,P]	マシュ	4
ロウヒ（90）=spot[D,W,X,Y]	ロウヒ	4
黒髭（45）=spot[C,W,X,Y]	黒髭	4
オジマンディアス（69）=spot[F,M,N,O]	オジマンディアス	4
H：ロクスタ（22）=spot[H,P,Q,R]	ロクスタ	4
ロクスタ（22）=spot[H,S,T,U]	ロクスタ	4
H：ロクスタ（22）=spot[H,S,T,U]	ロクスタ	4
黒髭（45）=spot[C,Q,R,S]	黒髭	4
A：ヤマトタケル（16）=spot[A,T,U,V]	ヤマトタケル	4
K：酒呑童子（61）=spot[K,Q,R,S]	酒呑童子	4
K：渡辺綱（25）=spot[K,T,U,V]	渡辺綱	4
H：耀星のハサン（17）=spot[H,M,N,O]	耀星のハサン	4
E：ランスロット（44）=spot[E,U,V,W]	ランスロット	4
黒髭（45）=spot[C,X,Y,Z]	黒髭	4
ロベール？	ロベール？	4
X：マシュ	マシュ	4
Q：おみぃさん	おみぃさん	4
ダ・ヴィンチ（12）=spot[A,K,L,M]	ダ・ヴィンチ	4
ダ・ヴィンチ（12）	ダ・ヴィンチ	4
ブーディカ（EX）=spot[G,K,M]	ブーディカ（EX）	4
D：デュボワ夫人	デュボワ夫人	4
G：ニキチッチ（33）=spot[G,S,T,U]	ニキチッチ	4
太公望（25）=spot[I,S,T,U]	太公望	4
K：清少納言（25）=spot[K,S,T,U]	清少納言	4
G：メディア（02）=spot[G,Q,R,S]	メディア	4
E：モレーちゃん	モレーちゃん	4
騎士達	騎士達	4
寡黙な業者	寡黙な業者	4
F：雪轍のハサン	雪轍のハサン	4
修道士	修道士	4
T：獅子心王	獅子心王	4
アケローン	アケローン	4
E：グレイ	グレイ	4
S：オルガマリー	オルガマリー	4
M：デメテル・オリジン	デメテル・オリジン	4
M：アーサー	アーサー	4
F：モードレッド	モードレッド	4
指揮官	指揮官	3
バーサーク・アーチャー	バーサーク・アーチャー	3
E：兵士	兵士	3
「Ｍ」	「Ｍ」	3
A：スタッフ	スタッフ	3
E：セルハン	セルハン	3
H：？？？？？	？？？？？	3
ウルク市民Ａ	ウルク市民Ａ	3
ウルク市民Ｂ	ウルク市民Ｂ	3
ウルク兵士Ｂ	ウルク兵士Ｂ	3
ウルク市民Ｄ	ウルク市民Ｄ	3
牧場主Ａの証言	牧場主Ａの証言	3
ウェアジャガーさん	ウェアジャガーさん	3
C：ウルク兵士Ｂ	ウルク兵士Ｂ	3
F：ラフム	ラフム	3
D：ウルク市民	ウルク市民	3
F：ウルク市民	ウルク市民	3
H：山の翁	山の翁	3
魔神オリアス	魔神オリアス	3
B：スタッフ	スタッフ	3
名も知らぬ男性	名も知らぬ男性	3
名も知らぬ女性	名も知らぬ女性	3
獅子面の騎士	獅子面の騎士	3
C：スタッフＣ	スタッフＣ	3
D：セレブＡ	セレブＡ	3
レジスタンス達	レジスタンス達	3
G：レジスタンス男Ｃ	レジスタンス男Ｃ	3
女海賊達	女海賊達	3
女Ａ	女Ａ	3
レジスタンスの男	レジスタンスの男	3
E：レジスタンス男Ｄ	レジスタンス男Ｄ	3
E：ペンテシレイア	ペンテシレイア	3
里の女	里の女	3
里の老爺	里の老爺	3
E：洋装の男	洋装の男	3
城下の子供	城下の子供	3
旗本	旗本	3
D：キャスター・リンボ	キャスター・リンボ	3
B：怪物・女	怪物・女	3
頼光	頼光	3
メディア？	メディア？	3
E：シバの女王	シバの女王	3
隊長	隊長	3
白馬	白馬	3
B：“弓”	“弓”	3
子豚たち	子豚たち	3
劇場関係者	劇場関係者	3
F：カーター？	カーター？	3
G：ヤガ市民Ｃ	ヤガ市民Ｃ	3
F：ヤガ市民Ａ	ヤガ市民Ａ	3
C：ミノタウロス	ミノタウロス	3
H：カルデアスタッフ	カルデアスタッフ	3
D：カドック	カドック	3
G：ヤガ市民	ヤガ市民	3
F：戦士の声	戦士の声	3
二騎の戦乙女	二騎の戦乙女	3
目覚めた男	目覚めた男	3
H：ホームズ	ホームズ	3
H：ムニエル	ムニエル	3
咸陽市民Ａ	咸陽市民Ａ	3
G：カルナ	カルナ	3
B：強面の男	強面の男	3
町の民の声	町の民の声	3
F：女	女	3
H：男Ａ	男Ａ	3
D：ペペロンチーノ	ペペロンチーノ	3
E：ネモ？Ｄ	ネモ？Ｄ	3
H：ペペロンチーノ	ペペロンチーノ	3
[B86349]？？？[-]	？？？	3
H：ヘスティア島住民	ヘスティア島住民	3
少女の声	少女の声	3
女剣士の声	女剣士の声	3
B：パリス	パリス	3
広域殲滅機械	広域殲滅機械	3
Q：人工知能	人工知能	3
E：人工知能	人工知能	3
インドの少女	インドの少女	3
M：男の声	男の声	3
風魔と絡繰	風魔と絡繰	3
内裏の貴女	内裏の貴女	3
[93CA76]？？？[-]	？？？	3
妖精騎士	妖精騎士	3
小柄な妖精	小柄な妖精	3
I：妖精たち	妖精たち	3
オンファムの声	オンファムの声	3
ウィンキー（ロブとワグの悪友）	ウィンキー（ロブとワグの悪友）	3
馬	馬	3
遠くからの声	遠くからの声	3
グロスターの下級妖精	グロスターの下級妖精	3
モルガン兵	モルガン兵	3
モルガン軍の兵士	モルガン軍の兵士	3
収容されていた少女	収容されていた少女	3
N：ムリアン	ムリアン	3
妖精亡主	妖精亡主	3
妖精の大使	妖精の大使	3
人間の店番	人間の店番	3
広場の妖精たち	広場の妖精たち	3
B：妖精騎士ランスロット	妖精騎士ランスロット	3
妖精士官たち	妖精士官たち	3
円卓軍の兵士たち	円卓軍の兵士たち	3
ノクナレア軍・伝令兵	ノクナレア軍・伝令兵	3
P：妖精騎士ランスロット	妖精騎士ランスロット	3
外から聞こえてくる詩	外から聞こえてくる詩	3
C：うかれていた妖精	うかれていた妖精	3
女王の衛士	女王の衛士	3
モルガンの声	モルガンの声	3
予言の子	予言の子	3
D：モルガン	モルガン	3
F：ベリル	ベリル	3
兵士の声Ｂ	兵士の声Ｂ	3
D：反乱軍の兵士Ｃ	反乱軍の兵士Ｃ	3
見張りの妖精Ｂ	見張りの妖精Ｂ	3
C：モルガン	モルガン	3
バーゲストの兵士	バーゲストの兵士	3
■■■■■	■■■■■	3
広場に集まった妖精たち	広場に集まった妖精たち	3
少年時代のベリル	少年時代のベリル	3
B：ネモ・マリーン（観測手・右）	ネモ・マリーン（観測手・右）	3
ネモ・マリーン（観測手・右）	ネモ・マリーン（観測手・右）	3
H：妖精騎士トトロット	妖精騎士トトロット	3
若々しいディノス	若々しいディノス	3
キングプロテア・ソチナトル	キングプロテア・ソチナトル	3
D：デイノニクス11兄弟・左	デイノニクス11兄弟・左	3
B：ベッドで跳ね起きる男	ベッドで跳ね起きる男	3
G：Ｕ－オルガマリー	Ｕ－オルガマリー	3
母ディノス	母ディノス	3
[08fa55]ククルカン[-]	ククルカン	3
J：テスカトリポカ	テスカトリポカ	3
笑うディノス	笑うディノス	3
穏やかに微笑むディノス	穏やかに微笑むディノス	3
T：Ｕ－オルガマリー	Ｕ－オルガマリー	3
C：テスカトリポカ	テスカトリポカ	3
悲しそうなディノス	悲しそうなディノス	3
I：テノチティトラン	テノチティトラン	3
カルデア職員Ａ	カルデア職員Ａ	3
B：シオン？	シオン？	3
T：ネモ・エンジン	ネモ・エンジン	3
T：デイノニクス11兄弟	デイノニクス11兄弟	3
B：アーユス	アーユス	3
B：ラニ＝Ｒ	ラニ＝Ｒ	3
F：ラニ＝Ｂ	ラニ＝Ｂ	3
L：ランサー	ランサー	3
K：ラニ＝Ｔ	ラニ＝Ｔ	3
ラニ＝Ｄ=spot[N,T]	ラニ＝Ｄ	3
燃え盛る炎	燃え盛る炎	3
F：死霊騎士	死霊騎士	3
D：サリエリ	サリエリ	3
死霊騎士	死霊騎士	3
[image berserker_language_1]	[image berserker_language_1]	3
C：ジャンヌ・オルタ	ジャンヌ・オルタ	3
X：周囲の生徒たち	周囲の生徒たち	3
E：仮面の巌窟王	仮面の巌窟王	3
E：運動部の生徒	運動部の生徒	3
二人の巌窟王	二人の巌窟王	3
マシュ＆バーソロミュー	マシュ＆バーソロミュー	3
ローラン？	ローラン？	3
月笑騎士団たちの声	月笑騎士団たちの声	3
C：アンキ・エレシュキガル	アンキ・エレシュキガル	3
歴戦の警官	歴戦の警官	3
セレブなムーン・ドバイ市民	セレブなムーン・ドバイ市民	3
屈強なムーン・ドバイ市民	屈強なムーン・ドバイ市民	3
ひょいと顔を現した上級市民	ひょいと顔を現した上級市民	3
P：シエル	シエル	3
G：スポーツジムのお兄さん	スポーツジムのお兄さん	3
D：船内ガイド	船内ガイド	3
E：月笑騎士団たち	月笑騎士団たち	3
G：パッションリップ	パッションリップ	3
月笑騎士団Ａ	月笑騎士団Ａ	3
月笑騎士団Ｂ	月笑騎士団Ｂ	3
作業服の女性	作業服の女性	3
R：パッションリップ	パッションリップ	3
A：マシュ=spot[E,A]	マシュ	3
B：パッションリップ=spot[E,B]	パッションリップ	3
オールド・ドバイ市民Ｄ	オールド・ドバイ市民Ｄ	3
B：オールド・ドバイ市民	オールド・ドバイ市民	3
手足が透けだしているＡＩ	手足が透けだしているＡＩ	3
公園に集まったＡＩたち	公園に集まったＡＩたち	3
I：テノチティトラン・バニー	テノチティトラン・バニー	3
E：テノチティトラン	テノチティトラン	3
ふたり	ふたり	3
蒼く輝くシエル	蒼く輝くシエル	3
J：アショカ王	アショカ王	3
暴食区の罪人	暴食区の罪人	3
O：バーソロミュー	バーソロミュー	3
K：天草四郎	天草四郎	3
H：メタトロン・ジャンヌ	メタトロン・ジャンヌ	3
D：天使・第七階梯？	天使・第七階梯？	3
白い礼服の旧人類	白い礼服の旧人類	3
Q：ダンテ	ダンテ	3
R：門番	門番	3
J：ハベトロット	ハベトロット	3
H：岸波白野	岸波白野	3
ムーン・ドバイ市民Ａ	ムーン・ドバイ市民Ａ	3
R：モリアーティ	モリアーティ	3
V：カドック	カドック	3
T：メタトロン・ジャンヌ	メタトロン・ジャンヌ	3
P：ダンテ	ダンテ	3
Q：モリアーティ	モリアーティ	3
T：天草四郎	天草四郎	3
E：ハベトロット	ハベトロット	3
C：言峰綺礼	言峰綺礼	3
F：ネモ・マリーンＣ	ネモ・マリーンＣ	3
O：ソロモン	ソロモン	3
レフ・ゲーティア	レフ・ゲーティア	3
V：ムニエル	ムニエル	3
ワルキューレ軍団	ワルキューレ軍団	3
H：スルーズ	スルーズ	3
ワルキューレたち	ワルキューレたち	3
G：セイバーオルタ	セイバーオルタ	3
M：バーゲスト	バーゲスト	3
理知的なディノス	理知的なディノス	3
目の良いディノス	目の良いディノス	3
正論なディノス	正論なディノス	3
検体：Ｅ	検体：Ｅ	3
J：長尾景虎	長尾景虎	3
D：紅閻魔・オルタ	紅閻魔・オルタ	3
E：アムール	アムール	3
F：カワタ	カワタ	3
T：エルロン	エルロン	3
ムニエル=spot[G,K]	ムニエル	3
B：[%1]	[%1]	3
G：アシュヴァッターマン	アシュヴァッターマン	3
D：ときこ	ときこ	3
ダストン	ダストン	3
シルビア	シルビア	3
徴姉妹	徴姉妹	3
B：鬼一法眼	鬼一法眼	3
M：Dr.ロマン	Dr.ロマン	3
M：[%1]	[%1]	3
E：ときこ	ときこ	3
F：男の子	男の子	3
D：ネモ・マリーン	ネモ・マリーン	3
P：イアソン	イアソン	3
R：オリオン	オリオン	3
A：謎の沖田Ｘ	謎の沖田Ｘ	3
F：徴側	徴側	3
異常竜種	異常竜種	3
F：巌窟王	巌窟王	3
モンスター	モンスター	3
粛正騎士？	粛正騎士？	3
F：怨霊	怨霊	3
周囲の貴族たち	周囲の貴族たち	3
ゼノビア？	ゼノビア？	3
Q：ケイローン	ケイローン	3
H：ドゥルガー	ドゥルガー	3
E：大黒天	大黒天	3
E：ビリー	ビリー	3
N：ゼノビア	ゼノビア	3
物売りの声	物売りの声	3
K：囃し立てる町人	囃し立てる町人	3
スカサハ＝スカディＢ	スカサハ＝スカディＢ	3
スカサハ＝スカディＣ	スカサハ＝スカディＣ	3
F：マスター	マスター	3
？？？＆？？？	？？？＆？？？	3
O：ドン・キホーテ	ドン・キホーテ	3
F：声	声	3
海賊仲間	海賊仲間	3
ローランっぽい何か	ローランっぽい何か	3
D：フェルグス	フェルグス	3
N：スペース・オデュッセウス	スペース・オデュッセウス	3
ワイバーン	ワイバーン	3
村の男性	村の男性	3
村の女性	村の女性	3
C：シェヘラザード	シェヘラザード	3
怪腕のゴズール	怪腕のゴズール	3
ジャックの声	ジャックの声	3
E：風魔小太郎	風魔小太郎	3
ゴールデンな声	ゴールデンな声	3
謎の姫	謎の姫	3
謎の御前	謎の御前	3
テロリストＢ	テロリストＢ	3
証言者Ｂ	証言者Ｂ	3
シンセンブラック	シンセンブラック	3
ゆるキャラＢ	ゆるキャラＢ	3
モブ女	モブ女	3
敵軍	敵軍	3
会津藩士	会津藩士	3
G：市民	市民	3
ジャック／ナーサリー・ライム	ジャック／ナーサリー・ライム	3
E：織田信長	織田信長	3
鬼参	鬼参	3
B：うりぼう	うりぼう	3
お菓子の国の住人たち	お菓子の国の住人たち	3
B：一度燃やされたイアソンくん	一度燃やされたイアソンくん	3
A：メディア・リリィ	メディア・リリィ	3
D：クー・フーリン	クー・フーリン	3
タマモキャット２	タマモキャット２	3
エドワード・ペリィーチ	エドワード・ペリィーチ	3
紫髪の茶屋娘	紫髪の茶屋娘	3
E：織田信長？	織田信長？	3
金色魔太閤秀吉	金色魔太閤秀吉	3
女子寮長	女子寮長	3
[FF0000]記録[-]	記録	3
オジマンディアス（妄想）	オジマンディアス（妄想）	3
腹筋自慢の女王	腹筋自慢の女王	3
C：アルテミス	アルテミス	3
アルテミスＡ	アルテミスＡ	3
C：アルテミスＢ	アルテミスＢ	3
エジソン＆テスラ	エジソン＆テスラ	3
謎の新選組女	謎の新選組女	3
D：怪人∞面相	怪人∞面相	3
ウェンディゴ	ウェンディゴ	3
F：メカエリチャン	メカエリチャン	3
C：歌川豊国	歌川豊国	3
町人・乙	町人・乙	3
岡っ引き“静”	岡っ引き“静”	3
腹筋自慢のバーサーカー	腹筋自慢のバーサーカー	3
トゥーヤマの金さん	トゥーヤマの金さん	3
B：ケイローン	ケイローン	3
C：アキレウス八歳	アキレウス八歳	3
みつ	みつ	3
英霊兵	英霊兵	3
B：信勝	信勝	3
F：信長	信長	3
G：龍馬	龍馬	3
A：えっちゃん店長	えっちゃん店長	3
ラジオ放送	ラジオ放送	3
ＧＬＢ	ＧＬＢ	3
A：信長	信長	3
B：ＢＢペレ	ＢＢペレ	3
E：ＢＢ？	ＢＢ？	3
F：ミュージシャン	ミュージシャン	3
男の声４	男の声４	3
E：黒髭	黒髭	3
アナスタシア＆イヴァン雷帝	アナスタシア＆イヴァン雷帝	3
ミステリアン・サーヴァント３号	ミステリアン・サーヴァント３号	3
F：[servantName 702700:サンタ狙いのバーサーカー:ペンテシレイア]	ペンテシレイア	3
A：雀	雀	3
悪鬼羅刹	悪鬼羅刹	3
三人の子供	三人の子供	3
A：アンデルセン（解説風）	アンデルセン（解説風）	3
ギガフレーム・メカエリチャン	ギガフレーム・メカエリチャン	3
A：ヒロインＸＸ	ヒロインＸＸ	3
とと様	とと様	3
F：ネモ・マリーン	ネモ・マリーン	3
B：店員？	店員？	3
K：スーパーバニヤン	スーパーバニヤン	3
B：カーマ	カーマ	3
D：セタンタ	セタンタ	3
D：エルン	エルン	3
M：ドラコー	ドラコー	3
A：ファン？	ファン？	3
C：ゴッホ	ゴッホ	3
鈴鹿御前〔サマバケ〕	鈴鹿御前〔サマバケ〕	3
C：ニキチッチ	ニキチッチ	3
二人=spot[A,B]	二人	3
C：終わりのエリザベート	終わりのエリザベート	3
G：テュフォン・エフェメロス	テュフォン・エフェメロス	3
コッコ	コッコ	3
ホームズ？	ホームズ？	3
サメ騎士Ａ	サメ騎士Ａ	3
サメ騎士Ｂ	サメ騎士Ｂ	3
バーテンダー	バーテンダー	3
得体の知れないもの	得体の知れないもの	3
ギャングＢ	ギャングＢ	3
C：カーマ	カーマ	3
[image berserker_language_1]の悪魔	[image berserker_language_1]の悪魔	3
人斬りＩＺＯ	人斬りＩＺＯ	3
猿飛クロ助	猿飛クロ助	3
霧隠ミユ蔵	霧隠ミユ蔵	3
突撃兵	突撃兵	3
衛生兵	衛生兵	3
狙撃兵	狙撃兵	3
源義経オルタ風	源義経オルタ風	3
北条ガウェインホワイト	北条ガウェインホワイト	3
北条モードレッドレッド	北条モードレッドレッド	3
雑賀エミヤ・オルタ	雑賀エミヤ・オルタ	3
心をなくした客	心をなくした客	3
理性的なマシーン	理性的なマシーン	3
カメラマン	カメラマン	3
ＳＰ２	ＳＰ２	3
G：風魔小太郎	風魔小太郎	3
E：市民Ａ	市民Ａ	3
G：葛飾北斎	葛飾北斎	3
F：岡田以蔵	岡田以蔵	3
B：ダ・ヴィンチ	ダ・ヴィンチ	3
紳士Ａ	紳士Ａ	3
紳士Ｂ	紳士Ｂ	3
C：アシュタレト	アシュタレト	3
J：全員	全員	3
歌い手Ｐ	歌い手Ｐ	3
荷運びゴーレム	荷運びゴーレム	3
ペンテシレイア＆アマゾネスＣＥＯ	ペンテシレイア＆アマゾネスＣＥＯ	3
アマゾネスＤ	アマゾネスＤ	3
A：ナイチンゲール	ナイチンゲール	3
手下Ｂ	手下Ｂ	3
板長	板長	3
英雄	英雄	3
４人	４人	3
B：喋る亀	喋る亀	3
B：笑う亀	笑う亀	3
妙に迫力のある埴輪	妙に迫力のある埴輪	3
D：織田家臣	織田家臣	3
G：芹沢鴨	芹沢鴨	3
集落の人々	集落の人々	3
株式会社ＱＫ・おーん	株式会社ＱＫ・おーん	3
F：卑弥呼	卑弥呼	3
D：織田信長	織田信長	3
集落の男性	集落の男性	3
G：[FFFFFF]虞美人[-]	虞美人	3
J：アビゲイル	アビゲイル	3
アスクレピオスの声	アスクレピオスの声	3
J：ブリュンヒルデ	ブリュンヒルデ	3
B：ネモ・マリーン	ネモ・マリーン	3
C：楊貴妃Ａ	楊貴妃Ａ	3
刑部姫Ｂ	刑部姫Ｂ	3
楊貴妃？	楊貴妃？	3
カレン？	カレン？	3
E：観光客	観光客	3
アキバガードＣ	アキバガードＣ	3
観客Ｃ	観客Ｃ	3
F：[FFFFFF]市民	市民	3
メイド＆人形メイド	メイド＆人形メイド	3
P：アキバガード	アキバガード	3
メイヴ＆タマモキャット	メイヴ＆タマモキャット	3
護衛スタッフＡ	護衛スタッフＡ	3
夏の幽霊	夏の幽霊	3
観光客の子供	観光客の子供	3
市民たち	市民たち	3
女神信奉団（エウリュアレファン）	女神信奉団（エウリュアレファン）	3
模範的ローマ市民（ネロファン）	模範的ローマ市民（ネロファン）	3
清少納言（人生を振り返らない）	清少納言（人生を振り返らない）	3
藤吉	藤吉	3
刺客	刺客	3
高杉重工広報	高杉重工広報	3
P：市民	市民	3
維新新選組・ヒジカタ	維新新選組・ヒジカタ	3
P：マナナン	マナナン	3
Ａチーム	Ａチーム	3
Ｂチーム	Ｂチーム	3
Ｃチーム	Ｃチーム	3
ゴーレムマスター	ゴーレムマスター	3
S：子供Ａ	子供Ａ	3
P：スペース徐福	スペース徐福	3
屈強な半魚人	屈強な半魚人	3
B：コン	コン	3
A：コン	コン	3
U：コン	コン	3
ケルピー	ケルピー	3
ワニ？	ワニ？	3
E：スーパーバニヤン	スーパーバニヤン	3
D：愉快なランサー	愉快なランサー	3
D：ローン・イーグル	ローン・イーグル	3
大黒天？	大黒天？	3
C：列車強盗・頭目	列車強盗・頭目	3
G：《小鳥獲り》	《小鳥獲り》	3
モブＦ？	モブＦ？	3
Q：馬琴あらためお路	馬琴あらためお路	3
D：葛飾北斎	葛飾北斎	3
E：曲亭馬琴？	曲亭馬琴？	3
ワルキューレ？	ワルキューレ？	3
ワルキューレ？？	ワルキューレ？？	3
お路？	お路？	3
J：李書文	李書文	3
K：李書文	李書文	3
悪霊剣士	悪霊剣士	3
酷吏Ｂ	酷吏Ｂ	3
M：エリセ	エリセ	3
邪馬台国亡者	邪馬台国亡者	3
P：獣人	獣人	3
J：邪馬台国人	邪馬台国人	3
O：淀の方	淀の方	3
R：お捨	お捨	3
豊臣秀頼	豊臣秀頼	3
豊臣鶴松	豊臣鶴松	3
I：森長可	森長可	3
J：壱与	壱与	3
J：呼延灼	呼延灼	3
[51ffff]基地内放送[-]	基地内放送	3
M：蘆屋道満	蘆屋道満	3
テンシ＆アクマ	テンシ＆アクマ	3
謎の画家	謎の画家	3
K：マルタ	マルタ	3
E：セタンタ=spot[E,F]	セタンタ	3
E：ロクスタ	ロクスタ	3
カエサル？	カエサル？	3
エリザベート？	エリザベート？	3
G：ティアマト	ティアマト	3
F：ジャック？	ジャック？	3
H：ランサー	ランサー	3
オジマンディアス？	オジマンディアス？	3
L：ティアマト	ティアマト	3
E：シータ	シータ	3
J：シトナイ	シトナイ	3
機械の鷲	機械の鷲	3
Z：プトレマイオス	プトレマイオス	3
K：黒い少女	黒い少女	3
B：アレクサンドリア大図書館	アレクサンドリア大図書館	3
R：黒い少女	黒い少女	3
A：アレクサンドリア大図書館	アレクサンドリア大図書館	3
円卓の騎士たち	円卓の騎士たち	3
クロエ＆鈴鹿御前	クロエ＆鈴鹿御前	3
G：オベロン？	オベロン？	3
B：クロエ	クロエ	3
陸ファーの男	陸ファーの男	3
ファーたち	ファーたち	3
警備員たち	警備員たち	3
逃げ惑うサークル参加者Ｄ	逃げ惑うサークル参加者Ｄ	3
逃げ惑うサークル参加者たち	逃げ惑うサークル参加者たち	3
E：ガウェイン	ガウェイン	3
L：九紋竜エリザ	九紋竜エリザ	3
I：クロエ	クロエ	3
八犬士	八犬士	3
B：【杜四郎】=spot[E,B]	【杜四郎】	3
D：【十三屋九四郎】=spot[I,D]	【十三屋九四郎】	3
一般参加者Ｅ	一般参加者Ｅ	3
F：沖田総司	沖田総司	3
E：ドライノッブ	ドライノッブ	3
ワンジナ？	ワンジナ？	3
C：今魔川兵	今魔川兵	3
A：今魔川兵	今魔川兵	3
K：土方歳三	土方歳三	3
G：新選組隊士	新選組隊士	3
魔王信長？	魔王信長？	3
ナレーション・マシュ	ナレーション・マシュ	3
D：伊東甲子太郎	伊東甲子太郎	3
村人らしき男	村人らしき男	3
D：雑賀孫一	雑賀孫一	3
B：ネモサンタ	ネモサンタ	3
F：李書文	李書文	3
C：ライダー	ライダー	3
F：丑御前	丑御前	3
逸れのバーサーカー？	逸れのバーサーカー？	3
B：ヤマトタケル	ヤマトタケル	3
D：セイバー	セイバー	3
D：紅玉の書	紅玉の書	3
E：地右衛門	地右衛門	3
D：アンドロメダ	アンドロメダ	3
O：アンドロメダ	アンドロメダ	3
F：宮本伊織	宮本伊織	3
I：ブラダマンテ	ブラダマンテ	3
Z：シャルルマーニュ	シャルルマーニュ	3
H：静希草十郎	静希草十郎	3
C：蒼崎青子	蒼崎青子	3
スセリツカ	スセリツカ	3
I：隈乃院ヨシスケ	隈乃院ヨシスケ	3
O：駒鳥	駒鳥	3
G：杉谷	杉谷	3
C：両儀さん	両儀さん	3
P：蒼崎青子	蒼崎青子	3
E：杉谷	杉谷	3
K：アッド	アッド	3
T：日比乃ひびき	日比乃ひびき	3
H：乙姫清姫	乙姫清姫	3
謎のウェイトレス２号	謎のウェイトレス２号	3
L：乙姫清姫	乙姫清姫	3
G：エルメロイⅡ世	エルメロイⅡ世	3
魔法使い	魔法使い	3
I：桂木千鍵	桂木千鍵	3
バイトのお姉さん	バイトのお姉さん	3
B：ニキチッチの声	ニキチッチの声	3
J：パッションリップ	パッションリップ	3
Y：パッションリップ	パッションリップ	3
シバの女王=spot[B,Z]	シバの女王	3
イマジナリー虞美人	イマジナリー虞美人	3
ジャガーマン=spot[A,C]	ジャガーマン	3
H：望月千代女	望月千代女	3
L：ドゥリーヨダナ	ドゥリーヨダナ	3
G：パーシヴァル	パーシヴァル	3
W：柳生但馬守	柳生但馬守	3
I：兄弟たち	兄弟たち	3
P：アステリオス	アステリオス	3
ナージャーワン	ナージャーワン	3
G：カエサル	カエサル	3
A：ツタンカーメン=spot[A,F]	ツタンカーメン	3
L：トントゥ	トントゥ	3
J：[FFFFFF]闇のコヤンスカヤ	闇のコヤンスカヤ	3
ランスロットたち	ランスロットたち	3
K：ニキチッチ	ニキチッチ	3
L：トントゥ？	トントゥ？	3
ファンタズムーン=spot[B,E]	ファンタズムーン	3
C：ファンタズムーン	ファンタズムーン	3
大石像	大石像	3
アビゲイル=spot[Q,R]	アビゲイル	3
D：小人	小人	3
E：トントゥ	トントゥ	3
D：[FFFFFF]ランスロット	ランスロット	3
A：おみぃさん	おみぃさん	3
B：おみぃさん	おみぃさん	3
D：蛇竜人	蛇竜人	3
E：蛇竜人	蛇竜人	3
J：ザッハーク	ザッハーク	3
蛇竜人=spot[L]	蛇竜人	3
ビショーネ=spot[E,L,R]	ビショーネ	3
F：蛇竜人	蛇竜人	3
蛇竜人=spot[S]	蛇竜人	3
蛇竜人=spot[O]	蛇竜人	3
ビショーネ=spot[K]	ビショーネ	3
ビショーネ=spot[N]	ビショーネ	3
チビーネ=spot[F]	チビーネ	3
チビーネ=spot[F,K]	チビーネ	3
ビショーネ=spot[D,E]	ビショーネ	3
H：ニキチッチ	ニキチッチ	3
E：飛竜	飛竜	3
R：小野篁	小野篁	3
偉そうな人	偉そうな人	3
S：解説	解説	3
B：セレブな客Ａ	セレブな客Ａ	3
G：セレブな客Ｂ	セレブな客Ｂ	3
D：セレブな客Ａ	セレブな客Ａ	3
F：ジニー	ジニー	3
修理業者	修理業者	3
B：アッド	アッド	3
X：テュフォン・エフェメロス=spot[B,X]	テュフォン・エフェメロス	3
C：テュフォン・エフェメロス=spot[J,C]	テュフォン・エフェメロス	3
C：サバージオス	サバージオス	3
D：テュフォン・エフェメロス	テュフォン・エフェメロス	3
オデュッセウス・オルタ=spot[C,V]	オデュッセウス・オルタ	3
M：ヘファイスティオン	ヘファイスティオン	3
J：グレイ	グレイ	3
テュフォン・エフェメロス=spot[E,N]	テュフォン・エフェメロス	3
L：ラーマ	ラーマ	3
N：ラーマ	ラーマ	3
M：トラロック	トラロック	3
K：インドラ	インドラ	3
J：トラロック	トラロック	3
C：イプシロン	イプシロン	3
O：アナスタシア	アナスタシア	3
観光客を装った海賊	観光客を装った海賊	3
ヴァジュラ=spot[G,F]	ヴァジュラ	3
I：ヴァジュラ	ヴァジュラ	3
D：カイニス	カイニス	3
N：観光客Ｃ	観光客Ｃ	3
J：サメ騎士	サメ騎士	3
呼延灼の声	呼延灼の声	3
G：頭に響いてくる巫女の声	頭に響いてくる巫女の声	3
F：黒髭幹也	黒髭幹也	3
F：ジュネス	ジュネス	3
F：Ｕプレジデントシップ	Ｕプレジデントシップ	3
T：刑部姫	刑部姫	3
H：ティアマト	ティアマト	3
ウェイトレス	ウェイトレス	3
O：観光客Ａ	観光客Ａ	3
N：ジュネス	ジュネス	3
J：オグ	オグ	3
C：Ｕプレジデントシップ	Ｕプレジデントシップ	3
I：土方歳三	土方歳三	3
J：沖田総司	沖田総司	3
奉公人	奉公人	3
浪士	浪士	3
遠くの声	遠くの声	3
D：京の町人	京の町人	3
H：松永弾正=spot[H,J,G]	松永弾正	3
N：藤堂平助	藤堂平助	3
H：近藤勇	近藤勇	3
F：近藤勇	近藤勇	3
御陵衛士	御陵衛士	3
Q：藤堂平助	藤堂平助	3
F：黒の剣士	黒の剣士	3
H：マガツ弾正=spot[H,Y]	マガツ弾正	3
D：松永弾正=spot[D,E]	松永弾正	3
I：河上彦斎	河上彦斎	3
A：鬼武蔵	鬼武蔵	3
マガツ利休ノカミ	マガツ利休ノカミ	3
M：ドーヴ	ドーヴ	3
メイドゥーサ	メイドゥーサ	3
マガツ謙信ノカミ	マガツ謙信ノカミ	3
H：メイドイン彦斎	メイドイン彦斎	3
J：黒の剣士	黒の剣士	3
H：京の町娘	京の町娘	3
群衆=spot[H,I,K,A]	群衆	3
J：アマゾネス	アマゾネス	3
L：エリザベート	エリザベート	3
死滅の尾	死滅の尾	3
U：フレッカス	フレッカス	3
A：マガツ弾正=spot[A,F]	マガツ弾正	3
Q：岡田以蔵	岡田以蔵	3
I：メイドイン彦斎	メイドイン彦斎	3
I：終わりのエリザベート	終わりのエリザベート	3
H：スペース・サンタさん	スペース・サンタさん	3
F：メカエリチャンⅡ号機	メカエリチャンⅡ号機	3
O：ユニヴァース・アポロン	ユニヴァース・アポロン	3
H：織田信長	織田信長	3
A：パーフェクト・エリザベート	パーフェクト・エリザベート	3
T：？？？=spot[T]	？？？	3
R：終わりのエリザベート	終わりのエリザベート	3
S：終わりのエリザベート	終わりのエリザベート	3
H：張角	張角	3
K：ツチノコ	ツチノコ	3
I：ラムダ	ラムダ	3
L：キングエリザ	キングエリザ	3
O：キングエリザ	キングエリザ	3
E：わらし	わらし	3
L：灰纏い	灰纏い	3
D：ツチノコ	ツチノコ	3
E：ツチノコ	ツチノコ	3
ツチノコ=spot[K,L]	ツチノコ	3
マシュ（43）=spot[A,R,S,T]	マシュ	3
H：ツチノコ	ツチノコ	3
ヒルド（16）=spot[H,M,N,O]	ヒルド	3
スルーズ（17）=spot[J,P,Q,R]	スルーズ	3
イルス（15）=spot[G,W,X,Y]	イルス	3
G：イルス（15）=spot[G,W,X,Y]	イルス	3
オルトリンデ（16）=spot[F,M,N,O]	オルトリンデ	3
メイヴ（18）=spot[T,W,X,Y]	メイヴ	3
U：フェルグス（42）=spot[U,M,N,O]	フェルグス	3
ネロ（16）=spot[G,M,N,O]	ネロ	3
G：ネロ（16）=spot[G,M,N,O]	ネロ	3
メイヴ（18）=spot[H,T,U,V]	メイヴ	3
マシュ（43）=spot[A,T,U,V]	マシュ	3
K：アイリスフィール（EX）=spot[K,T,V]	アイリスフィール（EX）	3
C：エレナ（80）=spot[C,T,U,V]	エレナ	3
N：由井正雪（70）=spot[N,Q,R,S]	由井正雪	3
黒髭（45）	黒髭	3
A：ヤマトタケル（16）=spot[A,N,O,P]	ヤマトタケル	3
K：酒呑童子（61）=spot[K,T,U,V]	酒呑童子	3
K：マシュ（43）=spot[K,N,O,P]	マシュ	3
L：モレー	モレー	3
F：モレー=spot[F]	モレー	3
J：アラン	アラン	3
ガウェイン（64）=spot[D,X,Y,Z]	ガウェイン	3
ガレス（22）=spot[G,X,Y,Z]	ガレス	3
K：アルトリア（38）=spot[K,X,Y,Z]	アルトリア	3
フラン（17）=spot[M,X,Y,Z]	フラン	3
ジキル（29）=spot[N,X,Y,Z]	ジキル	3
O：バベッジ（ー）=spot[O,X,Z]	バベッジ（ー）	3
F：モルガン（??）=spot[F,X,Z]	モルガン（??）	3
A：ダ・ヴィンチ（12）=spot[A,K,L,M]	ダ・ヴィンチ	3
G：ブーディカ（EX）=spot[G,K,M]	ブーディカ（EX）	3
エミヤ（EX）=spot[F,K,M]	エミヤ（EX）	3
J：ティアマト（16）=spot[J,Q,R,S]	ティアマト	3
金の亡者	金の亡者	3
F：ハベトロット（32）=spot[F,S,T,U]	ハベトロット	3
E：ジュネス（17）=spot[E,S,T,U]	ジュネス	3
D：ヴラド三世（72）=spot[D,S,T,U]	ヴラド三世	3
O：楊貴妃（19）=spot[O,S,T,U]	楊貴妃	3
E：イアソン（46）=spot[E,Q,R,S]	イアソン	3
H：メディア・リリィ（69）=spot[H,T,U,V]	メディア・リリィ	3
ディオスクロイ・カストロ（39）=spot[D,Q,R,S]	ディオスクロイ・カストロ	3
テュフォン・エフェメロス（14）=spot[D,Q,R,S]	テュフォン・エフェメロス	3
F：カイニス（60）=spot[F,G,H,P]	カイニス	3
C：騎士？	騎士？	3
G：フランチェスカ	フランチェスカ	3
C：一般兵	一般兵	3
D：獅子心王？	獅子心王？	3
V：フランソワ	フランソワ	3
穢れた騎士	穢れた騎士	3
教団幹部	教団幹部	3
A：一般兵	一般兵	3
Y：偽ゲオルギウス	偽ゲオルギウス	3
I：フランチェスカ	フランチェスカ	3
這い蠢く瘴気	這い蠢く瘴気	3
J：鮫	鮫	3
Q：エウリュステウス	エウリュステウス	3
C：デュマ	デュマ	3
D：エフェメロス	エフェメロス	3
F：千子村正	千子村正	3
E：千子村正	千子村正	3
J：アス	アス	3
L：グレイ	グレイ	3
K：オルガマリー	オルガマリー	3
C：オルガマリー	オルガマリー	3
D：アルトリア	アルトリア	3
F：アーサー	アーサー	3
L：アス	アス	3
E：アスカラポス	アスカラポス	3
F：アス	アス	3
M：アルトリア	アルトリア	3
巫女姿のキャスター	巫女姿のキャスター	3
放送	放送	3
2：緑茶	緑茶	3
新入員（女性）	新入員（女性）	2
新入員（男性）	新入員（男性）	2
G：海賊	海賊	2
エイリーク血斧王	エイリーク血斧王	2
機械化兵士	機械化兵士	2
砦の兵士Ｃ	砦の兵士Ｃ	2
B：魔神柱アモン・ラー	魔神柱アモン・ラー	2
聖都軍兵士Ａ	聖都軍兵士Ａ	2
魔神柱アモン・ラー	魔神柱アモン・ラー	2
ウルク市民Ｃ	ウルク市民Ｃ	2
ジャガーの戦士たち	ジャガーの戦士たち	2
D：ウルク兵士	ウルク兵士	2
D：ウルク兵士Ａ	ウルク兵士Ａ	2
研究員Ｂ	研究員Ｂ	2
ケツァルコアトルス	ケツァルコアトルス	2
魔神ガープ	魔神ガープ	2
ローマ軍団	ローマ軍団	2
海賊’ｓ	海賊’ｓ	2
G：エレシュキガル	エレシュキガル	2
D：アルトリア・オルタ	アルトリア・オルタ	2
G：新宿のアサシン	新宿のアサシン	2
C：チンピラ	チンピラ	2
部下Ｂ	部下Ｂ	2
マクベス	マクベス	2
A：新宿のアサシン	新宿のアサシン	2
H：レジスタンス男Ｄ	レジスタンス男Ｄ	2
H：レジスタンス男Ｅ	レジスタンス男Ｅ	2
A：裸エプロンの給仕	裸エプロンの給仕	2
幻霊探偵たち	幻霊探偵たち	2
B：スタッフＢ	スタッフＢ	2
レジスタンス男Ｃ	レジスタンス男Ｃ	2
D：ランサー・プルガトリオ	ランサー・プルガトリオ	2
里の男	里の男	2
F：田助	田助	2
G：年経た武士	年経た武士	2
B：おぬい	おぬい	2
B：兵士	兵士	2
怪物たち	怪物たち	2
G：警官	警官	2
C：マタ・ハリ？	マタ・ハリ？	2
E：メディア《マタ・ハリ》	メディア《マタ・ハリ》	2
B：少女たち	少女たち	2
食屍鬼たち	食屍鬼たち	2
D：村人たち	村人たち	2
判事《食屍鬼》	判事《食屍鬼》	2
B：孫悟空	孫悟空	2
村人の女	村人の女	2
村人《食屍鬼》	村人《食屍鬼》	2
D：ヤガ	ヤガ	2
B：ヤガ叛逆軍	ヤガ叛逆軍	2
E：ヤガ叛逆軍	ヤガ叛逆軍	2
ゴルドルフ＆スタッフ	ゴルドルフ＆スタッフ	2
C：コヤンスカヤ	コヤンスカヤ	2
G：[51ffff]アナウンス[-]	アナウンス	2
カルデアスタッフＣ	カルデアスタッフＣ	2
謎の発明家	謎の発明家	2
シャンシャン	シャンシャン	2
H：イヴァン雷帝	イヴァン雷帝	2
D：ヤガ盗賊	ヤガ盗賊	2
大人たち	大人たち	2
空からの声	空からの声	2
H：空からの声	空からの声	2
G：仮面の英霊	仮面の英霊	2
巨大生物	巨大生物	2
H：大人たち	大人たち	2
A：ムニエル	ムニエル	2
D：大人たち	大人たち	2
デイヴィット	デイヴィット	2
基地内放送	基地内放送	2
G：蘭陵王	蘭陵王	2
霜の巨人	霜の巨人	2
人の声	人の声	2
咸陽市民Ｂ	咸陽市民Ｂ	2
H：町の民	町の民	2
近衛兵	近衛兵	2
A：ペペロンチーノ	ペペロンチーノ	2
I：男Ｂ	男Ｂ	2
人々	人々	2
K：ネモ・ナース	ネモ・ナース	2
H：オリュンポス市民	オリュンポス市民	2
B：アポロン	アポロン	2
コートの男	コートの男	2
ドクターの声	ドクターの声	2
M：男	男	2
通りすがった貴人	通りすがった貴人	2
鋼の怪	鋼の怪	2
宮中の貴人	宮中の貴人	2
I：神父	神父	2
酒呑童子の声	酒呑童子の声	2
武者たち	武者たち	2
？？？に抱かれた蛾	？？？に抱かれた蛾	2
A：声	声	2
I：牙の妖精Ａ	牙の妖精Ａ	2
J：妖精たち	妖精たち	2
K：妖精たち	妖精たち	2
I：妖精（酒場の主人）	妖精（酒場の主人）	2
N：木の杯を手にした妖精	木の杯を手にした妖精	2
D：庭好きの妖精	庭好きの妖精	2
E：ドレスを着た妖精	ドレスを着た妖精	2
F：屈強な体格の妖精	屈強な体格の妖精	2
K：給仕	給仕	2
E：コーラル	コーラル	2
ロブ（兄貴分）	ロブ（兄貴分）	2
ワグ（弟分）	ワグ（弟分）	2
G：レッドラ・ビット	レッドラ・ビット	2
感謝する妖精	感謝する妖精	2
D：一緒に乾杯するワグ	一緒に乾杯するワグ	2
D：騎士グラント	騎士グラント	2
武装した兵士	武装した兵士	2
A：ブランカ	ブランカ	2
収容されていた男性	収容されていた男性	2
収容されていた子供	収容されていた子供	2
30の大使、100の官司たち	30の大使、100の官司たち	2
E：予言の村正	予言の村正	2
E：３割予言の子の村正	３割予言の子の村正	2
N：ステージ上からの声	ステージ上からの声	2
F：ウェールズの妖精	ウェールズの妖精	2
街の住人	街の住人	2
円卓軍の兵士Ｂ	円卓軍の兵士Ｂ	2
S：一同	一同	2
B：側にいた妖精	側にいた妖精	2
L：スプリガンの衛士	スプリガンの衛士	2
Q：妖精の兵士	妖精の兵士	2
鍛冶手伝いの少年	鍛冶手伝いの少年	2
I：ロンディニウムの住人	ロンディニウムの住人	2
H：[FFFFFF]ロンディニウムの住人[-]	ロンディニウムの住人	2
招待された妖精	招待された妖精	2
C：アルトリア・キャスター	アルトリア・キャスター	2
J：円卓軍の兵士Ａ	円卓軍の兵士Ａ	2
J：円卓軍の兵士Ｂ	円卓軍の兵士Ｂ	2
トネリコ？	トネリコ？	2
B：妖精さん	妖精さん	2
千子村正＆グリム	千子村正＆グリム	2
C：反省した妖精	反省した妖精	2
A：下級妖精たち	下級妖精たち	2
D：サーヴァント	サーヴァント	2
最強のふたり	最強のふたり	2
H：ベリル	ベリル	2
騎士Ａ	騎士Ａ	2
B：反乱軍の兵士Ａ	反乱軍の兵士Ａ	2
護衛の兵士	護衛の兵士	2
王の氏族	王の氏族	2
Q：ソールズベリーの騎士	ソールズベリーの騎士	2
使いすぎて棄てられた少女	使いすぎて棄てられた少女	2
大聖堂の衛士	大聖堂の衛士	2
参列していた北の妖精たち	参列していた北の妖精たち	2
若い牙の氏族たち	若い牙の氏族たち	2
J：牙の氏族・古兵	牙の氏族・古兵	2
妖精馬	妖精馬	2
女王派の妖精	女王派の妖精	2
予言の子派の妖精	予言の子派の妖精	2
ウッドワスの兵士	ウッドワスの兵士	2
金髪の妖精	金髪の妖精	2
スプリガンの衛士Ａ	スプリガンの衛士Ａ	2
E：ネモ・プロフェッサー	ネモ・プロフェッサー	2
H：カール大帝（？）	カール大帝（？）	2
C：ドゥルシネーア	ドゥルシネーア	2
Q：クラス・ランサー	クラス・ランサー	2
I：クラス・アーチャー	クラス・アーチャー	2
マシュ＆カドック	マシュ＆カドック	2
カドック＆ゴルドルフ	カドック＆ゴルドルフ	2
O：ラスプーチン	ラスプーチン	2
F：デイノニクス11兄弟	デイノニクス11兄弟	2
T：ムニエル	ムニエル	2
店番をしているディノス	店番をしているディノス	2
オセロトル=spot[A,B,C,D,E,F]	オセロトル	2
C：デイノニクス11兄弟・右	デイノニクス11兄弟・右	2
マシュ＆ネモ＆Ｕ	マシュ＆ネモ＆Ｕ	2
B：露店オセロトル	露店オセロトル	2
A：露店オセロトル	露店オセロトル	2
C：露店オセロトル	露店オセロトル	2
デイノニクス11兄弟・四男	デイノニクス11兄弟・四男	2
B：ウィツィロポチトリ	ウィツィロポチトリ	2
[FFFFFF]通りすがりのディノスたち[-]	通りすがりのディノスたち	2
H：通りすがりのディノスたち	通りすがりのディノスたち	2
B：ドゥムジ	ドゥムジ	2
I：オセロトル	オセロトル	2
I：デイノニクス11兄弟	デイノニクス11兄弟	2
残念そうなディノス	残念そうなディノス	2
あわてるディノス	あわてるディノス	2
I：イスカリ	イスカリ	2
C：太陽神ククルカン	太陽神ククルカン	2
銃器をいじるディノスＡ	銃器をいじるディノスＡ	2
銃器をいじるディノスＣ	銃器をいじるディノスＣ	2
E：ロケットランチャーをいじるディノスＢ	ロケットランチャーをいじるディノスＢ	2
10歳の少年	10歳の少年	2
F：バーサーカーのマスター	バーサーカーのマスター	2
L：ラニ＝Ｄ=spot[L,N]	ラニ＝Ｄ	2
K：ラニ＝Ｄ=spot[K,M]	ラニ＝Ｄ	2
維持部ＡＩ	維持部ＡＩ	2
L：維持部ＡＩ（ラニ＝Ｋ）	維持部ＡＩ（ラニ＝Ｋ）	2
I：ドゥリーヨダナ	ドゥリーヨダナ	2
店番に戻ってきたディノス	店番に戻ってきたディノス	2
嬉しそうなディノス	嬉しそうなディノス	2
店番のディノス	店番のディノス	2
D：ラニ＝Ｂ	ラニ＝Ｂ	2
E：ラニ＝Ｂ	ラニ＝Ｂ	2
B：生産部ＡＩ	生産部ＡＩ	2
生産部ＡＩ	生産部ＡＩ	2
セイバーのマスター	セイバーのマスター	2
V：ビーマ	ビーマ	2
K：セレシェイラ	セレシェイラ	2
B：女子生徒	女子生徒	2
J：セレシェイラ	セレシェイラ	2
C：[6680ff]黒い影	黒い影	2
A：サリエリ先生？	サリエリ先生？	2
M：サリエリ	サリエリ	2
E：サリエリ=spot[A,E]	サリエリ	2
G：平景清	平景清	2
C：サリエリ	サリエリ	2
A：カリオストロ	カリオストロ	2
G：マリー・オルタ	マリー・オルタ	2
B：ハサン	ハサン	2
K：サリエリ	サリエリ	2
騎士団員フィアレス	騎士団員フィアレス	2
騎士団員ハピネス	騎士団員ハピネス	2
A：パーシヴァル	パーシヴァル	2
休憩していた警官	休憩していた警官	2
駆けつけた警官	駆けつけた警官	2
マシンアーサー	マシンアーサー	2
処刑装置	処刑装置	2
G：上級市民	上級市民	2
月笑騎士団・過激派Ｃ	月笑騎士団・過激派Ｃ	2
D：月笑騎士団たち	月笑騎士団たち	2
F：檻の中の市民Ｂ	檻の中の市民Ｂ	2
Q：檻の中の市民Ｃ	檻の中の市民Ｃ	2
明るい男性	明るい男性	2
穏やかな女性	穏やかな女性	2
いかつい男性	いかつい男性	2
オールド・ドバイ市民Ｃ	オールド・ドバイ市民Ｃ	2
T：[%1]	[%1]	2
C：ＢＢコスモ	ＢＢコスモ	2
G：キングプロテア・オルタ	キングプロテア・オルタ	2
ボリヤー	ボリヤー	2
E：ＢＢコスモ	ＢＢコスモ	2
口を開けているＡＩ	口を開けているＡＩ	2
うつろな目のＡＩ	うつろな目のＡＩ	2
耳をたてているＡＩ	耳をたてているＡＩ	2
K：うつろな目のＡＩ	うつろな目のＡＩ	2
F：ＢＢドバイ	ＢＢドバイ	2
K：オールド・ドバイ市民	オールド・ドバイ市民	2
N：オールド・ドバイの市民たち	オールド・ドバイの市民たち	2
ケーキ・ガーディアン	ケーキ・ガーディアン	2
E：ケーキ・ガーディアン	ケーキ・ガーディアン	2
B：テノチティトラン	テノチティトラン	2
C.I.E.L	C.I.E.L	2
S：研究員	研究員	2
天使・第七階梯	天使・第七階梯	2
H：カドック	カドック	2
K：メタトロン・ジャンヌ	メタトロン・ジャンヌ	2
二人=spot[D,E]	二人	2
G：メタトロン・ジャンヌ	メタトロン・ジャンヌ	2
I：岸波白野	岸波白野	2
H：ＢＢドバイ	ＢＢドバイ	2
祈る男	祈る男	2
[%1]＆カドック	[%1]＆カドック	2
S：メタトロン・ジャンヌ	メタトロン・ジャンヌ	2
J：モリアーティ	モリアーティ	2
R：カドック=spot[R,F]	カドック	2
G：モードレッド	モードレッド	2
部下	部下	2
J：罪人	罪人	2
天使=spot[J,K,L]	天使	2
P：言峰綺礼	言峰綺礼	2
G：ステンノ	ステンノ	2
A：二人	二人	2
J：キャスター	キャスター	2
Ｕ－オルガマリー？	Ｕ－オルガマリー？	2
謎のオルガマリーＸ	謎のオルガマリーＸ	2
L：エルロン	エルロン	2
C：ネモ・マリーンＡ	ネモ・マリーンＡ	2
H：ネモ・マリーンＡ	ネモ・マリーンＡ	2
G：ネモ	ネモ	2
ネモ・マリーン=spot[H,I]	ネモ・マリーン	2
L：ソロモン	ソロモン	2
都市の記憶	都市の記憶	2
I：ネモ・マリーン	ネモ・マリーン	2
M：ホームズ	ホームズ	2
G：マリス	マリス	2
ボーダー一同	ボーダー一同	2
R：ムニエル	ムニエル	2
Q：トマリン	トマリン	2
ビリー=spot[G]	ビリー	2
？？？=spot[E]	？？？	2
P：ミノタウロス=spot[I]	ミノタウロス	2
Q：イアソン	イアソン	2
O：オデュッセウス	オデュッセウス	2
L：ガウェイン	ガウェイン	2
D：マナナン	マナナン	2
K：武田晴信	武田晴信	2
N：織田信勝	織田信勝	2
坂本龍馬＆お竜さん	坂本龍馬＆お竜さん	2
G：ダビデ	ダビデ	2
G：トマリン	トマリン	2
ムニエル=spot[G,J]	ムニエル	2
オルガマリー=spot[A,K]	オルガマリー	2
オルガマリー=spot[A,L,M]	オルガマリー	2
ムニエル=spot[G,L,M]	ムニエル	2
ムニエル=spot[G,N]	ムニエル	2
F：アシュヴァッターマン	アシュヴァッターマン	2
O：インドラ	インドラ	2
マシュ=spot[O,N]	マシュ	2
E：ミス・クレーン	ミス・クレーン	2
F：キングプロテア	キングプロテア	2
I：ゴールデンＢＢ	ゴールデンＢＢ	2
C：日比乃ひびき	日比乃ひびき	2
E：桂木千鍵	桂木千鍵	2
F：清姫	清姫	2
B：ときこ	ときこ	2
N：オルガマリー	オルガマリー	2
J：Dr.ロマン	Dr.ロマン	2
C：ベディヴィエール	ベディヴィエール	2
D：声	声	2
エリザベートｓ	エリザベートｓ	2
巴と千代女	巴と千代女	2
J：徴弐	徴弐	2
可憐な姫	可憐な姫	2
M：徴弐	徴弐	2
ステンノ＆エウリュアレ	ステンノ＆エウリュアレ	2
親父	親父	2
ならず者	ならず者	2
ニコラ	ニコラ	2
ベディヴィエール？	ベディヴィエール？	2
幼年系サーヴァントたち	幼年系サーヴァントたち	2
D：エミヤ・オルタ？	エミヤ・オルタ？	2
B：ノイズ混じりの声	ノイズ混じりの声	2
F：ナポレオン	ナポレオン	2
発明王	発明王	2
W：ダ・ヴィンチ	ダ・ヴィンチ	2
A：■■■	■■■	2
A：■ナ■	■ナ■	2
L：■ナコ	■ナコ	2
G：ビリー	ビリー	2
ボイジャー＆Ｘ・オルタ	ボイジャー＆Ｘ・オルタ	2
フォーリナー一同	フォーリナー一同	2
茶屋の店主	茶屋の店主	2
テロリスト	テロリスト	2
G：杉谷善住坊	杉谷善住坊	2
大黒天たち=spot[G,F]	大黒天たち	2
J：フォウ	フォウ	2
コロンブス＆カエサル	コロンブス＆カエサル	2
O：終末概念	終末概念	2
物陰の男	物陰の男	2
子供たちの声	子供たちの声	2
H：馬	馬	2
海賊？	海賊？	2
イヴァン雷帝＆イスカンダル	イヴァン雷帝＆イスカンダル	2
スターガーディアン・タロス	スターガーディアン・タロス	2
A：スペース・オデュッセウス	スペース・オデュッセウス	2
ミケランジェロ・ゴースト	ミケランジェロ・ゴースト	2
人狼	人狼	2
G：全員	全員	2
山賊	山賊	2
ドルイド・ゴースト	ドルイド・ゴースト	2
仔豚たち	仔豚たち	2
W：スカサハ	スカサハ	2
デーモンソード	デーモンソード	2
H：オリオン	オリオン	2
子供達	子供達	2
B：エミヤ	エミヤ	2
E：燕青（？）	燕青（？）	2
鳩	鳩	2
D：盗賊	盗賊	2
テロリストＡ	テロリストＡ	2
ゆるキャラＡ	ゆるキャラＡ	2
モブ女Ｂ	モブ女Ｂ	2
首領	首領	2
G：カーマ	カーマ	2
兵士Ａ	兵士Ａ	2
C：メフィストフェレス（？）	メフィストフェレス（？）	2
E：魔人アーチャー	魔人アーチャー	2
D：桜セイバー	桜セイバー	2
織田信長（本物）	織田信長（本物）	2
エミヤ／ロビン	エミヤ／ロビン	2
ピエールズ	ピエールズ	2
ピエールＤ	ピエールＤ	2
C：女性の声	女性の声	2
おき太	おき太	2
H：両儀式	両儀式	2
ダレイオス	ダレイオス	2
セプテムの言祝ぎ	セプテムの言祝ぎ	2
G：衛宮切嗣	衛宮切嗣	2
アルトリア＆アン	アルトリア＆アン	2
E：お菓子の国の住人	お菓子の国の住人	2
しりあるきらー	しりあるきらー	2
アイリ	アイリ	2
戦士	戦士	2
僧侶	僧侶	2
C：カルデア職員ｓ	カルデア職員ｓ	2
[FFFFFF]H：母親[-]	母親	2
H：父親	父親	2
F：エリザベート	エリザベート	2
タマモキャット３	タマモキャット３	2
C：スタッフ	スタッフ	2
A：織田信長	織田信長	2
E：織田信勝	織田信勝	2
沖田＆信長	沖田＆信長	2
近所の漁師	近所の漁師	2
A：獅子	獅子	2
B：紳士	紳士	2
モヒカン男達	モヒカン男達	2
モヒカン男Ａ	モヒカン男Ａ	2
モヒカン男Ｂ	モヒカン男Ｂ	2
モヒカン男Ｃ	モヒカン男Ｃ	2
F：モヒカン男	モヒカン男	2
沖田＆茶々	沖田＆茶々	2
A：水着ノッブ	水着ノッブ	2
B：アルテミス	アルテミス	2
アルテミスＢ	アルテミスＢ	2
オリオンＡ	オリオンＡ	2
オリオンＢ	オリオンＢ	2
オリオンＣ	オリオンＣ	2
B：白竜	白竜	2
ＤＯＧポリス	ＤＯＧポリス	2
グガランナマークⅡ	グガランナマークⅡ	2
G：相棒のキャスター	相棒のキャスター	2
A：怪人∞面相	怪人∞面相	2
B：アマゾネス	アマゾネス	2
G：酷吏	酷吏	2
通行人	通行人	2
Ⅱ号機量産型	Ⅱ号機量産型	2
B：ハロウィン騎士	ハロウィン騎士	2
E：ハロウィン騎士	ハロウィン騎士	2
匿名のオジサン	匿名のオジサン	2
匿名のシェフ	匿名のシェフ	2
匿名の人造人間	匿名の人造人間	2
匿名の物語ウーマン	匿名の物語ウーマン	2
[FFFFFF]B：？？？[-]	？？？	2
E：物売りの声	物売りの声	2
ラムレイ	ラムレイ	2
豚を愛でる大魔女	豚を愛でる大魔女	2
D：遊び人	遊び人	2
クレオパトラの声	クレオパトラの声	2
A：職員	職員	2
職員	職員	2
A：パールヴァティー	パールヴァティー	2
B：暴れ豚	暴れ豚	2
D：暴れ豚	暴れ豚	2
暴れ豚	暴れ豚	2
A：シェリンガム？	シェリンガム？	2
斥候ちびノブ	斥候ちびノブ	2
C：アキレウス	アキレウス	2
警報	警報	2
信長（本人）	信長（本人）	2
B：沖田さん	沖田さん	2
帝都七本槍	帝都七本槍	2
A：坂本龍馬	坂本龍馬	2
混対スタッフ	混対スタッフ	2
G：ジキル	ジキル	2
F：ＸＸ	ＸＸ	2
男たち	男たち	2
A：ナレーション	ナレーション	2
G：佐々木小次郎	佐々木小次郎	2
髭とローマ（太）	髭とローマ（太）	2
B：ロビンフッド	ロビンフッド	2
A：海賊たち	海賊たち	2
謎の女の子	謎の女の子	2
謎の小動物	謎の小動物	2
C：[servantName 402500:レジスタンスのライダー:コロンブス]	コロンブス	2
E：護法少女	護法少女	2
F：護法少女	護法少女	2
千歳市民の女の子	千歳市民の女の子	2
ハンバーグの鬼とシーフードの鬼	ハンバーグの鬼とシーフードの鬼	2
男の声３	男の声３	2
男の声５	男の声５	2
F：[servantName 402500:サンタ髭のライダー:コロンブス]	コロンブス	2
E：華美羅夫人	華美羅夫人	2
A：[servantName 602700:サンタ狙いの女帝:武則天]	武則天	2
新ケツァルマスク	新ケツァルマスク	2
I：雀	雀	2
タマモーズ	タマモーズ	2
H：ゴーレム？？？	ゴーレム？？？	2
D：沖田オルタ	沖田オルタ	2
ベガスのスタァ	ベガスのスタァ	2
D：インテリア	インテリア	2
A：イリヤ（ＩＱ２）	イリヤ（ＩＱ２）	2
A：イリヤ（スローモーション）	イリヤ（スローモーション）	2
ゲンパチ	ゲンパチ	2
ケノ	ケノ	2
真祖の姫＆アーキタイプ：アース	真祖の姫＆アーキタイプ：アース	2
マイルーム守護者	マイルーム守護者	2
F：イルス	イルス	2
息子たち	息子たち	2
トーテムポール	トーテムポール	2
カルデア日報	カルデア日報	2
F：張角	張角	2
アンドロメダの声	アンドロメダの声	2
魔獣インヴィディア	魔獣インヴィディア	2
B：鈴鹿御前	鈴鹿御前	2
E：鈴鹿御前	鈴鹿御前	2
D：ロウヒ	ロウヒ	2
ヤマトタケル=spot[B,F]	ヤマトタケル	2
謎の怪物	謎の怪物	2
サファイア（ナレーション）	サファイア（ナレーション）	2
U：ネモ・ベーカリー	ネモ・ベーカリー	2
E：ノア	ノア	2
C：原田左之助	原田左之助	2
テュフォン・エフェメロス＆イプシロン	テュフォン・エフェメロス＆イプシロン	2
E：フローラ	フローラ	2
C：ダンテ	ダンテ	2
A：リリス（隠れて待ってた）	リリス（隠れて待ってた）	2
サメ騎士ＡＢ	サメ騎士ＡＢ	2
たくさん	たくさん	2
G：謎の声	謎の声	2
H：シオン	シオン	2
ギャングＡ	ギャングＡ	2
女中	女中	2
本？	本？	2
A：謎の少女	謎の少女	2
C：ガブリエラ	ガブリエラ	2
道一丸	道一丸	2
F：高名な天才芸術家	高名な天才芸術家	2
E：高名な天才芸術家	高名な天才芸術家	2
A：アドリアナ	アドリアナ	2
上杉家臣	上杉家臣	2
B：上杉家臣	上杉家臣	2
C：帝都市民	帝都市民	2
少し前のピンチノッブ（笑）	少し前のピンチノッブ（笑）	2
人質	人質	2
C：シトナイ	シトナイ	2
リース	リース	2
北条トリスタンレッド	北条トリスタンレッド	2
I：目慈恵怒	目慈恵怒	2
怠惰な石像神	怠惰な石像神	2
F：葛飾北斎（未体験者）	葛飾北斎（未体験者）	2
カーミラ＆刑部姫＆風魔小太郎	カーミラ＆刑部姫＆風魔小太郎	2
どこかで戦った気がする海賊	どこかで戦った気がする海賊	2
いつか相棒だった気がする海賊	いつか相棒だった気がする海賊	2
H：カジノ魔王	カジノ魔王	2
オロチのお竜	オロチのお竜	2
パイロン坂本	パイロン坂本	2
チャチャ	チャチャ	2
屋台の店員	屋台の店員	2
金時＆小太郎＆玉藻＆ジークフリート＆マシュ	金時＆小太郎＆玉藻＆ジークフリート＆マシュ	2
客Ｄ	客Ｄ	2
G：市民Ｂ	市民Ｂ	2
やわらかいチンピラ	やわらかいチンピラ	2
C：オートマタ	オートマタ	2
水着怪盗＆水着姫	水着怪盗＆水着姫	2
女性客Ｄ	女性客Ｄ	2
女性客たち	女性客たち	2
女性客Ｇ	女性客Ｇ	2
F：ナーサリー・ライム	ナーサリー・ライム	2
D：水着新選組監察の清姫	水着新選組監察の清姫	2
E：水着新選組叛逆モーさん	水着新選組叛逆モーさん	2
G：水着新選組海賊メアリー	水着新選組海賊メアリー	2
H：水着新選組セレブマリーさん	水着新選組セレブマリーさん	2
水着新選組臨時隊士マシュ	水着新選組臨時隊士マシュ	2
水着新選組一番隊隊長	水着新選組一番隊隊長	2
以蔵＆ハイド	以蔵＆ハイド	2
F：シグルド	シグルド	2
F：黒髪のカウガール	黒髪のカウガール	2
G：水着新選組一番隊隊長	水着新選組一番隊隊長	2
G：元水着新選組一番隊隊長	元水着新選組一番隊隊長	2
F：暗黒武者ＭＵＮＥＮＯＲＩ	暗黒武者ＭＵＮＥＮＯＲＩ	2
紳士Ｃ	紳士Ｃ	2
Ｓイシュタル＆ジェーン＆Ｘ	Ｓイシュタル＆ジェーン＆Ｘ	2
B：アシュタレト	アシュタレト	2
H：スペース丁稚	スペース丁稚	2
G：スペース丁稚	スペース丁稚	2
A：Ｓイシュタル	Ｓイシュタル	2
盗賊Ａ	盗賊Ａ	2
盗賊Ｂ	盗賊Ｂ	2
盗賊達	盗賊達	2
D：アシュタレト	アシュタレト	2
手下Ａ	手下Ａ	2
B：なぎこ	なぎこ	2
仕事中の女将	仕事中の女将	2
D：エリセ	エリセ	2
N：エリセ	エリセ	2
B：どう見ても亀	どう見ても亀	2
A：すごい女の子	すごい女の子	2
B：若干卑屈っぽい埴輪	若干卑屈っぽい埴輪	2
お人好しっぽい埴輪	お人好しっぽい埴輪	2
卑屈そうな埴輪	卑屈そうな埴輪	2
K：局長	局長	2
邪馬台国の民	邪馬台国の民	2
N：集落の子供	集落の子供	2
G：森長可	森長可	2
I：卑弥呼	卑弥呼	2
O：集落の人々	集落の人々	2
B：イリヤ（遊んでいる）	イリヤ（遊んでいる）	2
J：悪夢のスパルタクスＰ・Ｘ	悪夢のスパルタクスＰ・Ｘ	2
人形	人形	2
D：ダーク・ラン	ダーク・ラン	2
E：獣人	獣人	2
バイオチキン	バイオチキン	2
F：清姫（興味なし）	清姫（興味なし）	2
I：ブリュンヒルデ	ブリュンヒルデ	2
警告	警告	2
E：[FFFFFF]ネモ・マリーン	ネモ・マリーン	2
H：刑部姫Ｂ	刑部姫Ｂ	2
H：刑部姫Ａ	刑部姫Ａ	2
E：ネモ・マリーン[FFFFFF]	ネモ・マリーン	2
T：タラスク	タラスク	2
平景清？	平景清？	2
ねろボーイズ	ねろボーイズ	2
T：メイド	メイド	2
客たち	客たち	2
I：市民	市民	2
A：モリアーティ（自称）	モリアーティ（自称）	2
I：アキバガードＡ	アキバガードＡ	2
音怨ベース・ミザリー	音怨ベース・ミザリー	2
音怨ドラム・サッドネス	音怨ドラム・サッドネス	2
通りすがりの野次馬	通りすがりの野次馬	2
ファンＣ	ファンＣ	2
アキバガード兼ねろボーイズ	アキバガード兼ねろボーイズ	2
海賊ＡＢＣ	海賊ＡＢＣ	2
融合音怨	融合音怨	2
マハトマ騎士団（警備スタッフ）	マハトマ騎士団（警備スタッフ）	2
アキレウス（話を聞いていない）	アキレウス（話を聞いていない）	2
ビリー＆ジェーン	ビリー＆ジェーン	2
群れ集う贄（酒呑童子ファン）	群れ集う贄（酒呑童子ファン）	2
I：クリストファー君	クリストファー君	2
コロンブス（？）×３	コロンブス（？）×３	2
N：ダ・ヴィンチ	ダ・ヴィンチ	2
O：ジャンヌ	ジャンヌ	2
I：アナスタシア（牛タン美味しい）	アナスタシア（牛タン美味しい）	2
O：量産型コロンブス	量産型コロンブス	2
量産型コロンブス×１００	量産型コロンブス×１００	2
B：清少納言	清少納言	2
海賊ｓ	海賊ｓ	2
巨大怪獣	巨大怪獣	2
清少納言＆黒髭	清少納言＆黒髭	2
[FFFFFF]E：？？？[-]	？？？	2
アキレウス（ボンクラＣ）	アキレウス（ボンクラＣ）	2
K：アマゾネスＣＥＯ	アマゾネスＣＥＯ	2
A：可憐なるエリザベート	可憐なるエリザベート	2
N：酷吏	酷吏	2
テレビ放送	テレビ放送	2
A：エリザベート（城主）	エリザベート（城主）	2
M：ナーサリー・ライム	ナーサリー・ライム	2
[FFFFFF]C：謎の人斬り？？？[-]	謎の人斬り？？？	2
K：普通のお菓子ゴーレム	普通のお菓子ゴーレム	2
Q：[FFFFFF]市民[-]	市民	2
H：女の声	女の声	2
E：伊吹童子	伊吹童子	2
D：太公望	太公望	2
王の軍勢	王の軍勢	2
T：子供	子供	2
S：ホームズ	ホームズ	2
住民ＡＢＣ	住民ＡＢＣ	2
[%1]＆バゼット＆アストライア＆メドゥーサ	[%1]＆バゼット＆アストライア＆メドゥーサ	2
B：バゼット	バゼット	2
I：アルジュナ・オルタ	アルジュナ・オルタ	2
[%1]＆マシュ＆ダ・ヴィンチ	[%1]＆マシュ＆ダ・ヴィンチ	2
L：[FFFFFF]？？？[-]	？？？	2
G：町の住民Ａ	町の住民Ａ	2
町の住民Ｂ	町の住民Ｂ	2
S：[FFFFFF]？？？[-]	？？？	2
マルタ調査官	マルタ調査官	2
I：ギルガメッシュ	ギルガメッシュ	2
J：コスモギルガメス	コスモギルガメス	2
ラムダ＆エレシュキガル	ラムダ＆エレシュキガル	2
R：コン	コン	2
ルサールカ	ルサールカ	2
大黒天=spot[B,C]	大黒天	2
被害者たち	被害者たち	2
E：港の女	港の女	2
ペルセウス	ペルセウス	2
A：マイク	マイク	2
王妃	王妃	2
処刑人	処刑人	2
E：列車強盗・客分	列車強盗・客分	2
モブＢ？	モブＢ？	2
モブＣ？	モブＣ？	2
モブＨ？	モブＨ？	2
J：源為朝	源為朝	2
Q：曲亭馬琴	曲亭馬琴	2
ヘシアン（一部実体化中）	ヘシアン（一部実体化中）	2
F：バーゲスト	バーゲスト	2
W：牛若丸	牛若丸	2
H：キャプテン	キャプテン	2
O：レディ・アヴァロン	レディ・アヴァロン	2
D：お路？	お路？	2
E：曲亭馬琴	曲亭馬琴	2
ドウセツ＆コブンゴ	ドウセツ＆コブンゴ	2
アスクレピオス=spot[M,A]	アスクレピオス	2
オリオン（ヘラクレス？）	オリオン（ヘラクレス？）	2
謎の平安女子Ｂ	謎の平安女子Ｂ	2
曲亭馬琴＆源為朝	曲亭馬琴＆源為朝	2
G：エリっさ	エリっさ	2
D：シンシンさん	シンシンさん	2
K：伊吹童子	伊吹童子	2
酷吏Ａ	酷吏Ａ	2
デスソードファイア	デスソードファイア	2
氷の魚の群れ	氷の魚の群れ	2
D：獣人	獣人	2
K：新選組隊士	新選組隊士	2
R：沖田総司	沖田総司	2
H：邪馬台国人	邪馬台国人	2
C：魔王信長	魔王信長	2
超駒姫	超駒姫	2
H：超千利休	超千利休	2
D：子供	子供	2
B：盗賊	盗賊	2
F：子供	子供	2
K：官軍	官軍	2
お茶のマシュ博士	お茶のマシュ博士	2
F：[FFFFFF]？？？[-]	？？？	2
J：三人	三人	2
曲亭馬琴？	曲亭馬琴？	2
V：九紋龍史進	九紋龍史進	2
悪魔	悪魔	2
キジバト	キジバト	2
役人	役人	2
N：出雲阿国	出雲阿国	2
O：ムニエル	ムニエル	2
G：キジバト	キジバト	2
F：ドラコー=spot[E,F]	ドラコー	2
M：セタンタ	セタンタ	2
カリギュラ？	カリギュラ？	2
レオニダス一世？	レオニダス一世？	2
ヴラド三世？	ヴラド三世？	2
カーミラ？	カーミラ？	2
デオン？	デオン？	2
アマデウス？	アマデウス？	2
O：アルジュナ	アルジュナ	2
N：ナイチンゲール	ナイチンゲール	2
おかあさん	おかあさん	2
C：ロボ	ロボ	2
ナイチンゲール？	ナイチンゲール？	2
アルジュナ？	アルジュナ？	2
E：ネロ	ネロ	2
K：大黒天	大黒天	2
H：レディ・アヴァロン	レディ・アヴァロン	2
O：ルビー	ルビー	2
妖怪・夢追い歯茎	妖怪・夢追い歯茎	2
イマジナリーキルケー	イマジナリーキルケー	2
G：黒い少女	黒い少女	2
J：太公望	太公望	2
F：[FFFFFF]プトレマイオス[-]	プトレマイオス	2
I：バーヴァン・シー	バーヴァン・シー	2
V：プトレマイオス	プトレマイオス	2
プトレマイオス=spot[R,U]	プトレマイオス	2
影の騎士たち	影の騎士たち	2
C：プトレマイオス	プトレマイオス	2
■■■■	■■■■	2
Ｍ・Ｃ・Ｂたち	Ｍ・Ｃ・Ｂたち	2
S：ガウェイン	ガウェイン	2
代表一同	代表一同	2
住人たち	住人たち	2
A：浴槽にぷかぷか浮かぶ謎の生物	浴槽にぷかぷか浮かぶ謎の生物	2
Y：ランスロット	ランスロット	2
カンガルーたち	カンガルーたち	2
G：トリスタン	トリスタン	2
信者Ａ	信者Ａ	2
イリヤスフィール・テスタメント	イリヤスフィール・テスタメント	2
R：巴御前	巴御前	2
I：九紋竜エリザ	九紋竜エリザ	2
C：アルトちゃん=spot[J,C]	アルトちゃん	2
A：アルくん=spot[J,A]	アルくん	2
C：アルトちゃん=spot[C,J]	アルトちゃん	2
アイスキャンディー屋さん	アイスキャンディー屋さん	2
F：黒い服の男	黒い服の男	2
妖精騎士バーゲスト	妖精騎士バーゲスト	2
カーマ（左）	カーマ（左）	2
カーマ（真ん中）	カーマ（真ん中）	2
H：茨木童子	茨木童子	2
邪霊たち	邪霊たち	2
A：【朱之介】=spot[D,A]	【朱之介】	2
D：【箭五郎】=spot[I,D]	【箭五郎】	2
【箭五郎】=spot[I,D]	【箭五郎】	2
C：【杜四郎】=spot[H,C]	【杜四郎】	2
E：ワンジナ	ワンジナ	2
U：柳生但馬守	柳生但馬守	2
I：巴御前	巴御前	2
D：ワンジナ	ワンジナ	2
D：ドライノッブ	ドライノッブ	2
K：ワンジナ	ワンジナ	2
B：今魔川兵	今魔川兵	2
I：ゴルドルフ	ゴルドルフ	2
B：北の軍神	北の軍神	2
G：長尾景虎	長尾景虎	2
Q：雑賀孫市	雑賀孫市	2
S：雑賀孫市	雑賀孫市	2
P：スフィンクス	スフィンクス	2
K：ドライノッブ	ドライノッブ	2
M：ドライノッブ	ドライノッブ	2
O：永倉新八	永倉新八	2
B：今川義元	今川義元	2
トラックの運転手	トラックの運転手	2
E：ネモ・ベーカリー=spot[D,E]	ネモ・ベーカリー	2
I：ネモ・ナース=spot[D,I]	ネモ・ナース	2
岐秀元伯	岐秀元伯	2
J：ネモ・エンジン	ネモ・エンジン	2
Q：若き剣士	若き剣士	2
B：ライダー	ライダー	2
B：雑賀孫市	雑賀孫市	2
D：武田晴信	武田晴信	2
I：上杉謙信	上杉謙信	2
G：土御門泰広	土御門泰広	2
K：逸れのルーラー	逸れのルーラー	2
E：セミラミス	セミラミス	2
現地人？	現地人？	2
E：ヤマトタケル	ヤマトタケル	2
F：カーリー	カーリー	2
H：黒髭	黒髭	2
I：バーソロミュー	バーソロミュー	2
I：セミラミス	セミラミス	2
G：カロン	カロン	2
X：シャルルマーニュ	シャルルマーニュ	2
L：シラノ	シラノ	2
C：イシュタリン=spot[F,C]	イシュタリン	2
C：イシュタリン=spot[G,C]	イシュタリン	2
E：槻司鳶丸	槻司鳶丸	2
J：蒼崎青子	蒼崎青子	2
G：久遠寺有珠	久遠寺有珠	2
N：蒼崎青子	蒼崎青子	2
I：槻司鳶丸	槻司鳶丸	2
M：駒鳥	駒鳥	2
O：静希草十郎	静希草十郎	2
T：静希草十郎	静希草十郎	2
K：隈乃院ヨシスケ	隈乃院ヨシスケ	2
E：かしんこちゃん	かしんこちゃん	2
L：夢をみている男	夢をみている男	2
F：蒼崎青子	蒼崎青子	2
L：シャイニースター	シャイニースター	2
ＡＤ	ＡＤ	2
H：蒼崎青子	蒼崎青子	2
F：木乃美芳助	木乃美芳助	2
Z：少女	少女	2
ワニ兵士たち	ワニ兵士たち	2
P：日比乃ひびき	日比乃ひびき	2
Q：桂木千鍵	桂木千鍵	2
S：エルメロイⅡ世	エルメロイⅡ世	2
外国人Ａ	外国人Ａ	2
C：謎の赤ん坊	謎の赤ん坊	2
謎の赤ん坊	謎の赤ん坊	2
U：謎の女	謎の女	2
L：ワニ兵士	ワニ兵士	2
E：謎のスマートフォン	謎のスマートフォン	2
M：蒼崎青子	蒼崎青子	2
Q：槻司鳶丸	槻司鳶丸	2
P：桂木千鍵	桂木千鍵	2
O：日比乃ひびき＆桂木千鍵=spot[O,P]	日比乃ひびき＆桂木千鍵	2
H：シリウス	シリウス	2
モアイ兵士	モアイ兵士	2
K：マリー	マリー	2
A：マシュの声	マシュの声	2
シリウス＆桂木千鍵	シリウス＆桂木千鍵	2
K：海幸彦	海幸彦	2
B：シバの女王=spot[B,C]	シバの女王	2
マシュ＆エレシュキガル	マシュ＆エレシュキガル	2
M：坂田金時	坂田金時	2
D：スポーツジムの二人=spot[B,C]	スポーツジムの二人	2
ビーチの管理人	ビーチの管理人	2
X：巴御前	巴御前	2
I：マンドリカルド	マンドリカルド	2
書店員	書店員	2
トレーナーのお姉さん	トレーナーのお姉さん	2
E：ゴルドルフ	ゴルドルフ	2
F：オベロン	オベロン	2
B：ダ・ヴィンチ=spot[B,G]	ダ・ヴィンチ	2
C：哪吒	哪吒	2
T：『神父』の使い魔	『神父』の使い魔	2
D：ツタンカーメン	ツタンカーメン	2
B：カエサル	カエサル	2
C：バニヤン	バニヤン	2
某メソポタミアの女神	某メソポタミアの女神	2
ツタンカーメン=spot[E,A]	ツタンカーメン	2
A：ツタンカーメン=spot[A,I]	ツタンカーメン	2
ツタンカーメン=spot[A,F]	ツタンカーメン	2
F：ナウクラテー	ナウクラテー	2
ツタンカーメン＆ゴッホ	ツタンカーメン＆ゴッホ	2
M：アポロン	アポロン	2
I：トントゥ？	トントゥ？	2
N：トントゥ	トントゥ	2
K：トントゥ	トントゥ	2
光＆闇のコヤンスカヤ=spot[I,J]	光＆闇のコヤンスカヤ	2
I：[FFFFFF]光のコヤンスカヤ	光のコヤンスカヤ	2
S：コッコ	コッコ	2
J：闇のコヤンスカヤ=spot[J]	闇のコヤンスカヤ	2
F：大黒天１号＆２号=spot[F,G]	大黒天１号＆２号	2
N：シトナイ	シトナイ	2
D：ククルカン	ククルカン	2
E：小人	小人	2
F：小人	小人	2
F：トントゥ	トントゥ	2
J：ランスロット	ランスロット	2
K：ランスロット	ランスロット	2
ジーク＆ククルカン	ジーク＆ククルカン	2
I：トントゥ	トントゥ	2
蛇竜人=spot[A]	蛇竜人	2
蛇竜人=spot[B]	蛇竜人	2
蛇竜人=spot[C]	蛇竜人	2
蛇竜人=spot[K]	蛇竜人	2
I：Ｓ・ファンタズムーンＶ	Ｓ・ファンタズムーンＶ	2
I：ネコアルクＶ	ネコアルクＶ	2
A：Ｓ・ファンタズムーンＶ	Ｓ・ファンタズムーンＶ	2
K：ザッハーク	ザッハーク	2
蛇竜人=spot[M]	蛇竜人	2
蛇竜人=spot[N]	蛇竜人	2
O：アスクレピオス	アスクレピオス	2
R：エリザベート	エリザベート	2
チビーネ=spot[A,C]	チビーネ	2
蛇竜人=spot[D]	蛇竜人	2
I：ザッハーク	ザッハーク	2
G：蛇竜人	蛇竜人	2
エリザベートたち	エリザベートたち	2
P：蛇竜人	蛇竜人	2
S：蛇竜人	蛇竜人	2
L：ザッハーク	ザッハーク	2
チビーネ=spot[K,N]	チビーネ	2
I：マリー	マリー	2
深草少将	深草少将	2
I：マリー・オルタ	マリー・オルタ	2
J：小野小町	小野小町	2
N：謎の不動産業者	謎の不動産業者	2
P：謎のアラフィフ	謎のアラフィフ	2
J：モノローグ（ＣＶ：呼延灼）	モノローグ（ＣＶ：呼延灼）	2
E：胤舜	胤舜	2
イフリータ（？）	イフリータ（？）	2
イフリータ	イフリータ	2
F：セレブな客Ｂ	セレブな客Ｂ	2
親族Ａ	親族Ａ	2
親族Ｂ	親族Ｂ	2
H：エミヤ	エミヤ	2
E：謎の富豪	謎の富豪	2
F：謎の不動産業者	謎の不動産業者	2
G：謎のアラフィフ	謎のアラフィフ	2
F：東洋の客Ｂ	東洋の客Ｂ	2
部下=spot[I]	部下	2
A：謎の人斬り	謎の人斬り	2
A：テュフォン・エフェメロス=spot[A,X]	テュフォン・エフェメロス	2
L：ヘファイスティオン	ヘファイスティオン	2
ダ・ヴィンチ=spot[J,B]	ダ・ヴィンチ	2
H：テュフォン・エフェメロス	テュフォン・エフェメロス	2
C：オデュッセウス・オルタ=spot[C,V]	オデュッセウス・オルタ	2
L：イプシロン	イプシロン	2
D：両儀式	両儀式	2
A：サバージオス=spot[A,B]	サバージオス	2
B：ライネス=spot[B,R]	ライネス	2
A：サバージオス=spot[A,N]	サバージオス	2
J：ライネス	ライネス	2
不思議な声	不思議な声	2
F：グレイ	グレイ	2
F：ライネス	ライネス	2
E：テュフォン・エフェメロス=spot[E,N]	テュフォン・エフェメロス	2
オデュッセウス・オルタ=spot[C,M]	オデュッセウス・オルタ	2
イプシロン=spot[D,L]	イプシロン	2
O：アイリスフィール	アイリスフィール	2
Y：ヴァジュラ	ヴァジュラ	2
ヴァジュラたち	ヴァジュラたち	2
E：司馬懿	司馬懿	2
N：アナスタシア	アナスタシア	2
R：ヴリトラ	ヴリトラ	2
Y：謎の少女	謎の少女	2
F：キレーちゃん	キレーちゃん	2
I：クー・フーリン	クー・フーリン	2
C：ジーク	ジーク	2
N：ヴァジュラ	ヴァジュラ	2
H：アーサメ	アーサメ	2
ミカ騎士	ミカ騎士	2
H：刑部姫	刑部姫	2
J：観光客Ａ	観光客Ａ	2
U：ミカ	ミカ	2
引率の教師	引率の教師	2
二人=spot[B,O]	二人	2
Q：引率の教師	引率の教師	2
K：大統領	大統領	2
最後尾だった男	最後尾だった男	2
C：玉兎	玉兎	2
T：ゲオルギウス	ゲオルギウス	2
G：ジュネス	ジュネス	2
D：？？？=spot[D]	？？？	2
A：？？？=spot[A]	？？？	2
H：ジーク	ジーク	2
K：三河屋のハサン	三河屋のハサン	2
K：ジュネス	ジュネス	2
K：テノチティトラン・バニー	テノチティトラン・バニー	2
K：謎の童女	謎の童女	2
J：常連客Ｂ	常連客Ｂ	2
客（昼休憩中）	客（昼休憩中）	2
O：呼延灼	呼延灼	2
かつて最後尾だった男	かつて最後尾だった男	2
Q：ジュネス	ジュネス	2
O：大統領	大統領	2
L：観光客Ｃ	観光客Ｃ	2
N：太公望	太公望	2
C：ティアマト	ティアマト	2
伊吹姉さん=spot[F]	伊吹姉さん	2
オグ	オグ	2
C：ネモ	ネモ	2
許婚アプスー=spot[C]	許婚アプスー	2
L：謎の少年	謎の少年	2
M：黒の剣士	黒の剣士	2
H：藤堂平助	藤堂平助	2
千利休=spot[O,P]	千利休	2
M：神剣組隊士	神剣組隊士	2
O：魔王信長	魔王信長	2
C：京の町人	京の町人	2
G：神剣組隊士	神剣組隊士	2
R：藤堂平助	藤堂平助	2
Y：藤堂平助	藤堂平助	2
藤堂平助=spot[E,F]	藤堂平助	2
R：松永弾正	松永弾正	2
K：勝海舟	勝海舟	2
F：河上彦斎	河上彦斎	2
A：松永弾正=spot[A,C]	松永弾正	2
マガツ煉獄ソード	マガツ煉獄ソード	2
マガツ書文ノカミ	マガツ書文ノカミ	2
マガツ魔さんノカミ	マガツ魔さんノカミ	2
F：マガツ利休ノカミ	マガツ利休ノカミ	2
I：原田左之助	原田左之助	2
H：マガツ駒姫ノカミ	マガツ駒姫ノカミ	2
K：ノア	ノア	2
マガツ信玄ノカミ	マガツ信玄ノカミ	2
L：河上彦斎	河上彦斎	2
マガツオカダ四天王	マガツオカダ四天王	2
D：新選組隊士	新選組隊士	2
E：新選組隊士	新選組隊士	2
H：黒の剣士	黒の剣士	2
F：京の町人	京の町人	2
O：黒の剣士	黒の剣士	2
I：古代火星人	古代火星人	2
O：アマゾネス	アマゾネス	2
古代火星人Ｃ	古代火星人Ｃ	2
E：二人	二人	2
Y：ヘクトール？	ヘクトール？	2
パリス？	パリス？	2
信徒=spot[Y,H,I,J,K]	信徒	2
G：沖田総司	沖田総司	2
F：土方歳三	土方歳三	2
E：黒の剣士	黒の剣士	2
？？？=spot[G]	？？？	2
M：フレッカス	フレッカス	2
P：キングエリザ	キングエリザ	2
M：古代火星人=spot[M]	古代火星人	2
モレー=spot[A,K]	モレー	2
N：信徒	信徒	2
L：犬	犬	2
N：エレシュキガル・オルタ	エレシュキガル・オルタ	2
J：ツチノコ	ツチノコ	2
N：わらし	わらし	2
L：エリザベートたち（？）	エリザベートたち（？）	2
M：キングエリザ	キングエリザ	2
N：古代火星人=spot[N]	古代火星人	2
ロビンフッド＆エレシュキガル・オルタ=spot[J,H]	ロビンフッド＆エレシュキガル・オルタ	2
L：ツチノコ	ツチノコ	2
F：ツチノコ	ツチノコ	2
I：おみぃさん	おみぃさん	2
P：ロビンフッド	ロビンフッド	2
H：蛇女房=spot[H]	蛇女房	2
わらし=spot[X]	わらし	2
ジャンヌ・オルタ・サンタ・リリィ（11）=spot[A,R,S,T]	ジャンヌ・オルタ・サンタ・リリィ	2
ジャック（10）=spot[B,U,V,W]	ジャック	2
C：九紋竜エリザ（07）=spot[C,H,I,J]	九紋竜エリザ	2
D：ボイジャー（08）=spot[D,R,S,T]	ボイジャー	2
K：ナーサリー・ライム（61）=spot[K,R,S,T]	ナーサリー・ライム	2
N：エリセ（14）=spot[N,U,V,W]	エリセ	2
エルメロイⅡ世（79）=spot[L,R,S,T]	エルメロイⅡ世	2
L：エルメロイⅡ世（79）=spot[L,R,S,T]	エルメロイⅡ世	2
J：黒髭	黒髭	2
ダ・ヴィンチ（12）=spot[R,N,O,P]	ダ・ヴィンチ	2
R：ダ・ヴィンチ（12）=spot[R,N,O,P]	ダ・ヴィンチ	2
Q：ダ・ヴィンチ（12）=spot[R,H,I,J]	ダ・ヴィンチ	2
E：ブリュンヒルデ（58）=spot[E,W,X,Y]	ブリュンヒルデ	2
J：スルーズ（17）=spot[J,P,Q,R]	スルーズ	2
リンド（15）=spot[K,M,N,O]	リンド	2
フィン・マックール（55）=spot[G,W,X,Y]	フィン・マックール	2
G：フィン・マックール（55）=spot[G,W,X,Y]	フィン・マックール	2
クー・フーリン（19）=spot[K,W,X,Y]	クー・フーリン	2
フェルグス（42）=spot[U,M,N,O]	フェルグス	2
シェヘラザード（35）=spot[E,M,N,O]	シェヘラザード	2
E：シェヘラザード（35）=spot[K,P,Q,R]	シェヘラザード	2
カリギュラ（38）=spot[J,M,N,O]	カリギュラ	2
L：ロムルス・クィリヌス（81）=spot[L,M,N,O]	ロムルス・クィリヌス	2
L：クー・フーリン（58）=spot[L,T,U,V]	クー・フーリン	2
E：テュフォン・エフェメロス（14）=spot[E,Q,R,S]	テュフォン・エフェメロス	2
エルメロイⅡ世（79）=spot[G,Q,R,S]	エルメロイⅡ世	2
G：エルメロイⅡ世（79）=spot[G,Q,R,S]	エルメロイⅡ世	2
I：エミヤ（EX）=spot[I,T,V]	エミヤ（EX）	2
A：ロウヒ（90）=spot[A,Q,R,S]	ロウヒ	2
C：マシュ（43）=spot[C,Q,R,S]	マシュ	2
F：ロウヒ（90）=spot[F,Q,R,S]	ロウヒ	2
I：渡辺綱（25）=spot[I,T,U,V]	渡辺綱	2
H：胤舜（35）=spot[H,T,U,V]	胤舜	2
J：望月千代女（27）=spot[D,C,N,O,P,A,B,K]	望月千代女	2
J：望月千代女（27）=spot[H,G,Q,R,S,T,U,V]	望月千代女	2
H：巴御前（71）=spot[H,N,O,P]	巴御前	2
G：由井正雪（70）=spot[G,T,U,V]	由井正雪	2
ダークお母さんチョコ	ダークお母さんチョコ	2
F：百貌のハサン（39）=spot[F,P,Q,R]	百貌のハサン	2
百貌のハサン（39）=spot[F,P,Q,R]	百貌のハサン	2
H：耀星のハサン（17）=spot[H,S,T,U]	耀星のハサン	2
F：執事モレー	執事モレー	2
A：モレーちゃん	モレーちゃん	2
モレーちゃん=spot[A]	モレーちゃん	2
D：ガウェイン（64）=spot[D,X,Y,Z]	ガウェイン	2
ランスロット（44）=spot[E,U,V,W]	ランスロット	2
F：パーシヴァル（60）=spot[F,R,S,T]	パーシヴァル	2
G：ガレス（22）=spot[G,X,Y,Z]	ガレス	2
ランスロット（44）=spot[E,X,Y,Z]	ランスロット	2
モードレッド（15）=spot[H,X,Y,Z]	モードレッド	2
トリスタン（36）=spot[I,X,Y,Z]	トリスタン	2
C：黒髭（45）=spot[C,X,Y,Z]	黒髭	2
マシュ（43）=spot[A,X,Y,Z]	マシュ	2
P：アルトリア・キャスター（15）=spot[P,X,Y,Z]	アルトリア・キャスター	2
バーゲスト（24）=spot[Q,X,Y,Z]	バーゲスト	2
Q：バーゲスト（24）=spot[Q,X,Y,Z]	バーゲスト	2
[DA4A67]電話の主[-]	電話の主	2
F：エミヤ（EX）=spot[F,Q,S]	エミヤ（EX）	2
ティアマト（16）=spot[J,Q,R,S]	ティアマト	2
ティアマト（16）=spot[J,K,L,M]	ティアマト	2
蘆屋道満（61）=spot[N,K,L,M]	蘆屋道満	2
N：開祖の霊	開祖の霊	2
レオン＆アラン＆ロベール	レオン＆アラン＆ロベール	2
ロクスタ（22）=spot[C,M,N,O]	ロクスタ	2
ロムルス（81）	ロムルス	2
ヴラド三世（72）=spot[D,S,T,U]	ヴラド三世	2
ジュネス（17）=spot[E,S,T,U]	ジュネス	2
ハベトロット（32）=spot[F,S,T,U]	ハベトロット	2
K：エレナ（80）=spot[K,S,T,U]	エレナ	2
I：太公望（25）=spot[I,S,T,U]	太公望	2
光のコヤンスカヤ（30）=spot[M,S,T,U]	光のコヤンスカヤ	2
A：マシュ（43）=spot[A,S,T,U]	マシュ	2
紫式部（28）=spot[I,S,T,U]	紫式部	2
J：小野小町（18）=spot[J,S,T,U]	小野小町	2
メディア（02）=spot[G,Q,R,S]	メディア	2
ディオスクロイ・ポルクス（59）=spot[E,T,U,V]	ディオスクロイ・ポルクス	2
D：ディオスクロイ・カストロ（39）=spot[D,Q,R,S]	ディオスクロイ・カストロ	2
ケイローン（80）=spot[H,Q,R,S]	ケイローン	2
H：ケイローン（80）=spot[H,Q,R,S]	ケイローン	2
カイニス（60）=spot[F,T,U,V]	カイニス	2
F：カイニス（60）=spot[F,T,U,V]	カイニス	2
カイニス（60）=spot[F,G,H,P]	カイニス	2
黒髭（45）=spot[C,T,U,V]	黒髭	2
テュフォン・エフェメロス（14）=spot[D,I,J,K]	テュフォン・エフェメロス	2
E：城の衛兵	城の衛兵	2
フォウ？	フォウ？	2
B：ダ・ヴィンチじゃなさそう	ダ・ヴィンチじゃなさそう	2
B：偽ダ・ヴィンチだった何か	偽ダ・ヴィンチだった何か	2
H：偽ダ・ヴィンチだった何か	偽ダ・ヴィンチだった何か	2
I：謎の少女	謎の少女	2
E：奇妙な少年	奇妙な少年	2
I：不愉快な笑顔の少年少女=spot[E,F]	不愉快な笑顔の少年少女	2
おとなしい業者	おとなしい業者	2
H：寡黙な業者	寡黙な業者	2
謎のア、クマ？	謎のア、クマ？	2
N：エルキドゥ	エルキドゥ	2
軍勢	軍勢	2
D：避難民	避難民	2
P：百貌のハサン	百貌のハサン	2
B：一般兵=spot[B]	一般兵	2
D：一般兵	一般兵	2
O：ギルガメッシュ	ギルガメッシュ	2
M：フランチェスカ	フランチェスカ	2
ペンテシレイア＆ヒッポリュテ	ペンテシレイア＆ヒッポリュテ	2
C：エフェメロス	エフェメロス	2
ドレッドノートたち	ドレッドノートたち	2
M：フランソワ	フランソワ	2
O：タラスク	タラスク	2
F：神王ラックランド	神王ラックランド	2
G：ガレス	ガレス	2
A：神王ラックランド	神王ラックランド	2
フランソワ=spot[D,G]	フランソワ	2
D：ジャック	ジャック	2
V：アーサー	アーサー	2
O：オルガマリー	オルガマリー	2
K：エルキドゥ	エルキドゥ	2
フランソワの声	フランソワの声	2
P：デュマ	デュマ	2
C：フラット	フラット	2
I：デメテル	デメテル	2
K：デメテル？	デメテル？	2
J：デメテル・エリニュス	デメテル・エリニュス	2
T：デメテル・オリジン	デメテル・オリジン	2
Q：グレイ	グレイ	2
グレイ＆ペルセポネ	グレイ＆ペルセポネ	2
ギャンブラー	ギャンブラー	2
ヤクザ	ヤクザ	2
ジャガーの戦士	ジャガーの戦士	2
I：海賊	海賊	2
J：アタランテ	アタランテ	2
K：テル	テル	2
ドレイク＆海賊	ドレイク＆海賊	1
メアリー＆アン	メアリー＆アン	1
魔本	魔本	1
アンデルセン＆シェイクスピア	アンデルセン＆シェイクスピア	1
ケルト戦士	ケルト戦士	1
密偵	密偵	1
G：ブラヴァツキー	ブラヴァツキー	1
D：兵士	兵士	1
ケルト兵士	ケルト兵士	1
G：難民の男性	難民の男性	1
商人たち	商人たち	1
D：粛正騎士	粛正騎士	1
H：ベディヴィエール	ベディヴィエール	1
C：魔獣	魔獣	1
H：巨像たち	巨像たち	1
A：ウルク兵士	ウルク兵士	1
B：ウルク兵士	ウルク兵士	1
C：ウルク兵士	ウルク兵士	1
ウガル	ウガル	1
ラフムＡ	ラフムＡ	1
ラフムＢ	ラフムＢ	1
ラフムＣ	ラフムＣ	1
研究員Ｃ	研究員Ｃ	1
H：ラフム	ラフム	1
H：ベル・ラフム	ベル・ラフム	1
Dr.ロマン＆ケツァル・コアトル	Dr.ロマン＆ケツァル・コアトル	1
F：牛若丸	牛若丸	1
G：ブケファラス	ブケファラス	1
E：ローマ軍団	ローマ軍団	1
荊軻＆カエサル＆カリギュラ＆呂布	荊軻＆カエサル＆カリギュラ＆呂布	1
E：海賊’ｓ	海賊’ｓ	1
シェイクスピア＆アンデルセン	シェイクスピア＆アンデルセン	1
銀騎士	銀騎士	1
G：チンピラＡ	チンピラＡ	1
D：スタッフＣ	スタッフＣ	1
G：呪腕のハサン？	呪腕のハサン？	1
F：新宿のアーチャー	新宿のアーチャー	1
G：男Ｂ	男Ｂ	1
H：アマゾネスＤ	アマゾネスＤ	1
黒服	黒服	1
D：セレブＣ	セレブＣ	1
男達	男達	1
A：雀蜂	雀蜂	1
H：ダーツの的	ダーツの的	1
B：スタッフＡ	スタッフＡ	1
女Ｂ	女Ｂ	1
H：女Ｃ	女Ｃ	1
D：女Ｄ	女Ｄ	1
怪我した男	怪我した男	1
D：レジスタンス男Ｅ	レジスタンス男Ｅ	1
レジスタンス男Ｄ	レジスタンス男Ｄ	1
H：コロンブス	コロンブス	1
H：レジスタンス男Ａ	レジスタンス男Ａ	1
F：レジスタンス男Ｂ	レジスタンス男Ｂ	1
H：レジスタンス男Ｃ	レジスタンス男Ｃ	1
アマゾネスの声	アマゾネスの声	1
G：レジスタンス男Ｅ	レジスタンス男Ｅ	1
H：レジスタンス男Ｆ	レジスタンス男Ｆ	1
C：精悍な青年の声	精悍な青年の声	1
F：影の如き女	影の如き女	1
E：太刀を携えた女	太刀を携えた女	1
G：艶やかな少女	艶やかな少女	1
インフェルノ	インフェルノ	1
大陸の虎	大陸の虎	1
黒縄地獄＆衆合地獄	黒縄地獄＆衆合地獄	1
G：おぬいの声	おぬいの声	1
B：アサシン・パライソ	アサシン・パライソ	1
B：哪吒	哪吒	1
C：少女	少女	1
獣たち	獣たち	1
A：怪物	怪物	1
A：怪物？	怪物？	1
食屍鬼	食屍鬼	1
H：刑吏	刑吏	1
村の子供たち	村の子供たち	1
C：警官	警官	1
ロビンフッド＆キルケー	ロビンフッド＆キルケー	1
B：見張り役水夫	見張り役水夫	1
A：水夫Ａ	水夫Ａ	1
B：水夫Ｂ	水夫Ｂ	1
C：メディア？	メディア？	1
D：アビゲイル	アビゲイル	1
E：アビゲイル	アビゲイル	1
マタ・ハリ＆マシュ	マタ・ハリ＆マシュ	1
警官Ａ	警官Ａ	1
警官Ｂ	警官Ｂ	1
神兵たち	神兵たち	1
G：孫悟空	孫悟空	1
哪吒＆ロビンフッド	哪吒＆ロビンフッド	1
D：少女	少女	1
B：殺戮猟兵	殺戮猟兵	1
猫	猫	1
老ジャイルズ《食屍鬼》	老ジャイルズ《食屍鬼》	1
ピックマン夫人《食屍鬼》	ピックマン夫人《食屍鬼》	1
F：刑吏	刑吏	1
C：村人《食屍鬼》	村人《食屍鬼》	1
B：オズボーン《食屍鬼》	オズボーン《食屍鬼》	1
C：ヤガ叛逆軍	ヤガ叛逆軍	1
C：ヤガ	ヤガ	1
E：ヤガ	ヤガ	1
[51ffff]アナウンス	アナウンス	1
カルデアスタッフたち	カルデアスタッフたち	1
F：ヤガ市民Ｂ	ヤガ市民Ｂ	1
武蔵＆ビリー	武蔵＆ビリー	1
B：ヤガ市民	ヤガ市民	1
マシュ・キリエライト	マシュ・キリエライト	1
武蔵＆ベオウルフ	武蔵＆ベオウルフ	1
H：ベオウルフ	ベオウルフ	1
G：ヤガ（子供）	ヤガ（子供）	1
D：ヤガ市民	ヤガ市民	1
B：子供の声	子供の声	1
G：大人たち	大人たち	1
紫水晶の女	紫水晶の女	1
A：ゲルダ	ゲルダ	1
クリチャーチ	クリチャーチ	1
マシュ＆ムニエル	マシュ＆ムニエル	1
農夫Ａ、農婦Ａ、少年	農夫Ａ、農婦Ａ、少年	1
I：町の民	町の民	1
J：叔母	叔母	1
少女＆犬	少女＆犬	1
B：ネモ？Ａ	ネモ？Ａ	1
C：ネモ？Ｂ	ネモ？Ｂ	1
D：ネモ？Ｃ	ネモ？Ｃ	1
B：ネモ？たち	ネモ？たち	1
ネモ？Ａ	ネモ？Ａ	1
ネモ？Ｂ	ネモ？Ｂ	1
ネモ？Ｃ	ネモ？Ｃ	1
ネモ？Ｄ	ネモ？Ｄ	1
ネモ？Ｅ	ネモ？Ｅ	1
マシュ＆マンドリカルド	マシュ＆マンドリカルド	1
Ｍ＆Ｍ	Ｍ＆Ｍ	1
ネモｓ	ネモｓ	1
ネモ・マリーンＡ群	ネモ・マリーンＡ群	1
ネモ・マリーンＢ群	ネモ・マリーンＢ群	1
E：ホームズ	ホームズ	1
E：オリオン	オリオン	1
[B86349]ヘファイストス	ヘファイストス	1
F：ヘラクレス島住民	ヘラクレス島住民	1
ピュグマリオン式迎撃兵装	ピュグマリオン式迎撃兵装	1
ゴルドルフ＆イアソン	ゴルドルフ＆イアソン	1
E：[51ffff]ダ・ヴィンチ[-]	ダ・ヴィンチ	1
A：イアソン	イアソン	1
J：リンボ	リンボ	1
オリュンポス正規兵たち	オリュンポス正規兵たち	1
橋の途中でうずくまった子供	橋の途中でうずくまった子供	1
帽子の男	帽子の男	1
気味の悪い何か	気味の悪い何か	1
D：ホームズ	ホームズ	1
G：声	声	1
J：オリュンポス正規兵	オリュンポス正規兵	1
K：オリュンポス正規兵	オリュンポス正規兵	1
B：ホームズ	ホームズ	1
H：男の声	男の声	1
剣士と戦士	剣士と戦士	1
T：声	声	1
御者	御者	1
F：リンボ	リンボ	1
舎人の精鋭たち	舎人の精鋭たち	1
A：両雄	両雄	1
I：一同	一同	1
武者	武者	1
C：大江山の客人	大江山の客人	1
C：真紅の大武者	真紅の大武者	1
ダ・ヴィンチ＆マシュ	ダ・ヴィンチ＆マシュ	1
A：酒呑童子	酒呑童子	1
I：牙の氏族	牙の氏族	1
A：アニス	アニス	1
B：源頼光	源頼光	1
C：酒呑童子	酒呑童子	1
D：段蔵	段蔵	1
C：入り口からの声	入り口からの声	1
E：騎士グラント	騎士グラント	1
ガウェインの兵士・Ｂ	ガウェインの兵士・Ｂ	1
人間の衛士たち	人間の衛士たち	1
上からの声	上からの声	1
妖精たち＆ワグ	妖精たち＆ワグ	1
D：妖精たちと騒ぐワグ	妖精たちと騒ぐワグ	1
玉座の衛士	玉座の衛士	1
縛られたモルガン兵	縛られたモルガン兵	1
O：ガウェインの兵士・Ａ	ガウェインの兵士・Ａ	1
P：ガウェインの兵士・Ｂ	ガウェインの兵士・Ｂ	1
アルトリア＆ガレス	アルトリア＆ガレス	1
R：ペペロン伯爵	ペペロン伯爵	1
大使たち	大使たち	1
B：妖精たち	妖精たち	1
E：予言の子？	予言の子？	1
アルトリア＆妖精騎士トリスタン	アルトリア＆妖精騎士トリスタン	1
F：ウェールズの妖精Ａ	ウェールズの妖精Ａ	1
J：ウェールズの妖精Ｂ	ウェールズの妖精Ｂ	1
G：ウェールズの妖精	ウェールズの妖精	1
謎の兵士たち	謎の兵士たち	1
アルトリア＆千子村正＆ダ・ヴィンチ＆[%1]	アルトリア＆千子村正＆ダ・ヴィンチ＆[%1]	1
靴屋の妖精	靴屋の妖精	1
円卓軍の兵士Ａ	円卓軍の兵士Ａ	1
ウッドワス軍・士官	ウッドワス軍・士官	1
チョコ畑のモース	チョコ畑のモース	1
人間の大工	人間の大工	1
A：妖精たち	妖精たち	1
訓練中の兵士	訓練中の兵士	1
G：ロンディニウムの住人	ロンディニウムの住人	1
Q：[FFFFFF]ロンディニウムの住人[-]	ロンディニウムの住人	1
A：グロスターの下級妖精たち	グロスターの下級妖精たち	1
パリピ妖精	パリピ妖精	1
K：メリュジーヌ	メリュジーヌ	1
少年少女	少年少女	1
氏族の兵士たち	氏族の兵士たち	1
イマジナリーフォウくん	イマジナリーフォウくん	1
作られるべきではなかった	作られるべきではなかった	1
F：うま	うま	1
D：[FFFFFF]上級妖精たち[-]	上級妖精たち	1
J：アルトリア	アルトリア	1
F：メリュジーヌ	メリュジーヌ	1
騎士Ｂ	騎士Ｂ	1
騎士たちの話	騎士たちの話	1
C：反乱軍の兵士Ｂ	反乱軍の兵士Ｂ	1
反乱軍の兵士Ａ	反乱軍の兵士Ａ	1
反乱軍の兵士Ｂ	反乱軍の兵士Ｂ	1
見張りの妖精たち	見張りの妖精たち	1
妖精たちの声	妖精たちの声	1
若い牙の氏族Ａ	若い牙の氏族Ａ	1
若い牙の氏族Ｂ	若い牙の氏族Ｂ	1
G：ネモ・マリーン（観測手）	ネモ・マリーン（観測手）	1
少年時代のパーシヴァル	少年時代のパーシヴァル	1
C：村の妖精	村の妖精	1
D：村の妖精	村の妖精	1
ウェールズの妖精Ａ	ウェールズの妖精Ａ	1
ウェールズの妖精Ｂ	ウェールズの妖精Ｂ	1
B：オベロン・ヴォーティガーン	オベロン・ヴォーティガーン	1
B：ネモ・マリーン（操縦補佐）	ネモ・マリーン（操縦補佐）	1
R：近衛騎士	近衛騎士	1
杖をついた少年	杖をついた少年	1
K：クラス・ランサー	クラス・ランサー	1
H：ヴラド三世	ヴラド三世	1
ホームズ＆ダ・ヴィンチ	ホームズ＆ダ・ヴィンチ	1
J：クラス・セイバー	クラス・セイバー	1
D：秘書官	秘書官	1
E：カール大帝（？）	カール大帝（？）	1
O：クラス・セイバー	クラス・セイバー	1
B：お二人とも	お二人とも	1
アストルフォ＆ローラン	アストルフォ＆ローラン	1
二人=spot[H,I]	二人	1
N：クラス・セイバー	クラス・セイバー	1
D：カルデアの者	カルデアの者	1
闘士ディノス	闘士ディノス	1
H：デイノニクス11兄弟	デイノニクス11兄弟	1
ネモ・ナース＆ネモ・プロフェッサー	ネモ・ナース＆ネモ・プロフェッサー	1
R：テペウ	テペウ	1
デイノニクス11兄弟たち=spot[C,D]	デイノニクス11兄弟たち	1
デイノニクス11兄弟たち	デイノニクス11兄弟たち	1
マシュ＆Ｕ－オルガマリー	マシュ＆Ｕ－オルガマリー	1
Y：テペウ	テペウ	1
神父服の男	神父服の男	1
E：紅閻魔・オルタ	紅閻魔・オルタ	1
H：オセロトル	オセロトル	1
A：クアウトリ	クアウトリ	1
誇りに満ちた声	誇りに満ちた声	1
集まっているディノスたち	集まっているディノスたち	1
冥界の番人	冥界の番人	1
K：キングプロテア・オルタ	キングプロテア・オルタ	1
ダ・ヴィンチ=spot[A,J]	ダ・ヴィンチ	1
B：デイノニクス11兄弟	デイノニクス11兄弟	1
ダ・ヴィンチ＆マシュ＆ハベトロット	ダ・ヴィンチ＆マシュ＆ハベトロット	1
歓喜するディノスたち	歓喜するディノスたち	1
祭壇にひとり立たされているニトクリス	祭壇にひとり立たされているニトクリス	1
F：通りすがりのディノスたち	通りすがりのディノスたち	1
通りすがりのディノスたち	通りすがりのディノスたち	1
デイノニクス11兄弟・五男	デイノニクス11兄弟・五男	1
ニトクリス＆ククルカン	ニトクリス＆ククルカン	1
テペウ＆ダ・ヴィンチ	テペウ＆ダ・ヴィンチ	1
マシュ＆ニトクリス	マシュ＆ニトクリス	1
G：ドゥムジ	ドゥムジ	1
H：ニンキガル	ニンキガル	1
G：クアウトリ	クアウトリ	1
G：ククルカン	ククルカン	1
マシュ＆ニトクリス＆テペウ	マシュ＆ニトクリス＆テペウ	1
リベンジを誓う声	リベンジを誓う声	1
R：カドック=spot[J,R]	カドック	1
マシュ＆オルガ	マシュ＆オルガ	1
C：オセロトル	オセロトル	1
J：デイノニクス11兄弟	デイノニクス11兄弟	1
K：デイノニクス11兄弟	デイノニクス11兄弟	1
デイノニクス11兄弟=spot[B,C]	デイノニクス11兄弟	1
D：護衛のオセロトル	護衛のオセロトル	1
ダ・ヴィンチ＆ニトクリス	ダ・ヴィンチ＆ニトクリス	1
ワクチャン＆テペウ	ワクチャン＆テペウ	1
テペウ＆ワクチャン=spot[D,B]	テペウ＆ワクチャン	1
マシュ＆ハベトロット＆ニトクリス	マシュ＆ハベトロット＆ニトクリス	1
ダ・ヴィンチ＆テペウ	ダ・ヴィンチ＆テペウ	1
颯爽登場	颯爽登場	1
ゴルドルフ＆ムニエル	ゴルドルフ＆ムニエル	1
[51ffff]カドック[-]	カドック	1
貧乏くじのふたり	貧乏くじのふたり	1
幼なじみっぽいディノス	幼なじみっぽいディノス	1
黒いなにか	黒いなにか	1
J：テノチティトラン	テノチティトラン	1
淋しそうなディノス	淋しそうなディノス	1
やるせないディノス	やるせないディノス	1
C：淋しそうだったディノス	淋しそうだったディノス	1
D：やるせなかったディノス	やるせなかったディノス	1
神官ヴクブ＆コヤンスカヤ	神官ヴクブ＆コヤンスカヤ	1
銃器をいじるディノスＢ	銃器をいじるディノスＢ	1
C：ロケットランチャーをいじるディノスＡ	ロケットランチャーをいじるディノスＡ	1
K：テペウ	テペウ	1
I：■ラ■ック	■ラ■ック	1
E：デイビット	デイビット	1
J：ラニ＝Ｒ	ラニ＝Ｒ	1
ラニ＝Ｒたち	ラニ＝Ｒたち	1
D：ラニ＝Ｒ	ラニ＝Ｒ	1
E：ラニ＝Ｒ	ラニ＝Ｒ	1
C：ラニ＝Ｒ	ラニ＝Ｒ	1
J：移送部ＡＩ	移送部ＡＩ	1
ラニ＝Ｄ=spot[B,H]	ラニ＝Ｄ	1
A：近付いてくるアーユスの声	近付いてくるアーユスの声	1
ラニ＝Ｇ	ラニ＝Ｇ	1
N：ラニ＝Ｔ	ラニ＝Ｔ	1
B：ライノール	ライノール	1
E：高長恭	高長恭	1
D：構築部ＡＩ（ラニ＝Ｂ）	構築部ＡＩ（ラニ＝Ｂ）	1
G：ラニ＝Ｇ	ラニ＝Ｇ	1
H：ラニ＝Ｇ	ラニ＝Ｇ	1
D：ラニ＝Ｇ	ラニ＝Ｇ	1
E：ラニ＝Ｇ	ラニ＝Ｇ	1
F：ラニ＝Ｇ	ラニ＝Ｇ	1
L：ライノール	ライノール	1
H：ラニ＝Ｔ	ラニ＝Ｔ	1
J：ラニ＝Ｔ=spot[J]	ラニ＝Ｔ	1
I：ラニ＝Ｔ=spot[I]	ラニ＝Ｔ	1
I：ラニ＝Ｔ	ラニ＝Ｔ	1
C：ラニ＝Ｔ	ラニ＝Ｔ	1
ラニ＝Ｋ=spot[B,C,D]	ラニ＝Ｋ	1
ラニ＝Ｋ=spot[B]	ラニ＝Ｋ	1
ラニ＝Ｋ=spot[C,D]	ラニ＝Ｋ	1
E：ドゥルガー	ドゥルガー	1
A：ラニ＝Ｒ	ラニ＝Ｒ	1
W：ドゥリーヨダナ	ドゥリーヨダナ	1
A：ジャンヌ・オルタ？	ジャンヌ・オルタ？	1
C：ラニ＝Ｂ	ラニ＝Ｂ	1
B：ラニ＝Ｂ	ラニ＝Ｂ	1
R：ジャンヌ・オルタ	ジャンヌ・オルタ	1
H：天塚先輩	天塚先輩	1
A：女子生徒たち	女子生徒たち	1
L：ハサン	ハサン	1
Q：耀星のハサン	耀星のハサン	1
キリエの声	キリエの声	1
H：平景清	平景清	1
S：クラスメイト男子Ａ	クラスメイト男子Ａ	1
T：クラスメイト男子Ｂ	クラスメイト男子Ｂ	1
S：クラスメイト女子Ａ	クラスメイト女子Ａ	1
T：クラスメイト女子Ｂ	クラスメイト女子Ｂ	1
E：マリー	マリー	1
E：ハサンの声	ハサンの声	1
サリエリ=spot[C,E]	サリエリ	1
J：死霊騎士	死霊騎士	1
K：死霊騎士	死霊騎士	1
[image berserker_language_2]	[image berserker_language_2]	1
I：死霊騎士	死霊騎士	1
B：折田さん？	折田さん？	1
A：サリエリ	サリエリ	1
A：姫子	姫子	1
H：牛若？	牛若？	1
B：従者の女	従者の女	1
A：生徒たち	生徒たち	1
B：ハサンの声	ハサンの声	1
K：ニトクリス・オルタ	ニトクリス・オルタ	1
I：サリエリ	サリエリ	1
K：カリオストロ	カリオストロ	1
女子生徒たち	女子生徒たち	1
姫子=spot[C,E,F]	姫子	1
A：ハサンの声	ハサンの声	1
F：叔母	叔母	1
T：カリオストロ・ヘッド	カリオストロ・ヘッド	1
I：ジャンヌ・オルタ	ジャンヌ・オルタ	1
J：サリエリ	サリエリ	1
K：平景清	平景清	1
I：鬼一法眼	鬼一法眼	1
ご機嫌なムーン・ドバイ市民たち=spot[G,H,I,J]	ご機嫌なムーン・ドバイ市民たち	1
一同=spot[D,L,C,N,O,B,M,K]	一同	1
候補者たち	候補者たち	1
屈強なムーン・ドバイ市民たち=spot[E,F]	屈強なムーン・ドバイ市民たち	1
C：監視機械Ｂ	監視機械Ｂ	1
F：監視機械Ｃ	監視機械Ｃ	1
C：監視機械Ｄ	監視機械Ｄ	1
J：ベン	ベン	1
C：マシュ＆バーソロミュー	マシュ＆バーソロミュー	1
M：パッションリップ	パッションリップ	1
D：自由を選んだＡＩたち	自由を選んだＡＩたち	1
F：自由を選んだＡＩたち	自由を選んだＡＩたち	1
E：自由を選んだＡＩたち	自由を選んだＡＩたち	1
G：自由を選んだＡＩたち	自由を選んだＡＩたち	1
自由を選んだＡＩたち	自由を選んだＡＩたち	1
ラフライダー	ラフライダー	1
K：帝王パーシマ	帝王パーシマ	1
ムーン・アーチャーⅠ	ムーン・アーチャーⅠ	1
月笑騎士団・過激派たち=spot[F,G,H]	月笑騎士団・過激派たち	1
バーソロミュー=spot[B,C]	バーソロミュー	1
キングプロテア=spot[A,C]	キングプロテア	1
G：パッションリップ=spot[G,C]	パッションリップ	1
H：キングプロテア=spot[G,H]	キングプロテア	1
パッションリップ=spot[B,H]	パッションリップ	1
J：アンソニー=spot[E,J]	アンソニー	1
J：アンソニー	アンソニー	1
アンソニー=spot[D,J]	アンソニー	1
D：警官たち	警官たち	1
G：警官たち	警官たち	1
H：警官たち	警官たち	1
警官たち	警官たち	1
Q：機械化兵団	機械化兵団	1
P：機械化兵団	機械化兵団	1
O：機械化兵団	機械化兵団	1
機械化兵団・親衛隊	機械化兵団・親衛隊	1
C：ケーキ・ガーディアン	ケーキ・ガーディアン	1
B：ボリヤー	ボリヤー	1
O：アンキ・エレシュキガル	アンキ・エレシュキガル	1
岸波白野＆ＢＢコスモ	岸波白野＆ＢＢコスモ	1
マシュ＆ＢＢコスモ	マシュ＆ＢＢコスモ	1
C：白い礼服の少女	白い礼服の少女	1
Q：オールド・ドバイの市民たち	オールド・ドバイの市民たち	1
O：オールド・ドバイの市民たち	オールド・ドバイの市民たち	1
F：殺生院キアラ	殺生院キアラ	1
L：岸波白野	岸波白野	1
R：エジソン・オルタ	エジソン・オルタ	1
H：機械化兵	機械化兵	1
A：スペース・エレシュキガル	スペース・エレシュキガル	1
シエル＆岸波白野=spot[B,C]	シエル＆岸波白野	1
S：マシュ	マシュ	1
Z：アイリーン	アイリーン	1
仮想ジャンヌ	仮想ジャンヌ	1
T：カルナ	カルナ	1
二人=spot[E,B]	二人	1
スタルジオ＆セリエナ	スタルジオ＆セリエナ	1
Z：天草四郎	天草四郎	1
プルート	プルート	1
G：岸波白野	岸波白野	1
H：展望台アナウンス	展望台アナウンス	1
ムーン・ドバイ市民たち	ムーン・ドバイ市民たち	1
M：カレン	カレン	1
G：罪人	罪人	1
ハヤ・ラア	ハヤ・ラア	1
X：立て札	立て札	1
罪兵士たち=spot[G,H,I]	罪兵士たち	1
I：メタトロン・ジャンヌ	メタトロン・ジャンヌ	1
S：アストライア	アストライア	1
R：マルタ	マルタ	1
マルタ＆アストライア	マルタ＆アストライア	1
K：ダンテ	ダンテ	1
L：リリス	リリス	1
スタルジオ＆セリエナ=spot[C,D]	スタルジオ＆セリエナ	1
二人=spot[C,D]	二人	1
N：カドック	カドック	1
Q：マシュ=spot[Q,S]	マシュ	1
R：カドック=spot[R,S]	カドック	1
R：カドック=spot[R,G,H]	カドック	1
R：カドック=spot[R,G]	カドック	1
R：カドック=spot[R,T]	カドック	1
カドック=spot[R,H]	カドック	1
Q：マシュ=spot[Q,H]	マシュ	1
H：ダンテ（想像）	ダンテ（想像）	1
三人=spot[C,B,G]	三人	1
D：リリス	リリス	1
F：天使	天使	1
地獄の小鬼	地獄の小鬼	1
Ｍ＆Ｄ	Ｍ＆Ｄ	1
S：ダンテ	ダンテ	1
D：ハベトロット	ハベトロット	1
天使=spot[G,H,I]	天使	1
メタトロン・ジャンヌ（怠惰）	メタトロン・ジャンヌ（怠惰）	1
Q：カエサル	カエサル	1
S：モリアーティ	モリアーティ	1
R：ダンテ	ダンテ	1
H：ハベトロット	ハベトロット	1
J：エウリュアレ	エウリュアレ	1
モリアーティ＆言峰綺礼=spot[F,B]	モリアーティ＆言峰綺礼	1
モリアーティ＆ダンテ=spot[D,B]	モリアーティ＆ダンテ	1
D：裁判長	裁判長	1
C：裁判長	裁判長	1
T：アショカ王	アショカ王	1
O：裁判長	裁判長	1
Q：裁判長	裁判長	1
I：ダンテ	ダンテ	1
ダ・ヴィンチ＆ゴルドルフ=spot[A,B]	ダ・ヴィンチ＆ゴルドルフ	1
O：カドック	カドック	1
二人=spot[B,C]	二人	1
D：ギャラハッド	ギャラハッド	1
N：ネモ・マリーンＢ	ネモ・マリーンＢ	1
X：ムニエル	ムニエル	1
スルーズ＆ヒルド	スルーズ＆ヒルド	1
ミノタウロス=spot[I]	ミノタウロス	1
B：イアソン=spot[Q,F]	イアソン	1
B：イアソン=spot[Q,E]	イアソン	1
B：イアソン=spot[Q,K]	イアソン	1
B：イアソン=spot[Q,G,H]	イアソン	1
B：イアソン=spot[Q,J]	イアソン	1
B：イアソン=spot[Q]	イアソン	1
B：イアソン=spot[Q,L]	イアソン	1
イアソン=spot[Q]	イアソン	1
I：ロムルス・クィリヌス	ロムルス・クィリヌス	1
C：ジャガーの戦士たち	ジャガーの戦士たち	1
E：ジャガーの戦士たち	ジャガーの戦士たち	1
D：ジャガーの戦士たち	ジャガーの戦士たち	1
F：ジャガーの戦士たち	ジャガーの戦士たち	1
G：ジャガーの戦士たち	ジャガーの戦士たち	1
H：ジャガーの戦士たち	ジャガーの戦士たち	1
P：ケツァル・コアトル	ケツァル・コアトル	1
戦神二柱	戦神二柱	1
I：フォウ	フォウ	1
プティエール	プティエール	1
ジュネス＆Ｘ・オルタ=spot[K,M]	ジュネス＆Ｘ・オルタ	1
八房	八房	1
孔明	孔明	1
陳宮＆赤兎＆スパルタクス	陳宮＆赤兎＆スパルタクス	1
N：モルガン	モルガン	1
C：デイビット	デイビット	1
F：ジャガーマン	ジャガーマン	1
太陽の女神	太陽の女神	1
N：マリー	マリー	1
O：高杉晋作	高杉晋作	1
E：河上彦斎	河上彦斎	1
F：水着ノッブ	水着ノッブ	1
G：オキタ・Ｊ・ソウジ	オキタ・Ｊ・ソウジ	1
N：岸波白野	岸波白野	1
アース＆スター	アース＆スター	1
[%1]＆マシュ	[%1]＆マシュ	1
D：トマリン=spot[D]	トマリン	1
オルガマリー=spot[A,J]	オルガマリー	1
A：オルガマリー=spot[A,J]	オルガマリー	1
A：オルガマリー=spot[A,K]	オルガマリー	1
G：ムニエル=spot[G,L,M]	ムニエル	1
A：オルガマリー=spot[A,L,M]	オルガマリー	1
オルガマリー=spot[A,N]	オルガマリー	1
G：ムニエル=spot[G,N]	ムニエル	1
ヴリトラ＆カーマ=spot[K,J]	ヴリトラ＆カーマ	1
N：虞美人	虞美人	1
マシュ=spot[L,M]	マシュ	1
Z：ムニエル	ムニエル	1
F：ムニエル	ムニエル	1
二人=spot[I,J]	二人	1
コンたち=spot[A,B,C]	コンたち	1
息子たち=spot[K,L,M,N]	息子たち	1
D：牛若丸	牛若丸	1
巴御前=spot[H]	巴御前	1
J：アズライール	アズライール	1
K：二人	二人	1
C：ギルガメッシュ	ギルガメッシュ	1
A：紫式部（何も知らない香子さん）	紫式部（何も知らない香子さん）	1
オルガマリー＆Dr.ロマン	オルガマリー＆Dr.ロマン	1
全員=spot[D,E,F,G,H,I,J,M]	全員	1
H：スタッフ	スタッフ	1
G：カワタ	カワタ	1
E：ジェロニモ	ジェロニモ	1
ゴーレム	ゴーレム	1
兵士A	兵士A	1
兵士B	兵士B	1
魚？	魚？	1
B：ベディヴィエール	ベディヴィエール	1
ちょっかいかけたのを怒っている二人	ちょっかいかけたのを怒っている二人	1
マルタ＆ジーク	マルタ＆ジーク	1
ナーサリー＆バニヤン	ナーサリー＆バニヤン	1
F：[FFFFFF]？？？	？？？	1
徴弐=spot[A,F]	徴弐	1
C：突然の清姫	突然の清姫	1
パールヴァティーたち	パールヴァティーたち	1
コンたち=spot[H,I,J,K]	コンたち	1
徴弐=spot[C,I]	徴弐	1
太歳星君=spot[D,E]	太歳星君	1
F：ヘシアン・ロボ	ヘシアン・ロボ	1
アグラヴェイン？	アグラヴェイン？	1
ジャックとリリィ	ジャックとリリィ	1
K：イアソン	イアソン	1
イリヤ＆マシュ	イリヤ＆マシュ	1
ナーサリー・ライム＆ジャック	ナーサリー・ライム＆ジャック	1
杉谷善住坊=spot[C,D]	杉谷善住坊	1
A：ガネー■ャ	ガネー■ャ	1
A：ガネー■■	ガネー■■	1
A：ガ■ー■■	ガ■ー■■	1
A：■■ー■■	■■ー■■	1
M：カルナ	カルナ	1
L：ジナコ	ジナコ	1
O：メイヴ	メイヴ	1
E：杉谷善住坊	杉谷善住坊	1
D：ゼノビア	ゼノビア	1
H：ゼノビア	ゼノビア	1
ボイジャー＆マシュ	ボイジャー＆マシュ	1
I：花魁付きの禿？	花魁付きの禿？	1
E：陽炎太夫？	陽炎太夫？	1
F：ビリー	ビリー	1
L：マンドリカルド？	マンドリカルド？	1
J：スカサハ＝スカディ	スカサハ＝スカディ	1
W：バニヤン	バニヤン	1
O：パールヴァティー	パールヴァティー	1
大黒天=spot[C,D,E,F]	大黒天	1
ジェロニモ＆哪吒	ジェロニモ＆哪吒	1
ウィレム	ウィレム	1
魔像	魔像	1
少女？	少女？	1
かつて人であったモノ	かつて人であったモノ	1
エルキドゥ＆モードレッド	エルキドゥ＆モードレッド	1
1010010111010101■■	1010010111010101■■	1
亡者	亡者	1
葛飾北斎＆ゴッホ＆マルタ	葛飾北斎＆ゴッホ＆マルタ	1
カルナ＆ラーマ	カルナ＆ラーマ	1
ギルガメッシュ＆オジマンディアス	ギルガメッシュ＆オジマンディアス	1
二人の神祖	二人の神祖	1
子供たち？	子供たち？	1
V：一同	一同	1
絵描き海賊	絵描き海賊	1
海賊スタッフ	海賊スタッフ	1
A：ニトクリス	ニトクリス	1
敵海賊	敵海賊	1
C：右から左へ抜けている紫式部	右から左へ抜けている紫式部	1
B：ラムレイ	ラムレイ	1
B：ライネス	ライネス	1
悪霊	悪霊	1
皇帝	皇帝	1
D：コンスタンティノス	コンスタンティノス	1
E：渡辺綱	渡辺綱	1
コンスタンティノス=spot[D,C]	コンスタンティノス	1
A：ニキチッチ	ニキチッチ	1
F：市民	市民	1
G：子供	子供	1
オデュッセウス？	オデュッセウス？	1
B：メディア	メディア	1
ジャンヌ＆アストルフォ	ジャンヌ＆アストルフォ	1
デーモン	デーモン	1
ジャック＆九紋竜エリザ＆茨木童子	ジャック＆九紋竜エリザ＆茨木童子	1
C：村の子供	村の子供	1
紳士合体プリズマ☆ジェントル	紳士合体プリズマ☆ジェントル	1
B：ロボ	ロボ	1
Q：ゴルドルフ	ゴルドルフ	1
L：クー・フーリン・オルタ	クー・フーリン・オルタ	1
ジャック（？）	ジャック（？）	1
迅速のマクール	迅速のマクール	1
貴族	貴族	1
無名の人間たち	無名の人間たち	1
カエサリオンの声	カエサリオンの声	1
E：清姫（伏兵）	清姫（伏兵）	1
いろんなセイバー	いろんなセイバー	1
E：盗賊	盗賊	1
低血圧くノ一	低血圧くノ一	1
謎の象	謎の象	1
証言者Ｄ	証言者Ｄ	1
モブ男たち	モブ男たち	1
F：モブ男	モブ男	1
モードレッド＆哪吒＆マシュ	モードレッド＆哪吒＆マシュ	1
荊軻＆赤兎＆スパルタクス	荊軻＆赤兎＆スパルタクス	1
ドラゴン	ドラゴン	1
魔物の影	魔物の影	1
紳士	紳士	1
D：亡霊	亡霊	1
E：亡霊	亡霊	1
C：アマゾネス	アマゾネス	1
D：アマゾネス	アマゾネス	1
J：アルジュナ・オルタ	アルジュナ・オルタ	1
漂流者	漂流者	1
H：Ｘ（凍結中）	Ｘ（凍結中）	1
N：エレナ	エレナ	1
B：イシュタル（回想）	イシュタル（回想）	1
A：検事	検事	1
F：画面端の怪紳士	画面端の怪紳士	1
アーチャー＆セイバー	アーチャー＆セイバー	1
魔人アーチャー？	魔人アーチャー？	1
悪い＆良いノッブ	悪い＆良いノッブ	1
ピエールＡ～Ｇ	ピエールＡ～Ｇ	1
サンタオルタ／ジャンヌオルタ	サンタオルタ／ジャンヌオルタ	1
E：ジル	ジル	1
海賊達	海賊達	1
不明の亡霊	不明の亡霊	1
マシュ・Dr.ロマン	マシュ・Dr.ロマン	1
F：セイバー	セイバー	1
G：キャスター	キャスター	1
立て看板	立て看板	1
マリー＆玉藻の前	マリー＆玉藻の前	1
玉藻の前＆マルタ	玉藻の前＆マルタ	1
巨大魔猪	巨大魔猪	1
G：アン？	アン？	1
H：メアリー？	メアリー？	1
A：うりぼう	うりぼう	1
E：イリヤ	イリヤ	1
F：二度燃えるイアソンくん	二度燃えるイアソンくん	1
黒髭＆ファントム	黒髭＆ファントム	1
B：クー・フーリン	クー・フーリン	1
C：クー・フーリン	クー・フーリン	1
エコー	エコー	1
A：？？？／イリヤ	？？？／イリヤ	1
G：タラスク	タラスク	1
ノブ戦車	ノブ戦車	1
ちびノブ＆でかノブ	ちびノブ＆でかノブ	1
西郷エジモリ＆桂テスラ	西郷エジモリ＆桂テスラ	1
B：紳士（と獅子）	紳士（と獅子）	1
A：獅子（と紳士）	獅子（と紳士）	1
紳士と獅子とマシュ	紳士と獅子とマシュ	1
エジソン＆ニコラ	エジソン＆ニコラ	1
エジソン・テスラ	エジソン・テスラ	1
水着ノッブ＆謎のレーサーＸ	水着ノッブ＆謎のレーサーＸ	1
バベッジ＆プロフェッサーＭ	バベッジ＆プロフェッサーＭ	1
アルテミスＣ	アルテミスＣ	1
A：アルテミスＤ	アルテミスＤ	1
C：アルテミスＥ	アルテミスＥ	1
オリオン達	オリオン達	1
アルテミス達	アルテミス達	1
A：京極	京極	1
エレナ＆エジソン＆テスラ	エレナ＆エジソン＆テスラ	1
エジソン＆ニコラ・テスラ	エジソン＆ニコラ・テスラ	1
モヒカン男	モヒカン男	1
バベッジ＆エジソン＆テスラ	バベッジ＆エジソン＆テスラ	1
オリオンＤ	オリオンＤ	1
織田信長・ネロ	織田信長・ネロ	1
A：メイヴ	メイヴ	1
C：謎のヒロインＸ	謎のヒロインＸ	1
E：群衆	群衆	1
E：カエサリオンの声	カエサリオンの声	1
パールヴァティ	パールヴァティ	1
[FFFFFF]D：？？？[-]	？？？	1
A：荒くれ者	荒くれ者	1
[FFFFFF]B：荒くれ者[-]	荒くれ者	1
マシュ＆フォウ	マシュ＆フォウ	1
羊たち	羊たち	1
ただのイシュタルさん	ただのイシュタルさん	1
冥界の門	冥界の門	1
歌川広重＆お栄	歌川広重＆お栄	1
F：北斎の門人	北斎の門人	1
B：町同心	町同心	1
C：節分大将	節分大将	1
C：ライヘンバッハのルーラー	ライヘンバッハのルーラー	1
巨大な狼ＷｉｔｈＨ	巨大な狼ＷｉｔｈＨ	1
頼光の愛馬・京極	頼光の愛馬・京極	1
三蔵の愛馬・白竜	三蔵の愛馬・白竜	1
王の愛馬ドゥン・スタリオン	王の愛馬ドゥン・スタリオン	1
王の愛馬ラムレイ	王の愛馬ラムレイ	1
C：ドゥン・スタリオン	ドゥン・スタリオン	1
B：メアリー	メアリー	1
源頼光の声	源頼光の声	1
酒呑？	酒呑？	1
E：用心棒	用心棒	1
チョコ聖杯くん	チョコ聖杯くん	1
湯煙のパパ	湯煙のパパ	1
ベディヴィエール＆ディルムッド	ベディヴィエール＆ディルムッド	1
カエサルの声	カエサルの声	1
カエサルの遠い声	カエサルの遠い声	1
クレオパトラの遠い声	クレオパトラの遠い声	1
セミラミス？	セミラミス？	1
セミラミス？？	セミラミス？？	1
H：アタランテ	アタランテ	1
伍＆クリス	伍＆クリス	1
エヴァ＆ケイン	エヴァ＆ケイン	1
ジュリエット＆エヴァ＆ドロシー	ジュリエット＆エヴァ＆ドロシー	1
アダムスカ＆アーロン	アダムスカ＆アーロン	1
D：ジーク	ジーク	1
G：英霊兵	英霊兵	1
スーパーメカノッブマークⅡ	スーパーメカノッブマークⅡ	1
A：沖田ちゃん	沖田ちゃん	1
C：ちびノブ	ちびノブ	1
ダブル沖田	ダブル沖田	1
鶏	鶏	1
信長＆龍馬	信長＆龍馬	1
B：龍馬	龍馬	1
E：南光坊天海	南光坊天海	1
織田信勝？	織田信勝？	1
E：信長	信長	1
A：魔・沖田総司	魔・沖田総司	1
牛若丸＆メイヴ	牛若丸＆メイヴ	1
D：ノッブ	ノッブ	1
B：アヴェンジャー・淀	アヴェンジャー・淀	1
H：ニトクリス	ニトクリス	1
マシンボア	マシンボア	1
[servantName 503000:語り部のキャスター:シェヘラザード]	シェヘラザード	1
E：全員	全員	1
F：ロビンフッド	ロビンフッド	1
G：メイヴ	メイヴ	1
男Ｃ	男Ｃ	1
E：男Ａ	男Ａ	1
F：男Ｂ	男Ｂ	1
G：男Ｃ	男Ｃ	1
H：男Ｄ	男Ｄ	1
H：観客	観客	1
牛若丸＆茨木童子＆ジャンヌ・オルタ	牛若丸＆茨木童子＆ジャンヌ・オルタ	1
G：茨木童子	茨木童子	1
A：マルタ	マルタ	1
E：いつのまにかいるオリべえ	いつのまにかいるオリべえ	1
H：ナーサリー・ライム	ナーサリー・ライム	1
F：水着のサーヴァント	水着のサーヴァント	1
F：トリスタン（解説）	トリスタン（解説）	1
D：謎の小動物	謎の小動物	1
C：[servantName 602900:アサシン・パライソ:望月千代女]	望月千代女	1
千歳市民の子供たち	千歳市民の子供たち	1
黒髭と眼鏡	黒髭と眼鏡	1
H：男の声１	男の声１	1
鬼と髭	鬼と髭	1
D：鬼王朱裸	鬼王朱裸	1
屠るヤシガニ	屠るヤシガニ	1
C：護法少女	護法少女	1
カリブ海代表	カリブ海代表	1
ケルト代表	ケルト代表	1
G：配信視聴中の観客Ａ	配信視聴中の観客Ａ	1
G：配信視聴中の観客Ｂ	配信視聴中の観客Ｂ	1
良い子たち	良い子たち	1
E：カーミラ？	カーミラ？	1
ヒポグリフ	ヒポグリフ	1
大剣を背負った雀	大剣を背負った雀	1
大弓を背負った雀	大弓を背負った雀	1
盾槍を背負った雀	盾槍を背負った雀	1
受付を背負った雀	受付を背負った雀	1
B：雀	雀	1
清姫＆巴御前	清姫＆巴御前	1
雀（泰山）	雀（泰山）	1
雀（平等）	雀（平等）	1
雀（初江）	雀（初江）	1
雀（都市）	雀（都市）	1
蛇庄屋＆虎名主	蛇庄屋＆虎名主	1
D：紅閻魔	紅閻魔	1
いじわるなおばあさん	いじわるなおばあさん	1
G：雀	雀	1
アン＆メアリー＆トリスタン	アン＆メアリー＆トリスタン	1
魔猿たち	魔猿たち	1
独裁官と劇作家	独裁官と劇作家	1
C：雀	雀	1
奪衣婆（イメージ）	奪衣婆（イメージ）	1
ゴルドルフ＆ディルムッド	ゴルドルフ＆ディルムッド	1
A：キルケー	キルケー	1
A：オケアノスのキャスター	オケアノスのキャスター	1
ネモ・マリーンＥ	ネモ・マリーンＥ	1
ガラテアチョコ	ガラテアチョコ	1
A：イリヤ（ＩＱ低下中）	イリヤ（ＩＱ低下中）	1
A：イリヤ（＋0.5kg）	イリヤ（＋0.5kg）	1
B：アビゲイル	アビゲイル	1
C：アビゲイル	アビゲイル	1
L：バニヤン	バニヤン	1
E：妖精騎士ランスロット	妖精騎士ランスロット	1
B：モリアーティ	モリアーティ	1
メッセージ	メッセージ	1
I：メドゥーサ	メドゥーサ	1
わるい魔法使い	わるい魔法使い	1
魔獣アワリティア	魔獣アワリティア	1
C：客	客	1
話を聞かない客	話を聞かない客	1
熱くなった客	熱くなった客	1
転売ヤー	転売ヤー	1
A：徐福（無視）	徐福（無視）	1
B：銀河警察	銀河警察	1
B：カレーショップのお姉さん	カレーショップのお姉さん	1
ゴッホ＆ゴッホ＆ゴッホ	ゴッホ＆ゴッホ＆ゴッホ	1
A：ゴッホ	ゴッホ	1
S：ゴッホ	ゴッホ	1
R：鈴鹿御前	鈴鹿御前	1
E：鈴鹿御前〔サマバケ〕	鈴鹿御前〔サマバケ〕	1
たまたま近くを通りがかったフォウ	たまたま近くを通りがかったフォウ	1
D：飛竜	飛竜	1
D：丑御前	丑御前	1
イメージ上の金時	イメージ上の金時	1
C：黒姫=spot[A,C]	黒姫	1
宮本伊織=spot[A,F]	宮本伊織	1
ヤマトタケル=spot[A,F]	ヤマトタケル	1
ヤマトタケル=spot[B,C]	ヤマトタケル	1
宮本伊織=spot[B,C]	宮本伊織	1
C：宮本伊織=spot[C,B]	宮本伊織	1
H：日比乃ひびき	日比乃ひびき	1
インドラかもしれないもの	インドラかもしれないもの	1
インドラっぽいもの	インドラっぽいもの	1
J：エリザ・アルシア	エリザ・アルシア	1
？？？たち	？？？たち	1
３人=spot[F,G,H]	３人	1
F：フォウくんの幻影	フォウくんの幻影	1
V：騎士	騎士	1
P：住民	住民	1
魔術師たち	魔術師たち	1
G：謎の怪異	謎の怪異	1
謎の怪異	謎の怪異	1
ギャングたち	ギャングたち	1
G：女中	女中	1
大奥女中	大奥女中	1
A：徳川ゴルドルフ	徳川ゴルドルフ	1
シェヘラザード＆マタ・ハリ	シェヘラザード＆マタ・ハリ	1
重なり合った囁き声	重なり合った囁き声	1
D：ジャック・ザ・リッパー	ジャック・ザ・リッパー	1
B：ケリィ	ケリィ	1
市民１	市民１	1
市民２	市民２	1
G：ローマ	ローマ	1
F：アントニオ	アントニオ	1
B：リュウ・タン	リュウ・タン	1
C：ダイゾー・オカ	ダイゾー・オカ	1
A：ミゲル・アンヘル・コルテス	ミゲル・アンヘル・コルテス	1
E：アントニオ	アントニオ	1
敵兵	敵兵	1
カルデア家臣団	カルデア家臣団	1
甲斐の兵たち	甲斐の兵たち	1
E：カルデア家足軽	カルデア家足軽	1
F：カルデア家足軽	カルデア家足軽	1
カルデア家足軽	カルデア家足軽	1
浅井家足軽	浅井家足軽	1
H：森長可	森長可	1
かぶきノッブ	かぶきノッブ	1
魔王軍武者	魔王軍武者	1
C：摩玖主のキャスター	摩玖主のキャスター	1
A：魔導僧兵	魔導僧兵	1
C：森長可	森長可	1
民衆	民衆	1
E：帝都市民	帝都市民	1
D：家老マシュ	家老マシュ	1
シロウ	シロウ	1
H：煉獄	煉獄	1
ジャガーマン＆シトナイ	ジャガーマン＆シトナイ	1
北条ランスロットパープル	北条ランスロットパープル	1
北条ベディヴィエールグリーン	北条ベディヴィエールグリーン	1
カジノ客Ａ	カジノ客Ａ	1
カジノ客Ｂ	カジノ客Ｂ	1
カジノ客Ｃ	カジノ客Ｃ	1
葛飾北斎＆目慈恵怒	葛飾北斎＆目慈恵怒	1
D：ジークフリート（鑑賞経験あり）	ジークフリート（鑑賞経験あり）	1
E：マシュ（鑑賞経験あり）	マシュ（鑑賞経験あり）	1
C：宮本伊織（未体験者）	宮本伊織（未体験者）	1
B：黒髭（後方作者面）	黒髭（後方作者面）	1
葛飾北斎＆刑部姫	葛飾北斎＆刑部姫	1
F：客Ａ	客Ａ	1
G：客Ｂ	客Ｂ	1
胴元	胴元	1
A：刑部姫（聞いてない）	刑部姫（聞いてない）	1
J：葛飾北斎	葛飾北斎	1
G：ＳＰ２	ＳＰ２	1
デッドローン・イゾー	デッドローン・イゾー	1
ぐんしん！	ぐんしん！	1
オニムサシ	オニムサシ	1
G：まじんさん	まじんさん	1
ギャング＆武士	ギャング＆武士	1
客ＡtoＺ	客ＡtoＺ	1
F：小次郎	小次郎	1
F：ディーラー	ディーラー	1
女性客Ｃ	女性客Ｃ	1
女性客Ｅ	女性客Ｅ	1
男性客	男性客	1
女性客Ｆ	女性客Ｆ	1
ボディガード	ボディガード	1
水着新選組隊士たち	水着新選組隊士たち	1
F：水着新選組海賊アン	水着新選組海賊アン	1
水着新選組隊長  沖田総司	水着新選組隊長  沖田総司	1
G：Ｘ	Ｘ	1
スペースモッヒーＣ	スペースモッヒーＣ	1
E：金髪のカウガール	金髪のカウガール	1
E：Ｘ	Ｘ	1
できたての料理	できたての料理	1
Ｓイシュタル＆アシュタレト	Ｓイシュタル＆アシュタレト	1
F：スペース丁稚	スペース丁稚	1
C：名門のお嬢様	名門のお嬢様	1
A：謎の暴走剣士	謎の暴走剣士	1
Ｓイシュタル＆Ｘ	Ｓイシュタル＆Ｘ	1
ジェーン＆Ｓイシュタル	ジェーン＆Ｓイシュタル	1
スペース神陰流門下生	スペース神陰流門下生	1
ナイチンゲール・サンタ（アーチャー）	ナイチンゲール・サンタ（アーチャー）	1
アストルフォ（セイバー）	アストルフォ（セイバー）	1
G：ジャガーマン	ジャガーマン	1
アシュタレト親衛隊	アシュタレト親衛隊	1
アマゾネスＥ	アマゾネスＥ	1
お子様組	お子様組	1
保護者組	保護者組	1
奴隷Ａ	奴隷Ａ	1
奴隷Ｂ	奴隷Ｂ	1
奴隷Ｃ	奴隷Ｃ	1
メカエリチャン＆Ⅱ号機	メカエリチャン＆Ⅱ号機	1
アストルフォ＆アキレウス	アストルフォ＆アキレウス	1
F：石像	石像	1
アキレウスの声	アキレウスの声	1
市民Ｅ	市民Ｅ	1
市民Ｆ	市民Ｆ	1
奴隷達	奴隷達	1
市民達	市民達	1
ブラダマンテ＆アストルフォ	ブラダマンテ＆アストルフォ	1
露天商Ａ	露天商Ａ	1
露天商Ｂ	露天商Ｂ	1
露天商Ｃ	露天商Ｃ	1
髭黒（悪魔）	髭黒（悪魔）	1
髭黒（天使）	髭黒（天使）	1
イアソン（０．１秒）	イアソン（０．１秒）	1
イアソン（０．２秒）	イアソン（０．２秒）	1
イアソン（０．３秒）	イアソン（０．３秒）	1
イアソン（０．４秒）	イアソン（０．４秒）	1
イアソン（０．５秒）	イアソン（０．５秒）	1
イアソン（０．６秒）	イアソン（０．６秒）	1
イアソン（０．７秒）	イアソン（０．７秒）	1
イアソン（０．８秒）	イアソン（０．８秒）	1
イアソン＆オリオン	イアソン＆オリオン	1
D：アルテミス	アルテミス	1
《新宿》の住人	《新宿》の住人	1
E：鬼女紅葉	鬼女紅葉	1
G：鬼女紅葉	鬼女紅葉	1
羽織姿の男	羽織姿の男	1
A：知らない女の子？	知らない女の子？	1
A：寝ちゃった女の子	寝ちゃった女の子	1
A：目が覚めた女の子	目が覚めた女の子	1
B：静かな亀	静かな亀	1
笑う亀	笑う亀	1
まじんさん	まじんさん	1
ギルガメッシュＰ	ギルガメッシュＰ	1
D：卑弥呼	卑弥呼	1
埴輪たち	埴輪たち	1
O：岡田以蔵	岡田以蔵	1
C：壱与	壱与	1
[FFFFFF]マリー[-]	マリー	1
C：マリー	マリー	1
D：偽の壱与	偽の壱与	1
B：土田御前	土田御前	1
B：集落の子供	集落の子供	1
C：集落の子供	集落の子供	1
怪しい埴輪	怪しい埴輪	1
L：集落の人	集落の人	1
M：集落の人	集落の人	1
B：森長可	森長可	1
集落の大人	集落の大人	1
お米ゴーレム	お米ゴーレム	1
A：虞美人（遊んでいる）	虞美人（遊んでいる）	1
シグルド＆ブリュンヒルデ	シグルド＆ブリュンヒルデ	1
H：悪夢のウィリアム	悪夢のウィリアム	1
I：悪夢のクリストファー	悪夢のクリストファー	1
I：スルーズ（しっかりもの）	スルーズ（しっかりもの）	1
H：ヒルド（はたらきもの）	ヒルド（はたらきもの）	1
G：オルトリンデ（ちゃっかりもの）	オルトリンデ（ちゃっかりもの）	1
スルーズ＆オルトリンデ	スルーズ＆オルトリンデ	1
L：巴御前	巴御前	1
A：エミヤ（沈痛）	エミヤ（沈痛）	1
F：紫式部（沈痛）	紫式部（沈痛）	1
B：蘭陵王（沈痛）	蘭陵王（沈痛）	1
D：イリヤ（沈痛）	イリヤ（沈痛）	1
虞美人×２	虞美人×２	1
ホテルの客？	ホテルの客？	1
G：虞美人	虞美人	1
F：[FFFFFF]虞美人[-]	虞美人	1
P：シグルド	シグルド	1
F：ブリュンヒルデ	ブリュンヒルデ	1
D：[FFFFFF]虞美人[-]	虞美人	1
D：ナレーション	ナレーション	1
C：虞美人（？）	虞美人（？）	1
C：虞美人（たぶん）	虞美人（たぶん）	1
H：虞美人（かなぁ）	虞美人（かなぁ）	1
C：虞美人（きっとそうだ）	虞美人（きっとそうだ）	1
H：虞美人（だと思うのだけど）	虞美人（だと思うのだけど）	1
C：虞美人（何かおかしい）	虞美人（何かおかしい）	1
H：虞美人（こちらもおかしい）	虞美人（こちらもおかしい）	1
C：[FFFFFF]虞美人[-]	虞美人	1
K：シグルド	シグルド	1
H：魔性の獣	魔性の獣	1
魔性の獣	魔性の獣	1
I：モードレッド（殺気を察知）	モードレッド（殺気を察知）	1
D：ジャンヌ・オルタ（姉気を察知）	ジャンヌ・オルタ（姉気を察知）	1
その他の人々	その他の人々	1
O：ランスロット（夢見てた）	ランスロット（夢見てた）	1
P：ガウェイン（夢見てた）	ガウェイン（夢見てた）	1
K：トリスタン（安らかに死んでいた）	トリスタン（安らかに死んでいた）	1
W：美遊	美遊	1
ネモ全員	ネモ全員	1
ミスター・Ｍ	ミスター・Ｍ	1
楊貴妃＆マシュ＆ネモ＆刑部姫	楊貴妃＆マシュ＆ネモ＆刑部姫	1
マシュ＆ネモ＆楊貴妃	マシュ＆ネモ＆楊貴妃	1
ブリッジメンバーズ	ブリッジメンバーズ	1
I：[FFFFFF]ネモ・マリーン	ネモ・マリーン	1
J：ネモ・マリーン[FFFFFF]	ネモ・マリーン	1
D：[FFFFFF]ネモ・マリーン	ネモ・マリーン	1
F：ネモ・マリーン[FFFFFF]	ネモ・マリーン	1
ラムダ＆頼光	ラムダ＆頼光	1
G：パールヴァティー（幻聴？）	パールヴァティー（幻聴？）	1
マシュ＆ダ・ヴィンチ	マシュ＆ダ・ヴィンチ	1
ヘラクレス？	ヘラクレス？	1
F：全員	全員	1
警備員ＡＢ	警備員ＡＢ	1
屋台の店主	屋台の店主	1
上級ウィッシュメンＡ	上級ウィッシュメンＡ	1
上級ウィッシュメンＢ	上級ウィッシュメンＢ	1
F：店員の声	店員の声	1
G：紫式部	紫式部	1
審査員＆観客	審査員＆観客	1
G：市民[FFFFFF]	市民	1
H：[FFFFFF]市民	市民	1
競馬ゲームの実況音声	競馬ゲームの実況音声	1
アキバガードたち＆ねろボーイズ	アキバガードたち＆ねろボーイズ	1
M：メイド[FFFFFF]	メイド	1
A：[FFFFFF]メイド	メイド	1
F：人形	人形	1
H：機械人形	機械人形	1
L：市民[FFFFFF]	市民	1
M：[FFFFFF]市民	市民	1
店頭モニターからの声	店頭モニターからの声	1
K：客	客	1
J：アキバガード	アキバガード	1
J：アキバガードＢ	アキバガードＢ	1
人々の歓声	人々の歓声	1
ファン一同	ファン一同	1
護衛スタッフＢ	護衛スタッフＢ	1
I：アキバガード兼ねろボーイズ[FFFFFF]	アキバガード兼ねろボーイズ	1
O：[FFFFFF]アキバガード兼ねろボーイズ	アキバガード兼ねろボーイズ	1
O：アキバガード兼ねろボーイズ[FFFFFF]	アキバガード兼ねろボーイズ	1
I：[FFFFFF]アキバガード兼ねろボーイズ	アキバガード兼ねろボーイズ	1
F：アキバガード兼ねろボーイズ[FFFFFF]	アキバガード兼ねろボーイズ	1
見物していた観光客Ａ	見物していた観光客Ａ	1
見物していた観光客Ｂ	見物していた観光客Ｂ	1
買ったばかりの人形	買ったばかりの人形	1
超合金	超合金	1
Ｘ・オルタ＆メイヴ＆タマモキャット	Ｘ・オルタ＆メイヴ＆タマモキャット	1
謎の教授	謎の教授	1
大観衆	大観衆	1
マシュ＆Ｘ・オルタ	マシュ＆Ｘ・オルタ	1
牛若丸＆ジャンヌ	牛若丸＆ジャンヌ	1
牛若丸＆アルテラ	牛若丸＆アルテラ	1
アキレウス（ほぼ無敵）	アキレウス（ほぼ無敵）	1
シャルロット・コルデー（キャスター）	シャルロット・コルデー（キャスター）	1
ジャンヌ＆牛若丸＆アルテラ	ジャンヌ＆牛若丸＆アルテラ	1
イシュタル（妄想）	イシュタル（妄想）	1
量産型コロンブスたち	量産型コロンブスたち	1
H：葛飾北斎	葛飾北斎	1
イシュタル＆カーマ	イシュタル＆カーマ	1
シャルロット・コルデー（隅っこ）	シャルロット・コルデー（隅っこ）	1
D：黒髭（正座中）	黒髭（正座中）	1
謎の怪盗	謎の怪盗	1
黒髭（元船長）	黒髭（元船長）	1
黒髭（二等水兵）	黒髭（二等水兵）	1
量産型コロンブス×３	量産型コロンブス×３	1
カイニス（あ、この肉美味え）	カイニス（あ、この肉美味え）	1
F：アキレウス（イチボ美味い）	アキレウス（イチボ美味い）	1
F：アキレウス（無視）	アキレウス（無視）	1
C：黒髭（２１０ｃｍ）	黒髭（２１０ｃｍ）	1
黒髭（恥ずかしくて振り返らない）	黒髭（恥ずかしくて振り返らない）	1
アキレウス（聞いてない）	アキレウス（聞いてない）	1
清少納言（聞いてない）	清少納言（聞いてない）	1
マンドリカルド（聞いてたが困る）	マンドリカルド（聞いてたが困る）	1
E：本音	本音	1
予告状	予告状	1
黒鍵で縫い止められたカード	黒鍵で縫い止められたカード	1
白虎？	白虎？	1
嵐の凶つ神	嵐の凶つ神	1
織田信長＆沖田総司	織田信長＆沖田総司	1
魔セイバー	魔セイバー	1
A：清少納言（ボンクラＡ）	清少納言（ボンクラＡ）	1
E：黒髭（ボンクラＢ）	黒髭（ボンクラＢ）	1
マンドリカルド（ボンクラＤ）	マンドリカルド（ボンクラＤ）	1
黒髭（巻き込まれ事故）	黒髭（巻き込まれ事故）	1
アキレウス＆マンドリカルド	アキレウス＆マンドリカルド	1
原住ノブ選組	原住ノブ選組	1
二機	二機	1
刑部姫（スイミング目線）	刑部姫（スイミング目線）	1
盗賊団のボス	盗賊団のボス	1
I：メアリー	メアリー	1
J：アン	アン	1
R：茨木童子	茨木童子	1
S：茨木童子	茨木童子	1
[%1]？	[%1]？	1
仮面を被った大きいほう	仮面を被った大きいほう	1
I：荒くれ者	荒くれ者	1
[FFFFFF]J：荒くれ者[-]	荒くれ者	1
A：モードレッド（ヤケッパチ）	モードレッド（ヤケッパチ）	1
B：一同	一同	1
[FFFFFF]K：？？？[-]	？？？	1
茶々＆森長可	茶々＆森長可	1
A：エリザベート（ドヤァ……）	エリザベート（ドヤァ……）	1
深淵の聖母	深淵の聖母	1
A：勤王志士	勤王志士	1
A：森蘭丸	森蘭丸	1
C：謎の人斬り？？？	謎の人斬り？？？	1
[FFFFFF]煉獄[-]	煉獄	1
アラハバキ・弐号機	アラハバキ・弐号機	1
維新博士・李書文	維新博士・李書文	1
A：その他の一同	その他の一同	1
J：[FFFFFF]坂本龍馬[-]	坂本龍馬	1
[FFFFFF]神官[-]	神官	1
J：高千穂の白き大蛇	高千穂の白き大蛇	1
C：ブーディカ	ブーディカ	1
A：サンタマルタ	サンタマルタ	1
会場のみんな	会場のみんな	1
巨人種	巨人種	1
アニマルたち	アニマルたち	1
M：伊吹童子	伊吹童子	1
J：伊吹童子	伊吹童子	1
P：伊吹童子	伊吹童子	1
バゼット＆アストライア＆メドゥーサ	バゼット＆アストライア＆メドゥーサ	1
G：伊吹童子	伊吹童子	1
E：住民Ｂ	住民Ｂ	1
商人の男	商人の男	1
幸運Ａ	幸運Ａ	1
[FFFFFF]幸運Ａ[-]	幸運Ａ	1
幸運Ｅ＆幸運Ｄ	幸運Ｅ＆幸運Ｄ	1
J：アッド	アッド	1
子供Ｃ	子供Ｃ	1
S：子供Ｂ	子供Ｂ	1
T：子供Ｂ	子供Ｂ	1
S：子供Ｃ	子供Ｃ	1
C：[%1]＆アストライア	[%1]＆アストライア	1
T：モードレッド	モードレッド	1
テオブローマン×３	テオブローマン×３	1
スターアロー	スターアロー	1
スターソード	スターソード	1
Ｖ・ＶＲ・ＴＯＭＯＥ	Ｖ・ＶＲ・ＴＯＭＯＥ	1
イアソン・アルゴー	イアソン・アルゴー	1
ヘラクレス・9Ｌ	ヘラクレス・9Ｌ	1
ゲオルグ・ジョージウス鑑識官	ゲオルグ・ジョージウス鑑識官	1
Dr.イビル	Dr.イビル	1
銀河冒険野郎たち	銀河冒険野郎たち	1
N：マナナン	マナナン	1
M：バゼット	バゼット	1
バゼット＆マナナン	バゼット＆マナナン	1
R：アルジュナ・オルタ	アルジュナ・オルタ	1
A：徴側	徴側	1
ヴリトラ（普通に帰ってきた）	ヴリトラ（普通に帰ってきた）	1
M：コン	コン	1
O：ラムダ	ラムダ	1
他の者たち	他の者たち	1
R：モルガン	モルガン	1
水怪たち	水怪たち	1
ライダー？	ライダー？	1
B：ライダー？	ライダー？	1
F：ライダー？	ライダー？	1
愉快なキャスター	愉快なキャスター	1
B：愉快なキャスター	愉快なキャスター	1
マシュ=spot[Q,R]	マシュ	1
D：キャップン	キャップン	1
[#仲間たち:アンプロワイエ]	[#仲間たち:アンプロワイエ]	1
恐るべき神	恐るべき神	1
不運な者たち	不運な者たち	1
[#出演者:キャスト]	[#出演者:キャスト]	1
A：愉快なライダー	愉快なライダー	1
D：アニング	アニング	1
プレシオサウルスくん？	プレシオサウルスくん？	1
ゲロリアン	ゲロリアン	1
[#出演者:ひがいしゃ]	[#出演者:ひがいしゃ]	1
徴弐（夢中）	徴弐（夢中）	1
ＳＯＳ号	ＳＯＳ号	1
E：ＳＯＳ号	ＳＯＳ号	1
E：ローン・イーグル	ローン・イーグル	1
D：キングプレシオサウルスくん	キングプレシオサウルスくん	1
[#町の人々:エ　キ　ス　ト　ラ]	[#町の人々:エ　キ　ス　ト　ラ]	1
J：ブリスケット・ボーイ	ブリスケット・ボーイ	1
I：ピットマスター・パティ	ピットマスター・パティ	1
K：ベイブ・ザ・ブルーオックス	ベイブ・ザ・ブルーオックス	1
[#出　演　者:パーティメンバー]	[#出　演　者:パーティメンバー]	1
G：プレシオサウルスくん	プレシオサウルスくん	1
ニンジャ	ニンジャ	1
大黒天=spot[G,H,I]	大黒天	1
C：スーパーバニヤン	スーパーバニヤン	1
B：スーパーバニヤン	スーパーバニヤン	1
B：バニヤン？	バニヤン？	1
モブＤ？	モブＤ？	1
モブＥ？	モブＥ？	1
モブＧ？	モブＧ？	1
Q：葛飾北斎	葛飾北斎	1
ヘシアン（マント着脱自在）	ヘシアン（マント着脱自在）	1
ヘシアン・ロボ＆バーゲスト	ヘシアン・ロボ＆バーゲスト	1
フォウ（幻覚）	フォウ（幻覚）	1
アレキサンダー＆アルトリア・オルタ＆清少納言	アレキサンダー＆アルトリア・オルタ＆清少納言	1
シノ＆ソウスケ	シノ＆ソウスケ	1
葛飾北斎=spot[C,K]	葛飾北斎	1
D：源為朝	源為朝	1
ソウスケと？	ソウスケと？	1
岡田以蔵＆葛飾北斎=spot[C,D]	岡田以蔵＆葛飾北斎	1
犬士たち=spot[J,K,M,L]	犬士たち	1
S：“礼”の犬士	“礼”の犬士	1
六房	六房	1
S：オペレーター	オペレーター	1
B：オリオン	オリオン	1
ホッキョクグマ（子）	ホッキョクグマ（子）	1
ホッキョクグマ（親）	ホッキョクグマ（親）	1
ハシブトウミガラス	ハシブトウミガラス	1
ハシブトウミガラスの群れ	ハシブトウミガラスの群れ	1
仔犬たち	仔犬たち	1
ネモ・マスター	ネモ・マスター	1
ネモ・スルーズ	ネモ・スルーズ	1
キャスト一同	キャスト一同	1
ロビンフッド（アタランテ？）	ロビンフッド（アタランテ？）	1
ロビンフッド（アタランテ）	ロビンフッド（アタランテ）	1
李書文（ポルクス？）	李書文（ポルクス？）	1
李書文（カストロ？）	李書文（カストロ？）	1
ジャック（アスクレピオス？）	ジャック（アスクレピオス？）	1
ジャック（アスクレピオス）	ジャック（アスクレピオス）	1
キャストたち	キャストたち	1
ボイジャー（イアソン？）	ボイジャー（イアソン？）	1
ケノ＆ソウスケ	ケノ＆ソウスケ	1
ホームズ＆鬼一法眼	ホームズ＆鬼一法眼	1
シオン＆鬼一法眼	シオン＆鬼一法眼	1
燕青＆ガレス=spot[K,B]	燕青＆ガレス	1
C：ればのん	ればのん	1
I：マンボちゃん	マンボちゃん	1
B：ガレぴっぴ	ガレぴっぴ	1
パーシヴァル？	パーシヴァル？	1
E：主任？	主任？	1
D：武則天（呑気）	武則天（呑気）	1
C：スカディ	スカディ	1
巴御前（運営）	巴御前（運営）	1
O：スカサハ＝スカディ	スカサハ＝スカディ	1
親子？	親子？	1
ジャンヌ・オルタ（計算中）	ジャンヌ・オルタ（計算中）	1
P：スカサハ＝スカディ	スカサハ＝スカディ	1
人間族の長	人間族の長	1
巨人族の長	巨人族の長	1
F：武則天	武則天	1
魔人チェーンソーガール	魔人チェーンソーガール	1
イマジナリー・フォウくん	イマジナリー・フォウくん	1
ドッジボールマシーン２号	ドッジボールマシーン２号	1
J：清少納言	清少納言	1
M：ドッジボールマシーン２号	ドッジボールマシーン２号	1
ホッキョクグマＡ	ホッキョクグマＡ	1
ホッキョクグマＢ	ホッキョクグマＢ	1
S：サーヴァントたち	サーヴァントたち	1
G：魔人チェーンソーガール	魔人チェーンソーガール	1
ジャンヌ・オルタ＆葛飾北斎	ジャンヌ・オルタ＆葛飾北斎	1
I：クコチヒコ	クコチヒコ	1
J：石田三成	石田三成	1
蘭丸Ｘみたいな蘭丸	蘭丸Ｘみたいな蘭丸	1
蘭丸Ｘみたいな蘭丸みたいな何か	蘭丸Ｘみたいな蘭丸みたいな何か	1
H：よく見たら蘭丸Ｘでも蘭丸でもない何か	よく見たら蘭丸Ｘでも蘭丸でもない何か	1
J：新選組隊士	新選組隊士	1
獣人店員	獣人店員	1
Q：獣人	獣人	1
邪馬台国人	邪馬台国人	1
I：邪馬台国人	邪馬台国人	1
邪馬台国の亡霊	邪馬台国の亡霊	1
氷の魚	氷の魚	1
J：沖田オルタ	沖田オルタ	1
C：魔王ノッブ	魔王ノッブ	1
利休	利休	1
お拾	お拾	1
E：蘭丸Ｘ	蘭丸Ｘ	1
イリヤ＆クロエ＆美遊	イリヤ＆クロエ＆美遊	1
モードレッド＆カイニス	モードレッド＆カイニス	1
清少納言＆紫式部＆鈴鹿御前	清少納言＆紫式部＆鈴鹿御前	1
おき茶オルタ	おき茶オルタ	1
R：駒姫	駒姫	1
壱与＆山南敬助	壱与＆山南敬助	1
G：駒姫	駒姫	1
M：沖田オルタ	沖田オルタ	1
P：沖田オルタ	沖田オルタ	1
H：盗賊	盗賊	1
F：シュシャ	シュシャ	1
黒い獣人達	黒い獣人達	1
I：盗賊	盗賊	1
J：盗賊	盗賊	1
盗賊ｓ	盗賊ｓ	1
介錯人	介錯人	1
D：お茶のマシュ博士	お茶のマシュ博士	1
二人=spot[B,D]	二人	1
M：官軍	官軍	1
A：アッド	アッド	1
歌人	歌人	1
ドン・キホーテ＆サンチョ	ドン・キホーテ＆サンチョ	1
I：官軍	官軍	1
N：盗賊	盗賊	1
麻婆豆腐	麻婆豆腐	1
黄飛虎（知り合い）	黄飛虎（知り合い）	1
太公望（知り合い）	太公望（知り合い）	1
秦良玉＆太公望	秦良玉＆太公望	1
二人=spot[E,G]	二人	1
A：三師匠	三師匠	1
N：マーリン	マーリン	1
L：太公望	太公望	1
ゴルドルフ（通信）	ゴルドルフ（通信）	1
C：ヨハンナ	ヨハンナ	1
C：ジャンヌ・オルタ・サンタ・リリィ（適応した）	ジャンヌ・オルタ・サンタ・リリィ（適応した）	1
F：セミラミス（工事長）	セミラミス（工事長）	1
L：作業員	作業員	1
E：ヨハンナ	ヨハンナ	1
マルタｓ	マルタｓ	1
G：出雲阿国	出雲阿国	1
D：役人	役人	1
G：吉田総帥	吉田総帥	1
M：高杉晋作	高杉晋作	1
本能寺物産家臣	本能寺物産家臣	1
K：ヘクトール	ヘクトール	1
アタランテ？	アタランテ？	1
ロクスタ=spot[E,C]	ロクスタ	1
F：ゲオルギウス	ゲオルギウス	1
H：ロクスタ	ロクスタ	1
M：セタンタ=spot[M,A]	セタンタ	1
I：暗黒の仔山羊	暗黒の仔山羊	1
ファントム？	ファントム？	1
ジル・ド・レェ？	ジル・ド・レェ？	1
D：スカサハ	スカサハ	1
K：カルナ	カルナ	1
N：カルナ	カルナ	1
O：セタンタ	セタンタ	1
J：バビロン兵	バビロン兵	1
K：モードレッド	モードレッド	1
ドラコー？	ドラコー？	1
ドラコー＆ロクスタ	ドラコー＆ロクスタ	1
E：クー・フーリン・オルタ	クー・フーリン・オルタ	1
F：イリヤ	イリヤ	1
魔獣バルバトス	魔獣バルバトス	1
F：ジャック	ジャック	1
C：曲亭馬琴	曲亭馬琴	1
シンベエ＆ドウセツ	シンベエ＆ドウセツ	1
I：イリヤ	イリヤ	1
G：エルン	エルン	1
５人	５人	1
D：ヘシアン	ヘシアン	1
E：ルビー	ルビー	1
メドゥーサ（ランサー）	メドゥーサ（ランサー）	1
呪腕のハサン？	呪腕のハサン？	1
メドゥーサ？	メドゥーサ？	1
岡田以蔵？	岡田以蔵？	1
カルナ？	カルナ？	1
ティアマト=spot[C,E]	ティアマト	1
ロクスタ=spot[B,E]	ロクスタ	1
岡田以蔵の声	岡田以蔵の声	1
パリス=spot[V,W,X,Y,Z,M,L]	パリス	1
背中にコブのある動物	背中にコブのある動物	1
G：段蔵	段蔵	1
G：イリヤ	イリヤ	1
J：ゴルゴーン	ゴルゴーン	1
M：果心居士	果心居士	1
織田信長=spot[H,J]	織田信長	1
蘭丸Ｘ=spot[I,J]	蘭丸Ｘ	1
G：プトレマイオス	プトレマイオス	1
H：四不相	四不相	1
R：バーヴァン・シー	バーヴァン・シー	1
M：項羽	項羽	1
L：源為朝	源為朝	1
J：呂布	呂布	1
C：ビーマ	ビーマ	1
I：バーヴァン・シー=spot[C,I]	バーヴァン・シー	1
H：マシュ=spot[H,G]	マシュ	1
S：杉谷善住坊	杉谷善住坊	1
プトレマイオス=spot[E,K]	プトレマイオス	1
B：[FFFFFF]プトレマイオス[-]	プトレマイオス	1
プトレマイオス=spot[B,U]	プトレマイオス	1
M：テュフォン	テュフォン	1
D：フォウ	フォウ	1
I：ガウェイン	ガウェイン	1
クロエ？	クロエ？	1
Mr.サムワン	Mr.サムワン	1
あわてるふたり	あわてるふたり	1
黒髭＆ジャンヌ・オルタ	黒髭＆ジャンヌ・オルタ	1
葛飾北斎（代表代理）	葛飾北斎（代表代理）	1
燕青（代表代理）	燕青（代表代理）	1
トリスタン＆ガウェイン	トリスタン＆ガウェイン	1
F：円卓ども	円卓ども	1
G：円卓ども	円卓ども	1
E：円卓ども	円卓ども	1
円卓ども	円卓ども	1
H：ランスロット	ランスロット	1
マシュ＆クロエ	マシュ＆クロエ	1
集まっている動物たち	集まっている動物たち	1
マシュ＆アルキャス	マシュ＆アルキャス	1
黒髭＆ランスロット＆クロエ	黒髭＆ランスロット＆クロエ	1
ヤラアーンドゥ＆マシュ	ヤラアーンドゥ＆マシュ	1
サークルのみなさん	サークルのみなさん	1
B：[tRoute 94087902 10 玉藻の前,11 タマモちゃんサマー,玉藻の前]	玉藻の前	1
ガウェイン＆ガレス	ガウェイン＆ガレス	1
マシュ=spot[B,H]	マシュ	1
技巧派カンガルー	技巧派カンガルー	1
豪腕派カンガルー	豪腕派カンガルー	1
G：トリスタン=spot[G,D]	トリスタン	1
O：オベロン	オベロン	1
M：アルトリア・キャスター=spot[M,N]	アルトリア・キャスター	1
信者たち	信者たち	1
逃げ惑うサークル参加者Ａ	逃げ惑うサークル参加者Ａ	1
逃げ惑うサークル参加者Ｂ	逃げ惑うサークル参加者Ｂ	1
逃げ惑うサークル参加者Ｃ	逃げ惑うサークル参加者Ｃ	1
アルトリア・キャスター＆クロエ	アルトリア・キャスター＆クロエ	1
イリヤ＆美遊=spot[A,B]	イリヤ＆美遊	1
イリヤ＆美遊＆アルキャス	イリヤ＆美遊＆アルキャス	1
レディ・アヴァロン=spot[I]	レディ・アヴァロン	1
T：ノクナレア	ノクナレア	1
P：水妃モルガン	水妃モルガン	1
P：水妃モルガン=spot[P,O,F]	水妃モルガン	1
葛飾北斎＆アビゲイル	葛飾北斎＆アビゲイル	1
C：葛飾北斎=spot[C,F]	葛飾北斎	1
お路＆葛飾北斎	お路＆葛飾北斎	1
キャメロットの騎士たち	キャメロットの騎士たち	1
J：クロエ	クロエ	1
L：アルトリア・キャスター	アルトリア・キャスター	1
F：アルトリア・キャスター	アルトリア・キャスター	1
V：オルトリンデ	オルトリンデ	1
I：ハベトロット	ハベトロット	1
通りすがりの人間	通りすがりの人間	1
カーマｓ	カーマｓ	1
F：茨木童子	茨木童子	1
F：九紋竜エリザ	九紋竜エリザ	1
カルデアゲーム部一同	カルデアゲーム部一同	1
E：黒犬	黒犬	1
一般参加者Ｆ	一般参加者Ｆ	1
一般参加者Ｇ	一般参加者Ｇ	1
【朱之介】=spot[D,A]	【朱之介】	1
【杜四郎】=spot[E,B]	【杜四郎】	1
【朱之介】=spot[G,A,J]	【朱之介】	1
【黄金】=spot[J,F]	【黄金】	1
【㭍六】=spot[J,B]	【㭍六】	1
音響アシスタント	音響アシスタント	1
ソウスケ＆コブンゴ	ソウスケ＆コブンゴ	1
シノ＆シンベエ	シノ＆シンベエ	1
A：カフェのウェイター	カフェのウェイター	1
L：柳生但馬守	柳生但馬守	1
太歳星君（チョコ）	太歳星君（チョコ）	1
ボイジャー（バナナ）	ボイジャー（バナナ）	1
ワンジナ（ストロベリー）	ワンジナ（ストロベリー）	1
G：エリセ（チョコミント）	エリセ（チョコミント）	1
マシュ（バニラ）	マシュ（バニラ）	1
クリームヒルト（モカ）	クリームヒルト（モカ）	1
I：柳生但馬守（バニラとストロベリーＷ）	柳生但馬守（バニラとストロベリーＷ）	1
Q：ドゥムジ	ドゥムジ	1
H：ワンジナ	ワンジナ	1
I：黒髭	黒髭	1
K：巴御前	巴御前	1
一般参加予定者	一般参加予定者	1
一般参加者Ａ	一般参加者Ａ	1
一般参加者Ｂ	一般参加者Ｂ	1
一般参加者Ｃ	一般参加者Ｃ	1
一般参加者Ｄ	一般参加者Ｄ	1
ガラガラオロチ	ガラガラオロチ	1
コブンゴ＆ゲンパチ	コブンゴ＆ゲンパチ	1
ケノ＆ダイカク	ケノ＆ダイカク	1
ワンジナ=spot[A,J]	ワンジナ	1
C：ドライノッブ	ドライノッブ	1
北の軍神=spot[H,C]	北の軍神	1
ゴルドルフ=spot[D]	ゴルドルフ	1
D：クリームヒルト	クリームヒルト	1
F：アルテラサンタ	アルテラサンタ	1
E：斎藤一	斎藤一	1
B：永倉新八	永倉新八	1
G：武田晴信	武田晴信	1
P：伊東甲子太郎	伊東甲子太郎	1
武田晴信=spot[A,K]	武田晴信	1
M：蛍	蛍	1
A：蛍	蛍	1
スフィンクスＡ	スフィンクスＡ	1
スフィンクスＢ	スフィンクスＢ	1
スフィンクスＣ	スフィンクスＣ	1
スフィンクス	スフィンクス	1
L：ドライノッブ	ドライノッブ	1
N：今魔川兵	今魔川兵	1
今魔川獣	今魔川獣	1
ドライノッブ４ＷＤ	ドライノッブ４ＷＤ	1
L：武田騎馬隊	武田騎馬隊	1
M：今魔川鉄砲隊	今魔川鉄砲隊	1
N：武田兵	武田兵	1
A：青岩院	青岩院	1
土方歳三=spot[C,E]	土方歳三	1
蛍=spot[L,H]	蛍	1
E：斬ザブロー	斬ザブロー	1
F：武田晴信	武田晴信	1
尾張ノッブスターズメンバー	尾張ノッブスターズメンバー	1
F：永倉新八	永倉新八	1
F：[#今魔川兵:い ま が わ へ い]	[#今魔川兵:い ま が わ へ い]	1
父らしき男	父らしき男	1
D：トラックの運転手	トラックの運転手	1
G：兵卒	兵卒	1
魔王信長=spot[B,D]	魔王信長	1
長尾景虎=spot[B,D]	長尾景虎	1
ネモ・マリーン=spot[D,F,K]	ネモ・マリーン	1
ネモ・エンジン=spot[D,G]	ネモ・エンジン	1
ネモ・プロフェッサー=spot[D,H]	ネモ・プロフェッサー	1
C：フォウ（特別解説）	フォウ（特別解説）	1
沖田総司=spot[C,A]	沖田総司	1
沖田総司=spot[F,C]	沖田総司	1
今川義元=spot[D,E]	今川義元	1
E：今川義元（左）	今川義元（左）	1
F：今川義元（右）	今川義元（右）	1
ネモ・エンジン＆ニコラ・テスラ	ネモ・エンジン＆ニコラ・テスラ	1
J：怪異	怪異	1
N：武田晴信	武田晴信	1
T：ドライノッブ	ドライノッブ	1
V：ドライノッブ	ドライノッブ	1
H：由井正雪	由井正雪	1
服部武雄=spot[M,A]	服部武雄	1
永倉新八=spot[B,G]	永倉新八	1
伊東甲子太郎=spot[H,B]	伊東甲子太郎	1
J：蘭丸Ｘ	蘭丸Ｘ	1
F：長尾景虎	長尾景虎	1
I：セイバー	セイバー	1
F：雑賀孫一	雑賀孫一	1
魔王信長＆ノッブ	魔王信長＆ノッブ	1
B：織田信長	織田信長	1
E：源頼光	源頼光	1
L：紅玉の書	紅玉の書	1
H：宮本伊織	宮本伊織	1
ヤマトタケル=spot[A,O]	ヤマトタケル	1
G：ネモサンタ	ネモサンタ	1
明るい声	明るい声	1
J：紅玉の書	紅玉の書	1
S：紅玉の書	紅玉の書	1
T：紅玉の書	紅玉の書	1
S：宮本伊織	宮本伊織	1
D：由井正雪	由井正雪	1
R：紅玉の書	紅玉の書	1
G：ヤマトタケル=spot[G,J]	ヤマトタケル	1
E：紅玉の書	紅玉の書	1
K：アショカ王	アショカ王	1
A：宮本伊織=spot[A,F]	宮本伊織	1
？？？=spot[C,A]	？？？	1
宮本伊織=spot[F,A]	宮本伊織	1
F：由井正雪=spot[F,C]	由井正雪	1
ヤマトタケル=spot[C,F]	ヤマトタケル	1
D：若旦那？	若旦那？	1
X：ヤマトタケル	ヤマトタケル	1
V：？？？	？？？	1
K：ヤマトタケル	ヤマトタケル	1
ガラテア=spot[G,F]	ガラテア	1
I：大黒天	大黒天	1
大黒天たち	大黒天たち	1
Q：オデュッセウス	オデュッセウス	1
R：タマモキャット	タマモキャット	1
シャルルマーニュ=spot[M,L,J,X,U,T]	シャルルマーニュ	1
通信機	通信機	1
F：アンドロメダ	アンドロメダ	1
M：ド・ギッシュ	ド・ギッシュ	1
N：クリスチャン	クリスチャン	1
J：ロクサーヌ	ロクサーヌ	1
勇士二人	勇士二人	1
シャルルマーニュ=spot[B,E]	シャルルマーニュ	1
M：楊貴妃	楊貴妃	1
ロジェロ	ロジェロ	1
W：カルデアスタッフ	カルデアスタッフ	1
ロクサーヌ（声：楊貴妃）	ロクサーヌ（声：楊貴妃）	1
全員=spot[H,N,O,P,Q,R,S]	全員	1
二人=spot[F,G]	二人	1
全員=spot[D,I,J,L,K]	全員	1
I：アストルフォ（直感的なアレ）	アストルフォ（直感的なアレ）	1
D：シラノ	シラノ	1
全員=spot[A,B,F,J,I,R,H]	全員	1
巨大怪異	巨大怪異	1
C：イシュタリン=spot[H,C]	イシュタリン	1
C：イシュタリン=spot[I,C]	イシュタリン	1
I：ふじのん	ふじのん	1
K：駒鳥	駒鳥	1
J：槻司鳶丸	槻司鳶丸	1
蒼崎青子以外	蒼崎青子以外	1
E：蒼崎青子	蒼崎青子	1
U：静希草十郎	静希草十郎	1
イアソン（←マクダフ）	イアソン（←マクダフ）	1
[%1]＆静希草十郎	[%1]＆静希草十郎	1
S：杉谷	杉谷	1
F：槻司鳶丸	槻司鳶丸	1
I：杉谷	杉谷	1
K：巨大な怪物	巨大な怪物	1
P：ひびき	ひびき	1
Q：チカちゃん	チカちゃん	1
ワニ兵士=spot[I,K,L,M]	ワニ兵士	1
ワニ兵士=spot[L,X,Y,N,O]	ワニ兵士	1
R：清少納言	清少納言	1
外国人Ｂ	外国人Ｂ	1
ワニ兵士Ａ	ワニ兵士Ａ	1
ワニ兵士Ｂ	ワニ兵士Ｂ	1
ワニ兵士Ｃ	ワニ兵士Ｃ	1
E：セバスチャン	セバスチャン	1
J：ワニ兵士	ワニ兵士	1
K：ワニ兵士	ワニ兵士	1
H：謎の赤ん坊	謎の赤ん坊	1
H：ワニ親方	ワニ親方	1
ワニ兵士=spot[G,H,I,J,K,S,T,U,V,W]	ワニ兵士	1
E：スマホさん	スマホさん	1
C：ひびき	ひびき	1
O：槻司鳶丸	槻司鳶丸	1
A：戻ったら既にいた蒼崎青子	戻ったら既にいた蒼崎青子	1
J：海幸彦	海幸彦	1
イワブネ	イワブネ	1
エルメロイⅡ世＆[%1]	エルメロイⅡ世＆[%1]	1
ワニ兵士=spot[G,H,I,J]	ワニ兵士	1
N：海幸彦	海幸彦	1
P：エルメロイⅡ世	エルメロイⅡ世	1
F：シーボルト	シーボルト	1
Q：阿曇磯良	阿曇磯良	1
桂木千鍵=spot[D,A]	桂木千鍵	1
日比乃ひびき=spot[E,A]	日比乃ひびき	1
O：日比乃ひびき	日比乃ひびき	1
N：清少納言	清少納言	1
キングモアイ	キングモアイ	1
A：市民	市民	1
J：市民	市民	1
T：市民	市民	1
U：市民	市民	1
V：市民	市民	1
B：アナスタシア	アナスタシア	1
L：アンドロメダ	アンドロメダ	1
L：楊貴妃	楊貴妃	1
F：オタクサン	オタクサン	1
G：イネ	イネ	1
日比乃ひびき=spot[G,A]	日比乃ひびき	1
エルメロイⅡ世=spot[G,E]	エルメロイⅡ世	1
A：モードレッドの声	モードレッドの声	1
B：ＢＢリリィ	ＢＢリリィ	1
A：徐福の声	徐福の声	1
B：エレシュキガルの声	エレシュキガルの声	1
A：エレシュキガル	エレシュキガル	1
N：パーシヴァル	パーシヴァル	1
J：イワブネ	イワブネ	1
I：シーボルト	シーボルト	1
N：ワニ兵士	ワニ兵士	1
O：ワニ兵士=spot[O]	ワニ兵士	1
L：阿曇磯良	阿曇磯良	1
M：ユタ	ユタ	1
M：ワニ兵士	ワニ兵士	1
O：ワニ兵士	ワニ兵士	1
シバの女王=spot[B,C]	シバの女王	1
Q：バーソロミュー	バーソロミュー	1
F：パッションリップ（起きた）	パッションリップ（起きた）	1
H：カルナ	カルナ	1
L：カレン	カレン	1
A：シエル	シエル	1
C：ホイッスルを咥えたお姉さん	ホイッスルを咥えたお姉さん	1
B：タオルを持ったお兄さん	タオルを持ったお兄さん	1
G：バーゲスト	バーゲスト	1
G：レディ・アヴァロン	レディ・アヴァロン	1
F：上級市民たち	上級市民たち	1
E：上級市民たち	上級市民たち	1
G：上級市民たち	上級市民たち	1
H：上級市民たち	上級市民たち	1
B：ぐっ様人形=spot[B,E,F,G]	ぐっ様人形	1
M：ぐっ様人形=spot[M]	ぐっ様人形	1
D：徐福	徐福	1
誰かの声	誰かの声	1
最前列にいる子供たち	最前列にいる子供たち	1
N：最前列にいる子供たち	最前列にいる子供たち	1
O：最前列にいる子供たち	最前列にいる子供たち	1
最前列にいるヴリトラ	最前列にいるヴリトラ	1
G：カドック	カドック	1
H：ゴッホ=spot[H,G]	ゴッホ	1
ナージャーワン=spot[D,A]	ナージャーワン	1
T：『術師』の使い魔	『術師』の使い魔	1
U：『術師』の使い魔	『術師』の使い魔	1
V：使い魔たち	使い魔たち	1
Y：ダ・ヴィンチ	ダ・ヴィンチ	1
S：[51d4ff]アナウンス[-]	アナウンス	1
B：ツタンカーメン=spot[B,F]	ツタンカーメン	1
C：ツタンカーメン=spot[C,D]	ツタンカーメン	1
モリアーティ=spot[C,D]	モリアーティ	1
X：ツタンカーメン	ツタンカーメン	1
Y：イアソン	イアソン	1
ツタンカーメン=spot[A,D]	ツタンカーメン	1
ツタンカーメン=spot[A,E]	ツタンカーメン	1
ツタンカーメン=spot[A,G]	ツタンカーメン	1
ツタンカーメン=spot[A,H]	ツタンカーメン	1
織田信長=spot[M,H]	織田信長	1
ツタンカーメン=spot[A,I]	ツタンカーメン	1
織田信長=spot[M,I]	織田信長	1
カエサル=spot[K,F]	カエサル	1
W：ナウクラテー	ナウクラテー	1
アビゲイル＆バニヤン	アビゲイル＆バニヤン	1
E：ネモサンタ	ネモサンタ	1
Q：コッコ	コッコ	1
I：アビゲイル	アビゲイル	1
I：シトナイ	シトナイ	1
マンドリカルド=spot[E,Q]	マンドリカルド	1
V：テオ	テオ	1
M：トントゥ	トントゥ	1
Z：マシュ	マシュ	1
エルロン＆ムニエル	エルロン＆ムニエル	1
大黒天１号＆２号=spot[F,G]	大黒天１号＆２号	1
マシュ=spot[A,C]	マシュ	1
F：大黒天１号	大黒天１号	1
G：大黒天２号	大黒天２号	1
P：ランスロット	ランスロット	1
アルクェイド（？）	アルクェイド（？）	1
呪腕のハサン=spot[F,B]	呪腕のハサン	1
耀星のハサン=spot[E,I]	耀星のハサン	1
呪腕のハサン=spot[B,F]	呪腕のハサン	1
ファンタズムーン=spot[B,F]	ファンタズムーン	1
耀星のハサン=spot[B,E]	耀星のハサン	1
静謐のハサン=spot[B,H]	静謐のハサン	1
ハサン一同	ハサン一同	1
鍋のハサン	鍋のハサン	1
呪腕のハサン=spot[I,F]	呪腕のハサン	1
H：謎の代行者C.I.E.L	謎の代行者C.I.E.L	1
ファンタズムーン=spot[B,C]	ファンタズムーン	1
謎の代行者C.I.E.L=spot[E,F]	謎の代行者C.I.E.L	1
C：謎の代行者C.I.E.L=spot[C,E]	謎の代行者C.I.E.L	1
E：コッコ	コッコ	1
G：小人	小人	1
小人たち	小人たち	1
G：トントゥ	トントゥ	1
シトナイ=spot[C,K]	シトナイ	1
E：トントゥ=spot[E]	トントゥ	1
D：マシュ=spot[D,H]	マシュ	1
サンタズムーン＆スターシエル	サンタズムーン＆スターシエル	1
トントゥ=spot[F,G,H,I,J,K]	トントゥ	1
ランスロット=spot[G]	ランスロット	1
謎の代行者C.I.E.L=spot[G,E]	謎の代行者C.I.E.L	1
Ｓ・ファンタズムーンＶ=spot[E,I]	Ｓ・ファンタズムーンＶ	1
K：サンタズムーン	サンタズムーン	1
H：トントゥ	トントゥ	1
J：トントゥ	トントゥ	1
U：コッコ	コッコ	1
モードレッド＆アルトリア	モードレッド＆アルトリア	1
D：ランスロット	ランスロット	1
ランスロット=spot[D]	ランスロット	1
F：エリザベート（聞いてない）	エリザベート（聞いてない）	1
M：チビドラゴン	チビドラゴン	1
M：チビーネ	チビーネ	1
ヴラド三世=spot[H,D]	ヴラド三世	1
酒呑童子=spot[G,E]	酒呑童子	1
ファンタズムーン=spot[A,H]	ファンタズムーン	1
C：Ｓ・ファンタズムーンＶ	Ｓ・ファンタズムーンＶ	1
ネコアルクＶ=spot[F,I]	ネコアルクＶ	1
G：謎の代行者C.I.E.L	謎の代行者C.I.E.L	1
N：蛇竜人	蛇竜人	1
R：蛇竜人	蛇竜人	1
Q：ザッハーク	ザッハーク	1
C：蛇竜人	蛇竜人	1
J：蛇竜人=spot[J]	蛇竜人	1
二人=spot[J,I]	二人	1
捕食竜	捕食竜	1
Q：ダ・ヴィンチ	ダ・ヴィンチ	1
チビーネ=spot[O,D]	チビーネ	1
蛇竜人=spot[E]	蛇竜人	1
チビーネ=spot[A,B,C]	チビーネ	1
エリザベート=spot[C]	エリザベート	1
V：アスクレピオス	アスクレピオス	1
W：ビショーネ	ビショーネ	1
ザッハーク=spot[B,V,E]	ザッハーク	1
蛇竜人=spot[U]	蛇竜人	1
蛇竜人=spot[P]	蛇竜人	1
蛇竜人=spot[T]	蛇竜人	1
I：黒姫	黒姫	1
アスクレピオス=spot[J,E]	アスクレピオス	1
マシュ=spot[D,C]	マシュ	1
I：マリー=spot[F,I]	マリー	1
B：小野小町	小野小町	1
P：小野小町	小野小町	1
Q：飛竜	飛竜	1
C：岡田以蔵（寝た）	岡田以蔵（寝た）	1
M：ホテルスタッフ	ホテルスタッフ	1
両親	両親	1
S：[%1]	[%1]	1
Z：ダンテ	ダンテ	1
G：佐々木仮面	佐々木仮面	1
H：岡田以蔵	岡田以蔵	1
I：イフリータ	イフリータ	1
親族Ｃ	親族Ｃ	1
J：ジニー	ジニー	1
E：客	客	1
T：小野篁	小野篁	1
P：刑部姫	刑部姫	1
二人=spot[L,K]	二人	1
E：ジニー	ジニー	1
佐々木と呼ばれた男	佐々木と呼ばれた男	1
二人=spot[F,E]	二人	1
A：イアソン（翻訳）	イアソン（翻訳）	1
B：ドゥリーヨダナ（翻訳）	ドゥリーヨダナ（翻訳）	1
C：モリアーティ（翻訳）	モリアーティ（翻訳）	1
部下=spot[A,B,C]	部下	1
H：エレノアの母	エレノアの母	1
Q：謎の富豪	謎の富豪	1
R：謎の不動産業者	謎の不動産業者	1
S：謎のアラフィフ	謎のアラフィフ	1
D：胤舜（知らない）	胤舜（知らない）	1
H：オデュッセウス	オデュッセウス	1
Q：イプシロン	イプシロン	1
テュフォン・エフェメロス=spot[I,M]	テュフォン・エフェメロス	1
オデュッセウス・オルタ=spot[A,K]	オデュッセウス・オルタ	1
テュフォン・エフェメロス=spot[C,J]	テュフォン・エフェメロス	1
マシュ=spot[J,E]	マシュ	1
Y：オデュッセウス・オルタ	オデュッセウス・オルタ	1
ゴルドルフ=spot[J,H]	ゴルドルフ	1
D：オデュッセウス・オルタ	オデュッセウス・オルタ	1
I：両儀式	両儀式	1
E：イプシロン	イプシロン	1
B：機械音声=spot[A,B]	機械音声	1
C：司馬懿	司馬懿	1
J：司馬懿	司馬懿	1
F：イスカンダル	イスカンダル	1
I：ヘファイスティオン	ヘファイスティオン	1
C：テュフォン・エフェメロス	テュフォン・エフェメロス	1
L：オデュッセウス	オデュッセウス	1
オデュッセウス＆テュフォン・エフェメロス	オデュッセウス＆テュフォン・エフェメロス	1
F：外からの声	外からの声	1
外からの声Ａ	外からの声Ａ	1
グレイ=spot[B,L]	グレイ	1
ライネス=spot[A,L]	ライネス	1
ヘファイスティオン=spot[F,L]	ヘファイスティオン	1
テュフォン・エフェメロス=spot[E,L]	テュフォン・エフェメロス	1
J：オデュッセウス	オデュッセウス	1
オデュッセウス＆ゴルドルフ	オデュッセウス＆ゴルドルフ	1
H：アルジュナ	アルジュナ	1
ビーマ＆アルジュナ	ビーマ＆アルジュナ	1
K：サバージオス	サバージオス	1
X：機械音声	機械音声	1
L：トラロック	トラロック	1
J：ラーマ	ラーマ	1
K：アルジュナ	アルジュナ	1
X：ヴァジュラ	ヴァジュラ	1
J：ヴリトラ	ヴリトラ	1
F：アルジュナ	アルジュナ	1
マケドニア兵たち=spot[L,M,N]	マケドニア兵たち	1
D：ウェイバー	ウェイバー	1
プトレマイオス＆ヘファイスティオン＆エルメロイⅡ世	プトレマイオス＆ヘファイスティオン＆エルメロイⅡ世	1
N：ヴリトラ	ヴリトラ	1
X：ラーマ	ラーマ	1
K：イプシロン	イプシロン	1
ヴリトラ=spot[A,J]	ヴリトラ	1
ダ・ヴィンチの声	ダ・ヴィンチの声	1
マシュの声	マシュの声	1
Z：キレーちゃん	キレーちゃん	1
Q：インドラ	インドラ	1
P：謎の少女	謎の少女	1
L：キレーちゃん	キレーちゃん	1
G：？？？=spot[F]	？？？	1
H：？？？=spot[E]	？？？	1
就職希望者	就職希望者	1
I：ビーマ	ビーマ	1
C：サメ兵士	サメ兵士	1
L：サメドレッド	サメドレッド	1
サメ兵士=spot[C,F]	サメ兵士	1
サメェイン	サメェイン	1
サーメヴァル	サーメヴァル	1
M：サメ兵士	サメ兵士	1
N：サメ兵士	サメ兵士	1
エジソン＆ダ・ヴィンチ	エジソン＆ダ・ヴィンチ	1
L：クー・フーリン	クー・フーリン	1
M：ワンジナ	ワンジナ	1
J：源頼光	源頼光	1
クリームヒルト=spot[H]	クリームヒルト	1
I：パッションリップ=spot[I]	パッションリップ	1
サメ騎士=spot[M,N,O]	サメ騎士	1
サメ騎士=spot[O,P,T]	サメ騎士	1
二人=spot[G,I]	二人	1
呼延灼＆カーマ	呼延灼＆カーマ	1
C：イリヤ	イリヤ	1
謎の鎧	謎の鎧	1
F：観光客Ａ	観光客Ａ	1
G：観光客Ｂ	観光客Ｂ	1
H：観光客Ｃ	観光客Ｃ	1
J：観光客Ｃ	観光客Ｃ	1
G：観光客Ｃ	観光客Ｃ	1
全員=spot[A,B,H,C,D,E,F]	全員	1
美遊=spot[G,T]	美遊	1
イリヤの声	イリヤの声	1
L：サメ兵士	サメ兵士	1
M：観光客Ａ	観光客Ａ	1
N：観光客Ｂ	観光客Ｂ	1
U：アルトリア	アルトリア	1
二人=spot[S,T]	二人	1
スカサハ＆スカサハ＝スカディ	スカサハ＆スカサハ＝スカディ	1
A：ミカ	ミカ	1
P：ミカ	ミカ	1
マシュ＆ミカ	マシュ＆ミカ	1
結婚相手	結婚相手	1
久遠寺有珠＆メディア	久遠寺有珠＆メディア	1
最後尾の男=spot[R]	最後尾の男	1
B：クリームヒルト（令嬢）	クリームヒルト（令嬢）	1
客（近所の漁師）	客（近所の漁師）	1
客（近所の侵略的外来魚）	客（近所の侵略的外来魚）	1
E：藤乃	藤乃	1
B：シグルド	シグルド	1
F：黒桐（？）	黒桐（？）	1
玉兎輝夜＆藤乃=spot[B,E]	玉兎輝夜＆藤乃	1
J：テスカトリポカ（いる）	テスカトリポカ（いる）	1
A：夏延灼	夏延灼	1
サメ兵士ＡＢ	サメ兵士ＡＢ	1
サメ兵士Ｃ	サメ兵士Ｃ	1
サメ兵士Ｄ	サメ兵士Ｄ	1
サメ兵士ＣＤ	サメ兵士ＣＤ	1
H：サメ兵士	サメ兵士	1
サメ兵士たち=spot[H,K]	サメ兵士たち	1
常連客の船乗り	常連客の船乗り	1
ティアマト=spot[C]	ティアマト	1
J：斎藤一	斎藤一	1
査定待ち一同	査定待ち一同	1
H：呼延灼	呼延灼	1
O：清姫	清姫	1
I：常連客Ａ	常連客Ａ	1
親衛隊キレーちゃん	親衛隊キレーちゃん	1
W：ジュネス	ジュネス	1
Q：大統領	大統領	1
A：呼延灼（※気付いてない）	呼延灼（※気付いてない）	1
E：アルトリア・ルーラー	アルトリア・ルーラー	1
I：アルトリア・ルーラー	アルトリア・ルーラー	1
大統領＆ミカ	大統領＆ミカ	1
サメ騎士=spot[K,L]	サメ騎士	1
群衆=spot[H,M,I,K,N,L]	群衆	1
O：観光客Ｃ	観光客Ｃ	1
ドーヴ＆レイヴン	ドーヴ＆レイヴン	1
R：四不相	四不相	1
伊吹姉さん=spot[E]	伊吹姉さん	1
N：ネモ	ネモ	1
L：ノア	ノア	1
L：沖田総司	沖田総司	1
F：ノッブ	ノッブ	1
B：斎藤一	斎藤一	1
I：神剣組隊士	神剣組隊士	1
L：神剣組隊士	神剣組隊士	1
K：重装神剣組隊士	重装神剣組隊士	1
B：京の町人	京の町人	1
E：京の町人	京の町人	1
藤堂平助=spot[I,D,C]	藤堂平助	1
H：松永弾正=spot[H,D,G,J]	松永弾正	1
藤堂平助=spot[I,J,G]	藤堂平助	1
ゴルドルフ＆ムニエル=spot[A,B]	ゴルドルフ＆ムニエル	1
H：コエンちゃん	コエンちゃん	1
コエンちゃん=spot[H,I,J,K,L]	コエンちゃん	1
島=spot[X]	島	1
？？？=spot[I,H]	？？？	1
Z：藤堂平助	藤堂平助	1
D：近藤勇	近藤勇	1
河上彦斎=spot[C,E]	河上彦斎	1
H：神剣組隊士	神剣組隊士	1
K：ボンバーノッブ	ボンバーノッブ	1
L：原田左之助	原田左之助	1
K：藤堂平助	藤堂平助	1
W：マガツ弾正=spot[W,Y]	マガツ弾正	1
Y：マガツヒトノカミ	マガツヒトノカミ	1
O：河上彦斎=spot[O,B]	河上彦斎	1
N：岡田以蔵	岡田以蔵	1
鬼武蔵	鬼武蔵	1
C：蘭丸Ｘ	蘭丸Ｘ	1
K：見覚えのある店員	見覚えのある店員	1
勝支配人	勝支配人	1
J：高杉晋作	高杉晋作	1
カルデアお仕置き人	カルデアお仕置き人	1
リトルマグナム孫一	リトルマグナム孫一	1
歌舞伎動戦士ザンザブロー	歌舞伎動戦士ザンザブロー	1
E：マガツマシュノカミ	マガツマシュノカミ	1
O：ネモ	ネモ	1
勝海舟=spot[E]	勝海舟	1
藤堂平助=spot[F]	藤堂平助	1
P：メイドイン彦斎	メイドイン彦斎	1
ダーティオカダ	ダーティオカダ	1
リキュールオカダ	リキュールオカダ	1
オカダステークス	オカダステークス	1
リボルビングオカダ	リボルビングオカダ	1
量産型ダーオカ	量産型ダーオカ	1
R：メイドイン彦斎	メイドイン彦斎	1
河上彦斎＆沖田総司=spot[I,H]	河上彦斎＆沖田総司	1
E：藤堂平助	藤堂平助	1
マガツボンバノブノカミ	マガツボンバノブノカミ	1
Q：ちびノブ隊長	ちびノブ隊長	1
G：京の町人	京の町人	1
I：京の町娘	京の町娘	1
K：沖田総司	沖田総司	1
通りすがりのギャンブラー	通りすがりのギャンブラー	1
I：アマゾネス	アマゾネス	1
G：古代火星人	古代火星人	1
K：パリス？	パリス？	1
J：信徒	信徒	1
D：メカエリチャンⅡ号機	メカエリチャンⅡ号機	1
O：マガツ弾正=spot[O,G]	マガツ弾正	1
M：藤堂平助	藤堂平助	1
一般人斬りマン	一般人斬りマン	1
？？？=spot[F]	？？？	1
D：太陽のパリス	太陽のパリス	1
エリザベート=spot[A,P]	エリザベート	1
V：終わりのエリザベート	終わりのエリザベート	1
信徒=spot[J,K]	信徒	1
アナウンス=spot[D]	アナウンス	1
M：全員	全員	1
I：メカエリチャンⅡ号機	メカエリチャンⅡ号機	1
オリュンポス山の村人たち	オリュンポス山の村人たち	1
クリスマス魔獣	クリスマス魔獣	1
Q：河上彦斎	河上彦斎	1
C：河上彦斎=spot[C,J]	河上彦斎	1
エリザ・アルシア／エリザ・アスクレウス=spot[H,J]	エリザ・アルシア／エリザ・アスクレウス	1
該当者	該当者	1
Q：古代火星人=spot[Q]	古代火星人	1
P：古代火星人=spot[P]	古代火星人	1
U：パーフェクト・エリザベート	パーフェクト・エリザベート	1
エリザベート=spot[B,K]	エリザベート	1
ロビンフッド＆エレシュキガル・オルタ=spot[D,E]	ロビンフッド＆エレシュキガル・オルタ	1
U：刑部姫	刑部姫	1
二人=spot[B,A]	二人	1
J：花咲翁	花咲翁	1
N：ツチノコ	ツチノコ	1
ツチノコたち=spot[N,O]	ツチノコたち	1
N：エレシュキガル・オルタの声	エレシュキガル・オルタの声	1
D：終わりのエリザベート	終わりのエリザベート	1
ナレーション（エリザベート）	ナレーション（エリザベート）	1
二人=spot[J,A]	二人	1
C：メカエリチャンⅡ号機	メカエリチャンⅡ号機	1
M：エリザベート（？）	エリザベート（？）	1
N：エリザベート（？）	エリザベート（？）	1
O：エリザベート（？）	エリザベート（？）	1
J：？？？=spot[J]	？？？	1
ツチノコたち=spot[F,K,L]	ツチノコたち	1
ツチノコたち=spot[K,N,O]	ツチノコたち	1
E：花咲翁	花咲翁	1
K：ロビンフッド	ロビンフッド	1
L：フローラ	フローラ	1
N：花咲翁	花咲翁	1
フローラ=spot[P]	フローラ	1
おみぃさん=spot[F,J]	おみぃさん	1
P：わらし	わらし	1
ツチノコたち=spot[K,L]	ツチノコたち	1
M：オルガマリー	オルガマリー	1
ツチノコたち=spot[J,K,L]	ツチノコたち	1
ツチノコ=spot[H,J,K,L]	ツチノコ	1
ツチノコ=spot[J,K,L]	ツチノコ	1
ツチノコたち=spot[M,C,L]	ツチノコたち	1
灰纏い=spot[B,I]	灰纏い	1
エレシュキガル・オルタ=spot[C,I]	エレシュキガル・オルタ	1
わらし=spot[D,I]	わらし	1
I：フローラ	フローラ	1
C：わらし	わらし	1
ツチノコ＆わらし	ツチノコ＆わらし	1
ツチノコたち=spot[M,D,E]	ツチノコたち	1
九紋竜エリザ（07）=spot[C,H,I,J]	九紋竜エリザ	1
太歳星君（07）=spot[G,R,S,T]	太歳星君	1
ボイジャー（08）=spot[D,R,S,T]	ボイジャー	1
ナーサリー・ライム（61）=spot[K,R,S,T]	ナーサリー・ライム	1
エリセ（14）=spot[N,U,V,W]	エリセ	1
ワンジナ（13）=spot[M,H,I,J]	ワンジナ	1
M：ワンジナ（13）=spot[M,H,I,J]	ワンジナ	1
エリセ（14）=spot[N,R,S,T]	エリセ	1
グレイ（46）=spot[O,R,S,T]	グレイ	1
ライネス（15）=spot[P,R,S,T]	ライネス	1
F：デメテル	デメテル	1
Q：全員	全員	1
わらし=spot[H]	わらし	1
O：灰纏い	灰纏い	1
ブリュンヒルデ（58）=spot[E,W,X,Y]	ブリュンヒルデ	1
エルン（15）=spot[I,P,Q,R]	エルン	1
F：オルトリンデ（16）=spot[F,M,N,O]	オルトリンデ	1
スカサハ＝スカディ（29）=spot[L,M,N,O]	スカサハ＝スカディ	1
L：スカサハ＝スカディ（40）=spot[L,W,X,Y]	スカサハ＝スカディ	1
L：スカサハ＝スカディ（70）=spot[L,W,X,Y]	スカサハ＝スカディ	1
L：スカサハ＝スカディ（17）=spot[L,W,X,Y]	スカサハ＝スカディ	1
L：スカサハ＝スカディ（29）=spot[L,W,X,Y]	スカサハ＝スカディ	1
L：スカサハ＝スカディ（35）=spot[L,W,X,Y]	スカサハ＝スカディ	1
スカサハ（49）=spot[F,W,X,Y]	スカサハ	1
E：黒髭（45）=spot[E,P,Q,R]	黒髭	1
ディルムッド（32）=spot[H,W,X,Y]	ディルムッド	1
クー・フーリン（58）=spot[J,W,X,Y]	クー・フーリン	1
J：クー・フーリン（58）=spot[J,W,X,Y]	クー・フーリン	1
クー・フーリン（25）=spot[D,M,N,O]	クー・フーリン	1
D：クー・フーリン（25）=spot[D,M,N,O]	クー・フーリン	1
セタンタ（14）=spot[S,P,Q,R]	セタンタ	1
K：わらし	わらし	1
E：シェヘラザード（35）=spot[E,M,N,O]	シェヘラザード	1
シェヘラザード（35）=spot[E,P,Q,R]	シェヘラザード	1
ニトクリス（19）=spot[D,P,Q,R]	ニトクリス	1
I：ニトクリス（19）=spot[I,S,T,U]	ニトクリス	1
シェヘラザード（35）=spot[K,P,Q,R]	シェヘラザード	1
ロクスタ（22）=spot[H,M,N,O]	ロクスタ	1
ドラコー（09）=spot[I,M,N,O]	ドラコー	1
ロクスタ（22）=spot[H,P,Q,R]	ロクスタ	1
W：ドラコー（09）=spot[W,S,T,U]	ドラコー	1
J：カリギュラ（38）=spot[J,M,N,O]	カリギュラ	1
ロムルス（81）=spot[K,M,N,O]	ロムルス	1
ロムルス・クィリヌス（81）=spot[L,M,N,O]	ロムルス・クィリヌス	1
カエサル（35）=spot[D,M,N,O]	カエサル	1
クレオパトラ（37）=spot[E,M,N,O]	クレオパトラ	1
E：クレオパトラ（37）=spot[E,M,N,O]	クレオパトラ	1
W：ドラコー（09）=spot[W,P,Q,R]	ドラコー	1
F：黒髭（45）=spot[F,M,N,O]	黒髭	1
ダ・ヴィンチ（12）=spot[I,T,U,V]	ダ・ヴィンチ	1
フェルグス（42）=spot[J,T,U,V]	フェルグス	1
スカサハ（49）=spot[K,T,U,V]	スカサハ	1
クー・フーリン（58）=spot[L,T,U,V]	クー・フーリン	1
黒髭（45）=spot[M,T,U,V]	黒髭	1
カイニス（60）=spot[D,Q,R,S]	カイニス	1
テュフォン・エフェメロス（14）=spot[E,Q,R,S]	テュフォン・エフェメロス	1
ヴラド三世（72）=spot[H,T,U,V]	ヴラド三世	1
H：ヴラド三世（72）=spot[H,T,U,V]	ヴラド三世	1
エミヤ（EX）=spot[I,T,V]	エミヤ（EX）	1
ブーディカ（EX）=spot[J,Q,S]	ブーディカ（EX）	1
J：ブーディカ（EX）=spot[J,Q,S]	ブーディカ（EX）	1
アイリスフィール（EX）=spot[K,T,V]	アイリスフィール（EX）	1
ロウヒ（90）=spot[A,Q,R,S]	ロウヒ	1
エレナ（80）=spot[C,T,U,V]	エレナ	1
ロムルス（81）=spot[D,Q,R,S]	ロムルス	1
ロムルス・クィリヌス（81）=spot[E,T,U,V]	ロムルス・クィリヌス	1
巴御前（71）=spot[F,Q,R,S]	巴御前	1
F：巴御前（71）=spot[F,Q,R,S]	巴御前	1
由井正雪（70）=spot[N,Q,R,S]	由井正雪	1
ケイローン（80）=spot[Z,Q,R,S]	ケイローン	1
C：黒髭（45）=spot[C,Q,R,S]	黒髭	1
ダ・ヴィンチ（12）=spot[W,Q,R,S]	ダ・ヴィンチ	1
ティアマト（16）=spot[E,T,U,V]	ティアマト	1
黒髭（45）=spot[F,T,U,V]	黒髭	1
エレナ（80）=spot[G,Q,R,S]	エレナ	1
G：エレナ（80）=spot[G,Q,R,S]	エレナ	1
ヴラド三世（72）=spot[I,T,U,V]	ヴラド三世	1
エミヤ（EX）=spot[J,Q,S]	エミヤ（EX）	1
J：エミヤ（EX）=spot[J,Q,S]	エミヤ（EX）	1
ケイローン（80）=spot[P,T,U,V]	ケイローン	1
P：ケイローン（80）=spot[P,T,U,V]	ケイローン	1
ブーディカ（EX）=spot[K,Q,S]	ブーディカ（EX）	1
アイリスフィール（EX）=spot[E,T,V]	アイリスフィール（EX）	1
由井正雪（70）=spot[W,Q,R,S]	由井正雪	1
エルメロイⅡ世（79）=spot[H,T,U,V]	エルメロイⅡ世	1
H：エルメロイⅡ世（79）=spot[H,T,U,V]	エルメロイⅡ世	1
ロウヒ（90）=spot[F,Q,R,S]	ロウヒ	1
ロムルス（81）=spot[O,Q,R,S]	ロムルス	1
ロムルス・クィリヌス（81）=spot[A,T,U,V]	ロムルス・クィリヌス	1
巴御前（71）=spot[N,Q,R,S]	巴御前	1
N：巴御前（71）=spot[N,Q,R,S]	巴御前	1
B：宮本伊織（31）=spot[B,N,O,P]	宮本伊織	1
宮本伊織（31）	宮本伊織	1
G：柳生但馬守（02）=spot[G,T,U,V]	柳生但馬守	1
J：望月千代女（27）=spot[E,I,Q,R,S,T,U,V]	望月千代女	1
H：巴御前（71）=spot[H,Q,R,S]	巴御前	1
M：張角	張角	1
Q：わらし	わらし	1
静謐のハサン（17）=spot[G,S,T,U]	静謐のハサン	1
G：静謐のハサン（17）=spot[G,S,T,U]	静謐のハサン	1
Y：耀星のハサン（17）=spot[Y,P,Q,R]	耀星のハサン	1
百貌のハサン（39）=spot[F,M,N,O]	百貌のハサン	1
？？？=spot[I]	？？？	1
G：？？？=spot[G]	？？？	1
パーシヴァル（60）=spot[F,R,S,T]	パーシヴァル	1
I：トリスタン（36）=spot[I,X,Y,Z]	トリスタン	1
ベディヴィエール（62）=spot[J,X,Y,Z]	ベディヴィエール	1
J：ベディヴィエール（62）=spot[J,X,Y,Z]	ベディヴィエール	1
バベッジ（ー）=spot[O,X,Z]	バベッジ（ー）	1
アルトリア・キャスター（15）=spot[P,X,Y,Z]	アルトリア・キャスター	1
D：バーヴァン・シー（17）=spot[D,X,Y,Z]	バーヴァン・シー	1
M：フラン（17）=spot[M,U,V,W]	フラン	1
メリュジーヌ（12）=spot[E,X,Y,Z]	メリュジーヌ	1
E：メリュジーヌ（12）=spot[E,X,Y,Z]	メリュジーヌ	1
バーヴァン・シー（17）=spot[D,X,Y,Z]	バーヴァン・シー	1
モルガン（89）=spot[F,X,Y,Z]	モルガン	1
バーヴァン・シー（17）=spot[D,U,V,W]	バーヴァン・シー	1
T：[DA4A67]電話の主[-]=spot[T]	電話の主	1
T：[DA4A67]電話の主[-]	電話の主	1
T：ダ・ヴィンチ	ダ・ヴィンチ	1
ツチノコたち=spot[O,E,N]	ツチノコたち	1
V：マシュ（43）=spot[V,Q,R,S]	マシュ	1
アイリスフィール（EX）=spot[H,Q,S]	アイリスフィール（EX）	1
J：ティアマト（16）=spot[J,K,L,M]	ティアマト	1
二人=spot[H,P,Q,R,S,T,U,V]	二人	1
黒髭（45）=spot[D,X,Y,Z]	黒髭	1
モレー＆モレーちゃん=spot[A,B]	モレー＆モレーちゃん	1
D：モレー	モレー	1
I：モレーちゃん	モレーちゃん	1
ドラコー（09）=spot[D,M,N,O]	ドラコー	1
D：ドラコー（09）=spot[D,M,N,O]	ドラコー	1
ロムルス（81）=spot[I,M,N,O]	ロムルス	1
ロムルス・クィリヌス（81）=spot[E,M,N,O]	ロムルス・クィリヌス	1
E：ロムルス・クィリヌス（81）=spot[E,M,N,O]	ロムルス・クィリヌス	1
ロムルス・クィリヌス（81）	ロムルス・クィリヌス	1
Q：ハベトロット（32）=spot[Q,V,W,X]	ハベトロット	1
ニキチッチ（33）=spot[G,S,T,U]	ニキチッチ	1
黄飛虎（48）=spot[J,S,T,U]	黄飛虎	1
エレナ（80）=spot[K,A,B,C]	エレナ	1
パラケルスス（49）=spot[L,A,B,C]	パラケルスス	1
ジュネス（17）=spot[E,A,B,C]	ジュネス	1
闇のコヤンスカヤ（30）=spot[N,S,T,U]	闇のコヤンスカヤ	1
闇のコヤンスカヤ（30）=spot[N,A,B,C]	闇のコヤンスカヤ	1
マシュ（43）=spot[A,S,T,U]	マシュ	1
ゴッホ（14）=spot[P,S,T,U]	ゴッホ	1
とと様（52）=spot[R,D,E,G]	とと様	1
お路（20）=spot[F,S,T,U]	お路	1
小野小町（18）=spot[J,S,T,U]	小野小町	1
清少納言（25）	清少納言	1
ヘラクレス（53）=spot[D,Q,R,S]	ヘラクレス	1
イアソン（46）=spot[E,Q,R,S]	イアソン	1
アタランテ（45）=spot[F,Q,R,S]	アタランテ	1
F：アタランテ（45）=spot[F,Q,R,S]	アタランテ	1
ケイローン（80）=spot[H,T,U,V]	ケイローン	1
ガラテア（17）=spot[I,Q,R,S]	ガラテア	1
フローラ（18）=spot[J,T,U,V]	フローラ	1
イプシロン（14）=spot[E,T,U,V]	イプシロン	1
フローラ（18）=spot[J,Q,R,S]	フローラ	1
J：フローラ（18）=spot[J,Q,R,S]	フローラ	1
ガラテア（17）=spot[I,T,U,V]	ガラテア	1
I：ガラテア（17）=spot[I,T,U,V]	ガラテア	1
イプシロン（14）=spot[E,H,G,P]	イプシロン	1
L：モレーちゃん	モレーちゃん	1
M：モレー	モレー	1
N：クロード	クロード	1
C：モレーちゃん=spot[C,D]	モレーちゃん	1
騎士達=spot[E,F,G,H,I]	騎士達	1
C：ヒッポリュテ	ヒッポリュテ	1
B：ダ・ヴィンチ？	ダ・ヴィンチ？	1
I：マシュ？	マシュ？	1
F：マシュもどき	マシュもどき	1
E：偽ダ・ヴィンチだった何か	偽ダ・ヴィンチだった何か	1
H：少年の影	少年の影	1
H：奇妙な少年	奇妙な少年	1
E：謎の少年	謎の少年	1
F：謎の少女	謎の少女	1
F：妖艶な少女	妖艶な少女	1
I：挑発的な少女	挑発的な少女	1
H：蠱惑的な少年	蠱惑的な少年	1
I：フランチェスカ・プレラーティ	フランチェスカ・プレラーティ	1
J：フランソワ・プレラーティ	フランソワ・プレラーティ	1
J：フランソワ	フランソワ	1
J：モレーちゃん	モレーちゃん	1
I：一般兵	一般兵	1
弓兵	弓兵	1
U：フランチェスカ	フランチェスカ	1
穢れた騎士達=spot[B,C,D]	穢れた騎士達	1
G：避難民	避難民	1
H：避難民	避難民	1
L：フランチェスカ	フランチェスカ	1
制圧者達=spot[H,I,J]	制圧者達	1
制圧者達=spot[D,E]	制圧者達	1
制圧者達=spot[C,F]	制圧者達	1
E：一般兵=spot[E]	一般兵	1
A：一般兵=spot[A]	一般兵	1
E：一般兵=spot[A]	一般兵	1
一般兵達	一般兵達	1
F：黒獅子	黒獅子	1
S：黒獅子	黒獅子	1
T：フランチェスカ	フランチェスカ	1
O：フランソワ	フランソワ	1
P：フランチェスカ	フランチェスカ	1
A：フランソワ	フランソワ	1
L：黒獅子に非ず	黒獅子に非ず	1
魔物達	魔物達	1
S：血まみれの騎士	血まみれの騎士	1
D：ジョン	ジョン	1
K：サン？	サン？	1
K：ジョン	ジョン	1
ガレス＆マシュ=spot[D,A]	ガレス＆マシュ	1
ダ・ヴィンチ=spot[B,S]	ダ・ヴィンチ	1
B：ジャック・ザ・リッパー	ジャック・ザ・リッパー	1
ジャック・ザ・リッパーズ	ジャック・ザ・リッパーズ	1
デュマの声	デュマの声	1
悪魔オリオン	悪魔オリオン	1
C：アッド	アッド	1
G：アッド	アッド	1
G：お客様Ａ	お客様Ａ	1
H：お客様Ｂ	お客様Ｂ	1
I：お客様Ｃ	お客様Ｃ	1
J：お客様Ｄ	お客様Ｄ	1
G：フランソワ	フランソワ	1
フランソワ？	フランソワ？	1
M：一般兵	一般兵	1
N：一般兵	一般兵	1
O：一般兵	一般兵	1
P：一般兵	一般兵	1
グレイ／異星の神	グレイ／異星の神	1
デメテル・エリニュス／デメテル	デメテル・エリニュス／デメテル	1
ガベージ	ガベージ	1
M：アス	アス	1
K：デュマ	デュマ	1
J：ヒッポリュテ	ヒッポリュテ	1
E：アス	アス	1
デメテル／デメテル・エリニュス	デメテル／デメテル・エリニュス	1
一夜の幻	一夜の幻	1
H：リチャード	リチャード	1
J：ジョン	ジョン	1
G：お客様たち	お客様たち	1
H：お客様たち[FFFFFF]	お客様たち	1
アーサー＆グレイ	アーサー＆グレイ	1
アルトリア＆グレイ	アルトリア＆グレイ	1
C：アーサー=spot[C,A,H]	アーサー	1
アルトリア=spot[C,A,H]	アルトリア	1
オルガマリー=spot[I,M]	オルガマリー	1
A：アス	アス	1
M：岸波白野	岸波白野	1
R：ライネス	ライネス	1
N：アルトリア	アルトリア	1
L：ゴルドルフ	ゴルドルフ	1
B：アルトリア	アルトリア	1
N：アーサー	アーサー	1
チンピラたち	チンピラたち	1
病人	病人	1
怪我人	怪我人	1
デメテル＆デメテル・エリニュス	デメテル＆デメテル・エリニュス	1
M：船員	船員	1
N：船員	船員	1
F：サメ兵士	サメ兵士	1
N：サリエリ	サリエリ	1
B：アス	アス	1
E：ドレイク	ドレイク	1
A：擬機神デメテル・オリジン	擬機神デメテル・オリジン	1
2：ロビンフッド	ロビンフッド	1
2：[#緑茶:ロビンフッド]	[#緑茶:ロビンフッド]	1
